ISO-10303-21;
HEADER;
/* Generated by software containing ST-Developer
 * from STEP Tools, Inc. (www.steptools.com) 
 */

FILE_DESCRIPTION(
/* description */ (''),
/* implementation_level */ '2;1');

FILE_NAME(
/* name */ 'SpectroCube.step',
/* time_stamp */ '2026-05-12T10:09:07+02:00',
/* author */ (''),
/* organization */ (''),
/* preprocessor_version */ 'ST-DEVELOPER v20.1',
/* originating_system */ 'Autodesk Translation Framework v15.8.0.0',
/* authorisation */ '');

FILE_SCHEMA (('AUTOMOTIVE_DESIGN { 1 0 10303 214 3 1 1 }'));
ENDSEC;

DATA;
#10=MECHANICAL_DESIGN_GEOMETRIC_PRESENTATION_REPRESENTATION('',(#146,#147,
#148,#149,#150,#151,#152,#153,#154,#155,#156,#157,#158,#159,#160,#161,#162,
#163,#164,#165,#166,#167,#168,#169,#170,#171,#172,#173,#174,#175,#176,#177,
#178,#179,#180,#181,#182,#183,#184,#185,#186,#187,#188,#189,#190,#191,#192,
#193,#194,#195,#196,#197,#198,#199,#200,#201,#202,#203,#204,#205,#206,#207),
#10792);
#11=CONTEXT_DEPENDENT_OVER_RIDING_STYLED_ITEM('',(#10933),#10851,#207,(#44));
#12=CONTEXT_DEPENDENT_OVER_RIDING_STYLED_ITEM('',(#10934),#10854,#207,(#45,
#39));
#13=CONTEXT_DEPENDENT_OVER_RIDING_STYLED_ITEM('',(#10935),#10855,#207,(#45,
#40));
#14=MAPPED_ITEM('',#15,#5197);
#15=REPRESENTATION_MAP(#5197,#10847);
#16=B_SPLINE_SURFACE_WITH_KNOTS('',3,3,((#8584,#8585,#8586,#8587,#8588,
#8589,#8590,#8591,#8592,#8593,#8594,#8595,#8596,#8597,#8598,#8599,#8600,
#8601,#8602,#8603,#8604,#8605,#8606,#8607,#8608,#8609,#8610,#8611,#8612,
#8613,#8614,#8615,#8616,#8617,#8618,#8619,#8620,#8621,#8622,#8623,#8624,
#8625,#8626,#8627,#8628,#8629,#8630,#8631,#8632,#8633,#8634,#8635,#8636,
#8637,#8638,#8639,#8640,#8641,#8642),(#8643,#8644,#8645,#8646,#8647,#8648,
#8649,#8650,#8651,#8652,#8653,#8654,#8655,#8656,#8657,#8658,#8659,#8660,
#8661,#8662,#8663,#8664,#8665,#8666,#8667,#8668,#8669,#8670,#8671,#8672,
#8673,#8674,#8675,#8676,#8677,#8678,#8679,#8680,#8681,#8682,#8683,#8684,
#8685,#8686,#8687,#8688,#8689,#8690,#8691,#8692,#8693,#8694,#8695,#8696,
#8697,#8698,#8699,#8700,#8701),(#8702,#8703,#8704,#8705,#8706,#8707,#8708,
#8709,#8710,#8711,#8712,#8713,#8714,#8715,#8716,#8717,#8718,#8719,#8720,
#8721,#8722,#8723,#8724,#8725,#8726,#8727,#8728,#8729,#8730,#8731,#8732,
#8733,#8734,#8735,#8736,#8737,#8738,#8739,#8740,#8741,#8742,#8743,#8744,
#8745,#8746,#8747,#8748,#8749,#8750,#8751,#8752,#8753,#8754,#8755,#8756,
#8757,#8758,#8759,#8760),(#8761,#8762,#8763,#8764,#8765,#8766,#8767,#8768,
#8769,#8770,#8771,#8772,#8773,#8774,#8775,#8776,#8777,#8778,#8779,#8780,
#8781,#8782,#8783,#8784,#8785,#8786,#8787,#8788,#8789,#8790,#8791,#8792,
#8793,#8794,#8795,#8796,#8797,#8798,#8799,#8800,#8801,#8802,#8803,#8804,
#8805,#8806,#8807,#8808,#8809,#8810,#8811,#8812,#8813,#8814,#8815,#8816,
#8817,#8818,#8819)),.UNSPECIFIED.,.F.,.F.,.F.,(4,4),(4,1,1,1,1,1,1,1,1,
1,1,1,1,1,1,1,1,1,1,1,1,1,1,1,1,1,1,1,1,1,1,1,1,1,1,1,1,1,1,1,1,1,1,1,1,
1,1,1,1,1,1,1,1,1,1,1,4),(0.,0.044434031417372),(42.6897915112801,43.6792612328437,
44.6687309544073,45.6582006759709,46.6476703975345,47.6371401190981,48.6266098406617,
49.6160795622253,50.6055492837889,51.5950190053525,52.5844887269161,53.5739584484797,
54.5634281700433,55.5528978916069,56.5423676131705,57.5318373347341,58.5213070562977,
59.5107767778613,60.5002464994249,61.4897162209885,62.4791859425521,63.4686556641157,
64.4581253856793,65.4475951072429,66.4370648288065,67.4265345503701,68.4160042719336,
69.4054739934973,70.3949437150608,71.3844134366244,72.373883158188,73.3633528797516,
74.3528226013152,75.3422923228788,76.3317620444424,77.321231766006,78.3107014875696,
79.3001712091332,80.2896409306968,81.2791106522604,82.268580373824,83.2580500953876,
84.2475198169512,85.2369895385148,86.2264592600784,87.215928981642,88.2053987032056,
89.1948684247692,90.1843381463328,91.1738078678964,92.16327758946,93.1527473110236,
94.1422170325872,95.1316867541508,96.1211564757144,97.110626197278,98.1000959188416),
 .UNSPECIFIED.);
#17=B_SPLINE_SURFACE_WITH_KNOTS('',3,3,((#9114,#9115,#9116,#9117,#9118,
#9119,#9120,#9121,#9122,#9123,#9124,#9125,#9126,#9127,#9128,#9129,#9130,
#9131,#9132,#9133,#9134,#9135,#9136,#9137,#9138,#9139,#9140,#9141,#9142,
#9143,#9144,#9145,#9146,#9147,#9148,#9149,#9150,#9151,#9152,#9153,#9154,
#9155,#9156,#9157,#9158,#9159,#9160,#9161,#9162,#9163,#9164,#9165,#9166,
#9167,#9168,#9169,#9170,#9171,#9172),(#9173,#9174,#9175,#9176,#9177,#9178,
#9179,#9180,#9181,#9182,#9183,#9184,#9185,#9186,#9187,#9188,#9189,#9190,
#9191,#9192,#9193,#9194,#9195,#9196,#9197,#9198,#9199,#9200,#9201,#9202,
#9203,#9204,#9205,#9206,#9207,#9208,#9209,#9210,#9211,#9212,#9213,#9214,
#9215,#9216,#9217,#9218,#9219,#9220,#9221,#9222,#9223,#9224,#9225,#9226,
#9227,#9228,#9229,#9230,#9231),(#9232,#9233,#9234,#9235,#9236,#9237,#9238,
#9239,#9240,#9241,#9242,#9243,#9244,#9245,#9246,#9247,#9248,#9249,#9250,
#9251,#9252,#9253,#9254,#9255,#9256,#9257,#9258,#9259,#9260,#9261,#9262,
#9263,#9264,#9265,#9266,#9267,#9268,#9269,#9270,#9271,#9272,#9273,#9274,
#9275,#9276,#9277,#9278,#9279,#9280,#9281,#9282,#9283,#9284,#9285,#9286,
#9287,#9288,#9289,#9290),(#9291,#9292,#9293,#9294,#9295,#9296,#9297,#9298,
#9299,#9300,#9301,#9302,#9303,#9304,#9305,#9306,#9307,#9308,#9309,#9310,
#9311,#9312,#9313,#9314,#9315,#9316,#9317,#9318,#9319,#9320,#9321,#9322,
#9323,#9324,#9325,#9326,#9327,#9328,#9329,#9330,#9331,#9332,#9333,#9334,
#9335,#9336,#9337,#9338,#9339,#9340,#9341,#9342,#9343,#9344,#9345,#9346,
#9347,#9348,#9349)),.UNSPECIFIED.,.F.,.F.,.F.,(4,4),(4,1,1,1,1,1,1,1,1,
1,1,1,1,1,1,1,1,1,1,1,1,1,1,1,1,1,1,1,1,1,1,1,1,1,1,1,1,1,1,1,1,1,1,1,1,
1,1,1,1,1,1,1,1,1,1,1,4),(0.,0.0444340314173721),(46.2090863085556,47.1985560301192,
48.1880257516828,49.1774954732464,50.16696519481,51.1564349163736,52.1459046379372,
53.1353743595008,54.1248440810643,55.1143138026279,56.1037835241915,57.0932532457551,
58.0827229673187,59.0721926888823,60.0616624104459,61.0511321320095,62.0406018535731,
63.0300715751367,64.0195412967003,65.0090110182639,65.9984807398275,66.9879504613911,
67.9774201829547,68.9668899045183,69.9563596260819,70.9458293476455,71.9352990692091,
72.9247687907727,73.9142385123363,74.9037082338999,75.8931779554635,76.8826476770271,
77.8721173985907,78.8615871201543,79.8510568417179,80.8405265632815,81.8299962848451,
82.8194660064087,83.8089357279723,84.7984054495359,85.7878751710995,86.7773448926631,
87.7668146142267,88.7562843357903,89.7457540573539,90.7352237789175,91.7246935004811,
92.7141632220447,93.7036329436083,94.6931026651719,95.6825723867355,96.6720421082991,
97.6615118298627,98.6509815514263,99.6404512729898,100.629920994553,101.619390716117),
 .UNSPECIFIED.);
#18=B_SPLINE_SURFACE_WITH_KNOTS('',3,3,((#9463,#9464,#9465,#9466,#9467,
#9468,#9469,#9470,#9471,#9472,#9473,#9474,#9475,#9476,#9477,#9478,#9479,
#9480,#9481,#9482,#9483,#9484,#9485,#9486,#9487,#9488,#9489,#9490,#9491,
#9492,#9493,#9494,#9495,#9496,#9497,#9498,#9499,#9500,#9501,#9502,#9503,
#9504,#9505,#9506,#9507,#9508,#9509,#9510,#9511,#9512,#9513,#9514),(#9515,
#9516,#9517,#9518,#9519,#9520,#9521,#9522,#9523,#9524,#9525,#9526,#9527,
#9528,#9529,#9530,#9531,#9532,#9533,#9534,#9535,#9536,#9537,#9538,#9539,
#9540,#9541,#9542,#9543,#9544,#9545,#9546,#9547,#9548,#9549,#9550,#9551,
#9552,#9553,#9554,#9555,#9556,#9557,#9558,#9559,#9560,#9561,#9562,#9563,
#9564,#9565,#9566),(#9567,#9568,#9569,#9570,#9571,#9572,#9573,#9574,#9575,
#9576,#9577,#9578,#9579,#9580,#9581,#9582,#9583,#9584,#9585,#9586,#9587,
#9588,#9589,#9590,#9591,#9592,#9593,#9594,#9595,#9596,#9597,#9598,#9599,
#9600,#9601,#9602,#9603,#9604,#9605,#9606,#9607,#9608,#9609,#9610,#9611,
#9612,#9613,#9614,#9615,#9616,#9617,#9618),(#9619,#9620,#9621,#9622,#9623,
#9624,#9625,#9626,#9627,#9628,#9629,#9630,#9631,#9632,#9633,#9634,#9635,
#9636,#9637,#9638,#9639,#9640,#9641,#9642,#9643,#9644,#9645,#9646,#9647,
#9648,#9649,#9650,#9651,#9652,#9653,#9654,#9655,#9656,#9657,#9658,#9659,
#9660,#9661,#9662,#9663,#9664,#9665,#9666,#9667,#9668,#9669,#9670)),
 .UNSPECIFIED.,.F.,.F.,.F.,(4,4),(4,1,1,1,1,1,1,1,1,1,1,1,1,1,1,1,1,1,1,
1,1,1,1,1,1,1,1,1,1,1,1,1,1,1,1,1,1,1,1,1,1,1,1,1,1,1,1,1,1,4),(0.,0.0674576054521159),
(7.06858347057701,7.56357224237482,8.05856101417262,9.04853855776823,10.0385161013638,
11.0284936449594,12.018471188555,13.0084487321507,13.9984262757463,14.9884038193419,
15.9783813629375,16.9683589065331,17.9583364501287,18.9483139937243,19.9382915373199,
20.9282690809155,21.9182466245111,22.9082241681067,23.8982017117023,24.8881792552979,
25.8781567988935,26.8681343424892,27.8581118860848,28.8480894296804,29.838066973276,
30.8280445168716,31.8180220604672,32.8079996040628,33.7979771476584,34.787954691254,
35.7779322348496,36.7679097784452,37.7578873220408,38.7478648656364,39.737842409232,
40.7278199528276,41.7177974964233,42.7077750400189,43.6977525836145,44.6877301272101,
45.6777076708057,46.6676852144013,47.6576627579969,48.6476403015925,49.6376178451881,
50.6275953887837,51.6175729323793,52.6075504759749,53.1025392477727,53.5975280195705),
 .UNSPECIFIED.);
#19=B_SPLINE_SURFACE_WITH_KNOTS('',3,3,((#9889,#9890,#9891,#9892,#9893,
#9894,#9895,#9896,#9897,#9898,#9899,#9900,#9901,#9902,#9903,#9904,#9905,
#9906,#9907,#9908,#9909,#9910,#9911,#9912,#9913,#9914,#9915,#9916,#9917,
#9918,#9919,#9920,#9921,#9922,#9923,#9924,#9925,#9926,#9927,#9928,#9929,
#9930,#9931,#9932,#9933,#9934,#9935,#9936,#9937,#9938,#9939,#9940),(#9941,
#9942,#9943,#9944,#9945,#9946,#9947,#9948,#9949,#9950,#9951,#9952,#9953,
#9954,#9955,#9956,#9957,#9958,#9959,#9960,#9961,#9962,#9963,#9964,#9965,
#9966,#9967,#9968,#9969,#9970,#9971,#9972,#9973,#9974,#9975,#9976,#9977,
#9978,#9979,#9980,#9981,#9982,#9983,#9984,#9985,#9986,#9987,#9988,#9989,
#9990,#9991,#9992),(#9993,#9994,#9995,#9996,#9997,#9998,#9999,#10000,#10001,
#10002,#10003,#10004,#10005,#10006,#10007,#10008,#10009,#10010,#10011,#10012,
#10013,#10014,#10015,#10016,#10017,#10018,#10019,#10020,#10021,#10022,#10023,
#10024,#10025,#10026,#10027,#10028,#10029,#10030,#10031,#10032,#10033,#10034,
#10035,#10036,#10037,#10038,#10039,#10040,#10041,#10042,#10043,#10044),
(#10045,#10046,#10047,#10048,#10049,#10050,#10051,#10052,#10053,#10054,
#10055,#10056,#10057,#10058,#10059,#10060,#10061,#10062,#10063,#10064,#10065,
#10066,#10067,#10068,#10069,#10070,#10071,#10072,#10073,#10074,#10075,#10076,
#10077,#10078,#10079,#10080,#10081,#10082,#10083,#10084,#10085,#10086,#10087,
#10088,#10089,#10090,#10091,#10092,#10093,#10094,#10095,#10096)),
 .UNSPECIFIED.,.F.,.F.,.F.,(4,4),(4,1,1,1,1,1,1,1,1,1,1,1,1,1,1,1,1,1,1,
1,1,1,1,1,1,1,1,1,1,1,1,1,1,1,1,1,1,1,1,1,1,1,1,1,1,1,1,1,1,4),(0.,0.0674576054521159),
(10.5639361162446,11.0589248880424,11.5539136598402,12.5438912034358,13.5338687470314,
14.523846290627,15.5138238342226,16.5038013778182,17.4937789214138,18.4837564650094,
19.473734008605,20.4637115522006,21.4536890957962,22.4436666393919,23.4336441829875,
24.4236217265831,25.4135992701787,26.4035768137743,27.3935543573699,28.3835319009655,
29.3735094445611,30.3634869881567,31.3534645317523,32.3434420753479,33.3334196189435,
34.3233971625391,35.3133747061347,36.3033522497304,37.293329793326,38.2833073369216,
39.2732848805172,40.2632624241128,41.2532399677084,42.243217511304,43.2331950548996,
44.2231725984952,45.2131501420908,46.2031276856864,47.193105229282,48.1830827728776,
49.1730603164732,50.1630378600688,51.1530154036645,52.1429929472601,53.1329704908557,
54.1229480344513,55.1129255780469,56.1029031216425,56.5978918934403,57.0928806652381),
 .UNSPECIFIED.);
#20=ITEM_DEFINED_TRANSFORMATION($,$,#4904,#4918);
#21=ITEM_DEFINED_TRANSFORMATION($,$,#4920,#5003);
#22=ITEM_DEFINED_TRANSFORMATION($,$,#4930,#5004);
#23=ITEM_DEFINED_TRANSFORMATION($,$,#4646,#5182);
#24=ITEM_DEFINED_TRANSFORMATION($,$,#4741,#5183);
#25=ITEM_DEFINED_TRANSFORMATION($,$,#4792,#5184);
#26=ITEM_DEFINED_TRANSFORMATION($,$,#4903,#5185);
#27=ITEM_DEFINED_TRANSFORMATION($,$,#4919,#5186);
#28=ITEM_DEFINED_TRANSFORMATION($,$,#5005,#5187);
#29=ITEM_DEFINED_TRANSFORMATION($,$,#5065,#5188);
#30=ITEM_DEFINED_TRANSFORMATION($,$,#5026,#5189);
#31=ITEM_DEFINED_TRANSFORMATION($,$,#5059,#5190);
#32=ITEM_DEFINED_TRANSFORMATION($,$,#5065,#5191);
#33=ITEM_DEFINED_TRANSFORMATION($,$,#5065,#5192);
#34=ITEM_DEFINED_TRANSFORMATION($,$,#5065,#5193);
#35=ITEM_DEFINED_TRANSFORMATION($,$,#5098,#5194);
#36=ITEM_DEFINED_TRANSFORMATION($,$,#5112,#5195);
#37=ITEM_DEFINED_TRANSFORMATION($,$,#5145,#5196);
#38=(
REPRESENTATION_RELATIONSHIP($,$,#10852,#10851)
REPRESENTATION_RELATIONSHIP_WITH_TRANSFORMATION(#20)
SHAPE_REPRESENTATION_RELATIONSHIP()
);
#39=(
REPRESENTATION_RELATIONSHIP($,$,#10854,#10853)
REPRESENTATION_RELATIONSHIP_WITH_TRANSFORMATION(#21)
SHAPE_REPRESENTATION_RELATIONSHIP()
);
#40=(
REPRESENTATION_RELATIONSHIP($,$,#10855,#10853)
REPRESENTATION_RELATIONSHIP_WITH_TRANSFORMATION(#22)
SHAPE_REPRESENTATION_RELATIONSHIP()
);
#41=(
REPRESENTATION_RELATIONSHIP($,$,#10848,#10847)
REPRESENTATION_RELATIONSHIP_WITH_TRANSFORMATION(#23)
SHAPE_REPRESENTATION_RELATIONSHIP()
);
#42=(
REPRESENTATION_RELATIONSHIP($,$,#10849,#10847)
REPRESENTATION_RELATIONSHIP_WITH_TRANSFORMATION(#24)
SHAPE_REPRESENTATION_RELATIONSHIP()
);
#43=(
REPRESENTATION_RELATIONSHIP($,$,#10850,#10847)
REPRESENTATION_RELATIONSHIP_WITH_TRANSFORMATION(#25)
SHAPE_REPRESENTATION_RELATIONSHIP()
);
#44=(
REPRESENTATION_RELATIONSHIP($,$,#10851,#10847)
REPRESENTATION_RELATIONSHIP_WITH_TRANSFORMATION(#26)
SHAPE_REPRESENTATION_RELATIONSHIP()
);
#45=(
REPRESENTATION_RELATIONSHIP($,$,#10853,#10847)
REPRESENTATION_RELATIONSHIP_WITH_TRANSFORMATION(#27)
SHAPE_REPRESENTATION_RELATIONSHIP()
);
#46=(
REPRESENTATION_RELATIONSHIP($,$,#10856,#10847)
REPRESENTATION_RELATIONSHIP_WITH_TRANSFORMATION(#28)
SHAPE_REPRESENTATION_RELATIONSHIP()
);
#47=(
REPRESENTATION_RELATIONSHIP($,$,#10859,#10847)
REPRESENTATION_RELATIONSHIP_WITH_TRANSFORMATION(#29)
SHAPE_REPRESENTATION_RELATIONSHIP()
);
#48=(
REPRESENTATION_RELATIONSHIP($,$,#10857,#10847)
REPRESENTATION_RELATIONSHIP_WITH_TRANSFORMATION(#30)
SHAPE_REPRESENTATION_RELATIONSHIP()
);
#49=(
REPRESENTATION_RELATIONSHIP($,$,#10858,#10847)
REPRESENTATION_RELATIONSHIP_WITH_TRANSFORMATION(#31)
SHAPE_REPRESENTATION_RELATIONSHIP()
);
#50=(
REPRESENTATION_RELATIONSHIP($,$,#10859,#10847)
REPRESENTATION_RELATIONSHIP_WITH_TRANSFORMATION(#32)
SHAPE_REPRESENTATION_RELATIONSHIP()
);
#51=(
REPRESENTATION_RELATIONSHIP($,$,#10859,#10847)
REPRESENTATION_RELATIONSHIP_WITH_TRANSFORMATION(#33)
SHAPE_REPRESENTATION_RELATIONSHIP()
);
#52=(
REPRESENTATION_RELATIONSHIP($,$,#10859,#10847)
REPRESENTATION_RELATIONSHIP_WITH_TRANSFORMATION(#34)
SHAPE_REPRESENTATION_RELATIONSHIP()
);
#53=(
REPRESENTATION_RELATIONSHIP($,$,#10860,#10847)
REPRESENTATION_RELATIONSHIP_WITH_TRANSFORMATION(#35)
SHAPE_REPRESENTATION_RELATIONSHIP()
);
#54=(
REPRESENTATION_RELATIONSHIP($,$,#10861,#10847)
REPRESENTATION_RELATIONSHIP_WITH_TRANSFORMATION(#36)
SHAPE_REPRESENTATION_RELATIONSHIP()
);
#55=(
REPRESENTATION_RELATIONSHIP($,$,#10862,#10847)
REPRESENTATION_RELATIONSHIP_WITH_TRANSFORMATION(#37)
SHAPE_REPRESENTATION_RELATIONSHIP()
);
#56=CONTEXT_DEPENDENT_SHAPE_REPRESENTATION(#38,#10819);
#57=CONTEXT_DEPENDENT_SHAPE_REPRESENTATION(#39,#10823);
#58=CONTEXT_DEPENDENT_SHAPE_REPRESENTATION(#40,#10824);
#59=CONTEXT_DEPENDENT_SHAPE_REPRESENTATION(#41,#10832);
#60=CONTEXT_DEPENDENT_SHAPE_REPRESENTATION(#42,#10833);
#61=CONTEXT_DEPENDENT_SHAPE_REPRESENTATION(#43,#10834);
#62=CONTEXT_DEPENDENT_SHAPE_REPRESENTATION(#44,#10835);
#63=CONTEXT_DEPENDENT_SHAPE_REPRESENTATION(#45,#10836);
#64=CONTEXT_DEPENDENT_SHAPE_REPRESENTATION(#46,#10837);
#65=CONTEXT_DEPENDENT_SHAPE_REPRESENTATION(#47,#10838);
#66=CONTEXT_DEPENDENT_SHAPE_REPRESENTATION(#48,#10839);
#67=CONTEXT_DEPENDENT_SHAPE_REPRESENTATION(#49,#10840);
#68=CONTEXT_DEPENDENT_SHAPE_REPRESENTATION(#50,#10841);
#69=CONTEXT_DEPENDENT_SHAPE_REPRESENTATION(#51,#10842);
#70=CONTEXT_DEPENDENT_SHAPE_REPRESENTATION(#52,#10843);
#71=CONTEXT_DEPENDENT_SHAPE_REPRESENTATION(#53,#10844);
#72=CONTEXT_DEPENDENT_SHAPE_REPRESENTATION(#54,#10845);
#73=CONTEXT_DEPENDENT_SHAPE_REPRESENTATION(#55,#10846);
#74=NEXT_ASSEMBLY_USAGE_OCCURRENCE('Cathode:1','Cathode:1','Cathode:1',
#10868,#10869,'Cathode:1');
#75=NEXT_ASSEMBLY_USAGE_OCCURRENCE('Component1:1','Component1:1',
'Component1:1',#10870,#10871,'Component1:1');
#76=NEXT_ASSEMBLY_USAGE_OCCURRENCE('Component2:1','Component2:1',
'Component2:1',#10870,#10872,'Component2:1');
#77=NEXT_ASSEMBLY_USAGE_OCCURRENCE('VACOM_303423_ZL063016-316LNS:2',
'VACOM_303423_ZL063016-316LNS:2','VACOM_303423_ZL063016-316LNS:2',#10864,
#10865,'VACOM_303423_ZL063016-316LNS:2');
#78=NEXT_ASSEMBLY_USAGE_OCCURRENCE('VACOM_300885_F63-304:1',
'VACOM_300885_F63-304:1','VACOM_300885_F63-304:1',#10864,#10866,
'VACOM_300885_F63-304:1');
#79=NEXT_ASSEMBLY_USAGE_OCCURRENCE('VACOM_303423_ZL063016-316LNS v1:1',
'VACOM_303423_ZL063016-316LNS v1:1','VACOM_303423_ZL063016-316LNS v1:1',
#10864,#10867,'VACOM_303423_ZL063016-316LNS v1:1');
#80=NEXT_ASSEMBLY_USAGE_OCCURRENCE('CathodeRing:1','CathodeRing:1',
'CathodeRing:1',#10864,#10868,'CathodeRing:1');
#81=NEXT_ASSEMBLY_USAGE_OCCURRENCE('CollimatingLens:1',
'CollimatingLens:1','CollimatingLens:1',#10864,#10870,
'CollimatingLens:1');
#82=NEXT_ASSEMBLY_USAGE_OCCURRENCE('Pillars:1','Pillars:1','Pillars:1',
#10864,#10873,'Pillars:1');
#83=NEXT_ASSEMBLY_USAGE_OCCURRENCE('HolderRing:1','HolderRing:1',
'HolderRing:1',#10864,#10876,'HolderRing:1');
#84=NEXT_ASSEMBLY_USAGE_OCCURRENCE('CollimatingLensHolder (1):1',
'CollimatingLensHolder (1):1','CollimatingLensHolder (1):1',#10864,#10874,
'CollimatingLensHolder (1):1');
#85=NEXT_ASSEMBLY_USAGE_OCCURRENCE('AnodeWindow:1','AnodeWindow:1',
'AnodeWindow:1',#10864,#10875,'AnodeWindow:1');
#86=NEXT_ASSEMBLY_USAGE_OCCURRENCE('HolderRing:2','HolderRing:2',
'HolderRing:2',#10864,#10876,'HolderRing:2');
#87=NEXT_ASSEMBLY_USAGE_OCCURRENCE('HolderRing:3','HolderRing:3',
'HolderRing:3',#10864,#10876,'HolderRing:3');
#88=NEXT_ASSEMBLY_USAGE_OCCURRENCE('HolderRing:4','HolderRing:4',
'HolderRing:4',#10864,#10876,'HolderRing:4');
#89=NEXT_ASSEMBLY_USAGE_OCCURRENCE('ContactPCB:1','ContactPCB:1',
'ContactPCB:1',#10864,#10877,'ContactPCB:1');
#90=NEXT_ASSEMBLY_USAGE_OCCURRENCE('HolderRing-1inchCrystal (1):1',
'HolderRing-1inchCrystal (1):1','HolderRing-1inchCrystal (1):1',#10864,
#10878,'HolderRing-1inchCrystal (1):1');
#91=NEXT_ASSEMBLY_USAGE_OCCURRENCE('HolderRing-1inchInset:1',
'HolderRing-1inchInset:1','HolderRing-1inchInset:1',#10864,#10879,
'HolderRing-1inchInset:1');
#92=SHAPE_REPRESENTATION_RELATIONSHIP('SRR','None',#10848,#106);
#93=SHAPE_REPRESENTATION_RELATIONSHIP('SRR','None',#10849,#107);
#94=SHAPE_REPRESENTATION_RELATIONSHIP('SRR','None',#10850,#108);
#95=SHAPE_REPRESENTATION_RELATIONSHIP('SRR','None',#10852,#109);
#96=SHAPE_REPRESENTATION_RELATIONSHIP('SRR','None',#10851,#110);
#97=SHAPE_REPRESENTATION_RELATIONSHIP('SRR','None',#10854,#111);
#98=SHAPE_REPRESENTATION_RELATIONSHIP('SRR','None',#10855,#112);
#99=SHAPE_REPRESENTATION_RELATIONSHIP('SRR','None',#10856,#113);
#100=SHAPE_REPRESENTATION_RELATIONSHIP('SRR','None',#10857,#114);
#101=SHAPE_REPRESENTATION_RELATIONSHIP('SRR','None',#10858,#115);
#102=SHAPE_REPRESENTATION_RELATIONSHIP('SRR','None',#10859,#116);
#103=SHAPE_REPRESENTATION_RELATIONSHIP('SRR','None',#10860,#117);
#104=SHAPE_REPRESENTATION_RELATIONSHIP('SRR','None',#10861,#118);
#105=SHAPE_REPRESENTATION_RELATIONSHIP('SRR','None',#10862,#119);
#106=ADVANCED_BREP_SHAPE_REPRESENTATION('',(#120),#10777);
#107=ADVANCED_BREP_SHAPE_REPRESENTATION('',(#121),#10778);
#108=ADVANCED_BREP_SHAPE_REPRESENTATION('',(#122),#10779);
#109=ADVANCED_BREP_SHAPE_REPRESENTATION('',(#123),#10781);
#110=ADVANCED_BREP_SHAPE_REPRESENTATION('',(#124),#10780);
#111=ADVANCED_BREP_SHAPE_REPRESENTATION('',(#125),#10783);
#112=ADVANCED_BREP_SHAPE_REPRESENTATION('',(#126),#10784);
#113=ADVANCED_BREP_SHAPE_REPRESENTATION('',(#127,#128,#129,#130),#10785);
#114=ADVANCED_BREP_SHAPE_REPRESENTATION('',(#131),#10786);
#115=ADVANCED_BREP_SHAPE_REPRESENTATION('',(#132),#10787);
#116=ADVANCED_BREP_SHAPE_REPRESENTATION('',(#133),#10788);
#117=ADVANCED_BREP_SHAPE_REPRESENTATION('',(#134),#10789);
#118=ADVANCED_BREP_SHAPE_REPRESENTATION('',(#135),#10790);
#119=ADVANCED_BREP_SHAPE_REPRESENTATION('',(#136),#10791);
#120=MANIFOLD_SOLID_BREP('Body1',#4484);
#121=MANIFOLD_SOLID_BREP('Body1',#4485);
#122=MANIFOLD_SOLID_BREP('Body1',#4486);
#123=MANIFOLD_SOLID_BREP('Body1',#4487);
#124=MANIFOLD_SOLID_BREP('Body1',#4488);
#125=MANIFOLD_SOLID_BREP('Body1',#4489);
#126=MANIFOLD_SOLID_BREP('Body1',#4490);
#127=MANIFOLD_SOLID_BREP('Body1',#4491);
#128=MANIFOLD_SOLID_BREP('Body2',#4492);
#129=MANIFOLD_SOLID_BREP('Body3',#4493);
#130=MANIFOLD_SOLID_BREP('Body4',#4494);
#131=MANIFOLD_SOLID_BREP('Body1',#4495);
#132=MANIFOLD_SOLID_BREP('Body1',#4496);
#133=MANIFOLD_SOLID_BREP('Body1',#4497);
#134=MANIFOLD_SOLID_BREP('Body1',#4498);
#135=MANIFOLD_SOLID_BREP('Body1',#4499);
#136=MANIFOLD_SOLID_BREP('Body1',#4500);
#137=TOROIDAL_SURFACE('',#4703,56.65,0.5);
#138=TOROIDAL_SURFACE('',#4731,56.65,0.5);
#139=TOROIDAL_SURFACE('',#4738,56.65,0.5);
#140=TOROIDAL_SURFACE('',#4754,56.65,0.5);
#141=TOROIDAL_SURFACE('',#4782,56.65,0.5);
#142=TOROIDAL_SURFACE('',#4789,56.65,0.5);
#143=TOROIDAL_SURFACE('',#4828,56.65,0.5);
#144=TOROIDAL_SURFACE('',#4832,56.65,0.5);
#145=TOROIDAL_SURFACE('',#4897,56.65,0.5);
#146=STYLED_ITEM('',(#10937),#4250);
#147=STYLED_ITEM('',(#10937),#4251);
#148=STYLED_ITEM('',(#10937),#4252);
#149=STYLED_ITEM('',(#10937),#4253);
#150=STYLED_ITEM('',(#10937),#4254);
#151=STYLED_ITEM('',(#10937),#4255);
#152=STYLED_ITEM('',(#10937),#4256);
#153=STYLED_ITEM('',(#10937),#4257);
#154=STYLED_ITEM('',(#10937),#4258);
#155=STYLED_ITEM('',(#10937),#4259);
#156=STYLED_ITEM('',(#10937),#4260);
#157=STYLED_ITEM('',(#10937),#4261);
#158=STYLED_ITEM('',(#10937),#4262);
#159=STYLED_ITEM('',(#10937),#4263);
#160=STYLED_ITEM('',(#10937),#4264);
#161=STYLED_ITEM('',(#10937),#4265);
#162=STYLED_ITEM('',(#10937),#4266);
#163=STYLED_ITEM('',(#10937),#4267);
#164=STYLED_ITEM('',(#10937),#4268);
#165=STYLED_ITEM('',(#10937),#4269);
#166=STYLED_ITEM('',(#10937),#4270);
#167=STYLED_ITEM('',(#10936),#120);
#168=STYLED_ITEM('',(#10936),#121);
#169=STYLED_ITEM('',(#10937),#4301);
#170=STYLED_ITEM('',(#10937),#4302);
#171=STYLED_ITEM('',(#10937),#4304);
#172=STYLED_ITEM('',(#10937),#4306);
#173=STYLED_ITEM('',(#10937),#4308);
#174=STYLED_ITEM('',(#10937),#4309);
#175=STYLED_ITEM('',(#10937),#4310);
#176=STYLED_ITEM('',(#10937),#4311);
#177=STYLED_ITEM('',(#10937),#4312);
#178=STYLED_ITEM('',(#10937),#4313);
#179=STYLED_ITEM('',(#10937),#4320);
#180=STYLED_ITEM('',(#10937),#4321);
#181=STYLED_ITEM('',(#10937),#4322);
#182=STYLED_ITEM('',(#10937),#4323);
#183=STYLED_ITEM('',(#10937),#4324);
#184=STYLED_ITEM('',(#10937),#4325);
#185=STYLED_ITEM('',(#10937),#4326);
#186=STYLED_ITEM('',(#10937),#4327);
#187=STYLED_ITEM('',(#10937),#4328);
#188=STYLED_ITEM('',(#10937),#4339);
#189=STYLED_ITEM('',(#10937),#4340);
#190=STYLED_ITEM('',(#10936),#122);
#191=STYLED_ITEM('',(#10931),#123);
#192=STYLED_ITEM('',(#10933),#124);
#193=STYLED_ITEM('',(#10934),#125);
#194=STYLED_ITEM('',(#10933),#4398);
#195=STYLED_ITEM('',(#10933),#4399);
#196=STYLED_ITEM('',(#10935),#126);
#197=STYLED_ITEM('',(#10938),#127);
#198=STYLED_ITEM('',(#10938),#128);
#199=STYLED_ITEM('',(#10938),#129);
#200=STYLED_ITEM('',(#10938),#130);
#201=STYLED_ITEM('',(#10938),#131);
#202=STYLED_ITEM('',(#10939),#132);
#203=STYLED_ITEM('',(#10938),#133);
#204=STYLED_ITEM('',(#10940),#134);
#205=STYLED_ITEM('',(#10938),#135);
#206=STYLED_ITEM('',(#10938),#136);
#207=STYLED_ITEM('',(#10941),#14);
#208=FACE_BOUND('',#1406,.T.);
#209=FACE_BOUND('',#1411,.T.);
#210=FACE_BOUND('',#1412,.T.);
#211=FACE_BOUND('',#1413,.T.);
#212=FACE_BOUND('',#1414,.T.);
#213=FACE_BOUND('',#1428,.T.);
#214=FACE_BOUND('',#1432,.T.);
#215=FACE_BOUND('',#1433,.T.);
#216=FACE_BOUND('',#1434,.T.);
#217=FACE_BOUND('',#1435,.T.);
#218=FACE_BOUND('',#1436,.T.);
#219=FACE_BOUND('',#1437,.T.);
#220=FACE_BOUND('',#1438,.T.);
#221=FACE_BOUND('',#1439,.T.);
#222=FACE_BOUND('',#1440,.T.);
#223=FACE_BOUND('',#1441,.T.);
#224=FACE_BOUND('',#1442,.T.);
#225=FACE_BOUND('',#1443,.T.);
#226=FACE_BOUND('',#1444,.T.);
#227=FACE_BOUND('',#1445,.T.);
#228=FACE_BOUND('',#1446,.T.);
#229=FACE_BOUND('',#1449,.T.);
#230=FACE_BOUND('',#1450,.T.);
#231=FACE_BOUND('',#1451,.T.);
#232=FACE_BOUND('',#1452,.T.);
#233=FACE_BOUND('',#1456,.T.);
#234=FACE_BOUND('',#1457,.T.);
#235=FACE_BOUND('',#1458,.T.);
#236=FACE_BOUND('',#1459,.T.);
#237=FACE_BOUND('',#1476,.T.);
#238=FACE_BOUND('',#1477,.T.);
#239=FACE_BOUND('',#1478,.T.);
#240=FACE_BOUND('',#1479,.T.);
#241=FACE_BOUND('',#1480,.T.);
#242=FACE_BOUND('',#1481,.T.);
#243=FACE_BOUND('',#1482,.T.);
#244=FACE_BOUND('',#1483,.T.);
#245=FACE_BOUND('',#1486,.T.);
#246=FACE_BOUND('',#1487,.T.);
#247=FACE_BOUND('',#1488,.T.);
#248=FACE_BOUND('',#1489,.T.);
#249=FACE_BOUND('',#1500,.T.);
#250=FACE_BOUND('',#1501,.T.);
#251=FACE_BOUND('',#1502,.T.);
#252=FACE_BOUND('',#1503,.T.);
#253=FACE_BOUND('',#1504,.T.);
#254=FACE_BOUND('',#1509,.T.);
#255=FACE_BOUND('',#1517,.T.);
#256=FACE_BOUND('',#1518,.T.);
#257=FACE_BOUND('',#1519,.T.);
#258=FACE_BOUND('',#1520,.T.);
#259=FACE_BOUND('',#1522,.T.);
#260=FACE_BOUND('',#1523,.T.);
#261=FACE_BOUND('',#1524,.T.);
#262=FACE_BOUND('',#1525,.T.);
#263=FACE_BOUND('',#1553,.T.);
#264=FACE_BOUND('',#1554,.T.);
#265=FACE_BOUND('',#1555,.T.);
#266=FACE_BOUND('',#1556,.T.);
#267=FACE_BOUND('',#1557,.T.);
#268=FACE_BOUND('',#1558,.T.);
#269=FACE_BOUND('',#1559,.T.);
#270=FACE_BOUND('',#1560,.T.);
#271=FACE_BOUND('',#1561,.T.);
#272=FACE_BOUND('',#1562,.T.);
#273=FACE_BOUND('',#1563,.T.);
#274=FACE_BOUND('',#1564,.T.);
#275=FACE_BOUND('',#1565,.T.);
#276=FACE_BOUND('',#1566,.T.);
#277=FACE_BOUND('',#1567,.T.);
#278=FACE_BOUND('',#1575,.T.);
#279=FACE_BOUND('',#1577,.T.);
#280=FACE_BOUND('',#1580,.T.);
#281=FACE_BOUND('',#1618,.T.);
#282=FACE_BOUND('',#1632,.T.);
#283=FACE_BOUND('',#1634,.T.);
#284=FACE_BOUND('',#1636,.T.);
#285=FACE_BOUND('',#1638,.T.);
#286=FACE_BOUND('',#1643,.T.);
#287=FACE_BOUND('',#1671,.T.);
#288=FACE_BOUND('',#1672,.T.);
#289=FACE_BOUND('',#1673,.T.);
#290=FACE_BOUND('',#1674,.T.);
#291=FACE_BOUND('',#1675,.T.);
#292=FACE_BOUND('',#1676,.T.);
#293=FACE_BOUND('',#1677,.T.);
#294=FACE_BOUND('',#1678,.T.);
#295=FACE_BOUND('',#1679,.T.);
#296=FACE_BOUND('',#1681,.T.);
#297=FACE_BOUND('',#1682,.T.);
#298=FACE_BOUND('',#1683,.T.);
#299=FACE_BOUND('',#1684,.T.);
#300=FACE_BOUND('',#1685,.T.);
#301=FACE_BOUND('',#1686,.T.);
#302=FACE_BOUND('',#1687,.T.);
#303=FACE_BOUND('',#1688,.T.);
#304=FACE_BOUND('',#1689,.T.);
#305=FACE_BOUND('',#1704,.T.);
#306=FACE_BOUND('',#1705,.T.);
#307=FACE_BOUND('',#1706,.T.);
#308=FACE_BOUND('',#1707,.T.);
#309=FACE_BOUND('',#1708,.T.);
#310=FACE_BOUND('',#1709,.T.);
#311=FACE_BOUND('',#1710,.T.);
#312=FACE_BOUND('',#1711,.T.);
#313=FACE_BOUND('',#1712,.T.);
#314=FACE_BOUND('',#1714,.T.);
#315=FACE_BOUND('',#1715,.T.);
#316=FACE_BOUND('',#1716,.T.);
#317=FACE_BOUND('',#1717,.T.);
#318=FACE_BOUND('',#1718,.T.);
#319=FACE_BOUND('',#1719,.T.);
#320=FACE_BOUND('',#1720,.T.);
#321=FACE_BOUND('',#1721,.T.);
#322=FACE_BOUND('',#1722,.T.);
#323=FACE_BOUND('',#1729,.T.);
#324=FACE_BOUND('',#1731,.T.);
#325=FACE_BOUND('',#1743,.T.);
#326=FACE_BOUND('',#1744,.T.);
#327=FACE_BOUND('',#1745,.T.);
#328=FACE_BOUND('',#1746,.T.);
#329=FACE_BOUND('',#1747,.T.);
#330=FACE_BOUND('',#1748,.T.);
#331=FACE_BOUND('',#1749,.T.);
#332=FACE_BOUND('',#1750,.T.);
#333=FACE_BOUND('',#1751,.T.);
#334=FACE_BOUND('',#1753,.T.);
#335=FACE_BOUND('',#1754,.T.);
#336=FACE_BOUND('',#1755,.T.);
#337=FACE_BOUND('',#1756,.T.);
#338=FACE_BOUND('',#1757,.T.);
#339=FACE_BOUND('',#1758,.T.);
#340=FACE_BOUND('',#1759,.T.);
#341=FACE_BOUND('',#1760,.T.);
#342=FACE_BOUND('',#1761,.T.);
#343=FACE_BOUND('',#1763,.T.);
#344=FACE_BOUND('',#1764,.T.);
#345=FACE_BOUND('',#1765,.T.);
#346=FACE_BOUND('',#1766,.T.);
#347=FACE_BOUND('',#1767,.T.);
#348=FACE_BOUND('',#1768,.T.);
#349=FACE_BOUND('',#1769,.T.);
#350=FACE_BOUND('',#1770,.T.);
#351=FACE_BOUND('',#1771,.T.);
#352=FACE_BOUND('',#1774,.T.);
#353=FACE_BOUND('',#1786,.T.);
#354=FACE_BOUND('',#1787,.T.);
#355=FACE_BOUND('',#1788,.T.);
#356=FACE_BOUND('',#1789,.T.);
#357=FACE_BOUND('',#1790,.T.);
#358=FACE_BOUND('',#1791,.T.);
#359=FACE_BOUND('',#1792,.T.);
#360=FACE_BOUND('',#1793,.T.);
#361=FACE_BOUND('',#1794,.T.);
#362=PLANE('',#4689);
#363=PLANE('',#4697);
#364=PLANE('',#4730);
#365=PLANE('',#4737);
#366=PLANE('',#4740);
#367=PLANE('',#4748);
#368=PLANE('',#4781);
#369=PLANE('',#4788);
#370=PLANE('',#4791);
#371=PLANE('',#4796);
#372=PLANE('',#4800);
#373=PLANE('',#4804);
#374=PLANE('',#4808);
#375=PLANE('',#4811);
#376=PLANE('',#4820);
#377=PLANE('',#4836);
#378=PLANE('',#4841);
#379=PLANE('',#4900);
#380=PLANE('',#4908);
#381=PLANE('',#4909);
#382=PLANE('',#4916);
#383=PLANE('',#4917);
#384=PLANE('',#4924);
#385=PLANE('',#4926);
#386=PLANE('',#4929);
#387=PLANE('',#4973);
#388=PLANE('',#4977);
#389=PLANE('',#4988);
#390=PLANE('',#4989);
#391=PLANE('',#4990);
#392=PLANE('',#4992);
#393=PLANE('',#4993);
#394=PLANE('',#4994);
#395=PLANE('',#4995);
#396=PLANE('',#4996);
#397=PLANE('',#4997);
#398=PLANE('',#4999);
#399=PLANE('',#5000);
#400=PLANE('',#5001);
#401=PLANE('',#5006);
#402=PLANE('',#5008);
#403=PLANE('',#5011);
#404=PLANE('',#5013);
#405=PLANE('',#5016);
#406=PLANE('',#5018);
#407=PLANE('',#5021);
#408=PLANE('',#5023);
#409=PLANE('',#5057);
#410=PLANE('',#5058);
#411=PLANE('',#5063);
#412=PLANE('',#5064);
#413=PLANE('',#5096);
#414=PLANE('',#5097);
#415=PLANE('',#5102);
#416=PLANE('',#5106);
#417=PLANE('',#5110);
#418=PLANE('',#5111);
#419=PLANE('',#5143);
#420=PLANE('',#5144);
#421=PLANE('',#5146);
#422=PLANE('',#5159);
#423=PLANE('',#5181);
#424=CONICAL_SURFACE('',#4659,0.8105,1.02974425867665);
#425=CONICAL_SURFACE('',#4663,0.8105,1.02974425867665);
#426=CONICAL_SURFACE('',#4667,0.8105,1.02974425867665);
#427=CONICAL_SURFACE('',#4671,0.8105,1.02974425867665);
#428=CONICAL_SURFACE('',#4675,0.8105,1.02974425867665);
#429=CONICAL_SURFACE('',#4679,0.8105,1.02974425867665);
#430=CONICAL_SURFACE('',#4686,9.15000000000001,0.349065850398866);
#431=CONICAL_SURFACE('',#4690,10.75,1.22173047639603);
#432=CONICAL_SURFACE('',#4726,39.95,1.22173047639603);
#433=CONICAL_SURFACE('',#4728,38.4908089297201,0.349065850398878);
#434=CONICAL_SURFACE('',#4777,39.975,1.22173047639603);
#435=CONICAL_SURFACE('',#4779,38.4908089297201,0.349065850398868);
#436=CONICAL_SURFACE('',#4809,0.8105,1.02974425867665);
#437=CONICAL_SURFACE('',#4814,38.4908089297201,0.349065850398878);
#438=CONICAL_SURFACE('',#4818,39.95,1.22173047639603);
#439=CONICAL_SURFACE('',#4826,9.15000000000001,0.349065850398866);
#440=CONICAL_SURFACE('',#4846,0.8105,1.02974425867665);
#441=CONICAL_SURFACE('',#4848,0.8105,1.02974425867665);
#442=CONICAL_SURFACE('',#4850,0.8105,1.02974425867665);
#443=CONICAL_SURFACE('',#4852,0.8105,1.02974425867665);
#444=CONICAL_SURFACE('',#4854,0.8105,1.02974425867665);
#445=CONICAL_SURFACE('',#4856,10.75,1.22173047639603);
#446=B_SPLINE_CURVE_WITH_KNOTS('',3,(#6523,#6524,#6525,#6526,#6527,#6528,
#6529,#6530),.UNSPECIFIED.,.F.,.F.,(4,2,2,4),(0.179687796047554,0.189100690263328,
0.283641217189037,0.378181744114746),.UNSPECIFIED.);
#447=B_SPLINE_CURVE_WITH_KNOTS('',3,(#6532,#6533,#6534,#6535,#6536,#6537,
#6538,#6539),.UNSPECIFIED.,.F.,.F.,(4,2,2,4),(0.378181744114746,0.472722271040426,
0.567262797966106,0.576675692184507),.UNSPECIFIED.);
#448=B_SPLINE_CURVE_WITH_KNOTS('',3,(#6550,#6551,#6552,#6553,#6554,#6555,
#6556,#6557,#6558,#6559,#6560,#6561,#6562,#6563),.UNSPECIFIED.,.F.,.F.,
(4,2,2,2,2,2,4),(0.936051284274536,0.945464178492749,1.04000470541843,1.13454523234411,
1.22908575926982,1.32362628619553,1.33303918041149),.UNSPECIFIED.);
#449=B_SPLINE_CURVE_WITH_KNOTS('',3,(#6645,#6646,#6647,#6648,#6649,#6650,
#6651,#6652,#6653,#6654,#6655,#6656),.UNSPECIFIED.,.F.,.F.,(4,2,2,2,2,4),
(-0.546999379813748,-0.488354740485271,-0.442985939395103,-0.407137070807768,
-0.377243909173956,-0.376551591917207),.UNSPECIFIED.);
#450=B_SPLINE_CURVE_WITH_KNOTS('',3,(#6658,#6659,#6660,#6661,#6662,#6663),
 .UNSPECIFIED.,.F.,.F.,(4,2,4),(1.35633949412503,1.46936777079479,1.52409438754733),
 .UNSPECIFIED.);
#451=B_SPLINE_CURVE_WITH_KNOTS('',3,(#6665,#6666,#6667,#6668,#6669,#6670),
 .UNSPECIFIED.,.F.,.F.,(4,2,4),(1.18858460070272,1.24331121745526,1.35633949412503),
 .UNSPECIFIED.);
#452=B_SPLINE_CURVE_WITH_KNOTS('',3,(#6672,#6673,#6674,#6675,#6676,#6677,
#6678,#6679,#6680,#6681,#6682,#6683),.UNSPECIFIED.,.F.,.F.,(4,2,2,2,2,4),
(-0.407455144591409,-0.406647151489995,-0.371759290261564,-0.329920612647262,
-0.276971364389698,-0.20852808415775),.UNSPECIFIED.);
#453=B_SPLINE_CURVE_WITH_KNOTS('',3,(#6686,#6687,#6688,#6689,#6690,#6691,
#6692,#6693,#6694,#6695,#6696,#6697,#6698,#6699),.UNSPECIFIED.,.F.,.F.,
(4,2,2,2,2,2,4),(-0.694850782183698,-0.678292257720517,-0.5652435836524,
-0.452194909584284,-0.339146235516167,-0.22609756144805,-0.209539036984869),
 .UNSPECIFIED.);
#454=B_SPLINE_CURVE_WITH_KNOTS('',3,(#6709,#6710,#6711,#6712,#6713,#6714,
#6715,#6716,#6717,#6718,#6719,#6720,#6721,#6722),.UNSPECIFIED.,.F.,.F.,
(4,2,2,2,2,2,4),(0.209539036984869,0.22609756144805,0.339146235516167,0.452194909584284,
0.5652435836524,0.678292257720517,0.694850782183698),.UNSPECIFIED.);
#455=B_SPLINE_CURVE_WITH_KNOTS('',3,(#6739,#6740,#6741,#6742,#6743,#6744,
#6745,#6746,#6747,#6748,#6749,#6750),.UNSPECIFIED.,.F.,.F.,(4,2,2,2,2,4),
(-0.546999379828814,-0.488354740497775,-0.44298593940589,-0.407137070817184,
-0.377243909182239,-0.376551591925464),.UNSPECIFIED.);
#456=B_SPLINE_CURVE_WITH_KNOTS('',3,(#6753,#6754,#6755,#6756,#6757,#6758,
#6759,#6760,#6761,#6762),.UNSPECIFIED.,.F.,.F.,(4,2,2,2,4),(0.28435827128604,
0.339084888038576,0.452113164708342,0.565141441378108,0.619868058130644),
 .UNSPECIFIED.);
#457=B_SPLINE_CURVE_WITH_KNOTS('',3,(#6764,#6765,#6766,#6767,#6768,#6769,
#6770,#6771,#6772,#6773,#6774,#6775),.UNSPECIFIED.,.F.,.F.,(4,2,2,2,2,4),
(-0.407455142674214,-0.406647149577238,-0.371759288540339,-0.329920611155696,
-0.276971363189419,-0.208528083334103),.UNSPECIFIED.);
#458=B_SPLINE_CURVE_WITH_KNOTS('',3,(#6845,#6846,#6847,#6848,#6849,#6850,
#6851,#6852,#6853,#6854,#6855,#6856),.UNSPECIFIED.,.F.,.F.,(4,2,2,2,2,4),
(-0.546999379813748,-0.488354740485271,-0.442985939395103,-0.407137070807768,
-0.377243909173956,-0.376551591917206),.UNSPECIFIED.);
#459=B_SPLINE_CURVE_WITH_KNOTS('',3,(#6858,#6859,#6860,#6861,#6862,#6863),
 .UNSPECIFIED.,.F.,.F.,(4,2,4),(1.35633949412503,1.46936777079479,1.52409438754733),
 .UNSPECIFIED.);
#460=B_SPLINE_CURVE_WITH_KNOTS('',3,(#6865,#6866,#6867,#6868,#6869,#6870),
 .UNSPECIFIED.,.F.,.F.,(4,2,4),(1.18858460070272,1.24331121745526,1.35633949412503),
 .UNSPECIFIED.);
#461=B_SPLINE_CURVE_WITH_KNOTS('',3,(#6872,#6873,#6874,#6875,#6876,#6877,
#6878,#6879,#6880,#6881,#6882,#6883),.UNSPECIFIED.,.F.,.F.,(4,2,2,2,2,4),
(-0.407455144591409,-0.406647151489995,-0.371759290261564,-0.329920612647262,
-0.276971364389698,-0.20852808415775),.UNSPECIFIED.);
#462=B_SPLINE_CURVE_WITH_KNOTS('',3,(#6886,#6887,#6888,#6889,#6890,#6891,
#6892,#6893,#6894,#6895,#6896,#6897,#6898,#6899),.UNSPECIFIED.,.F.,.F.,
(4,2,2,2,2,2,4),(-0.694850135769267,-0.678291637187118,-0.565243066369135,
-0.452194495551152,-0.339145924733169,-0.226097353915186,-0.209538855333037),
 .UNSPECIFIED.);
#463=B_SPLINE_CURVE_WITH_KNOTS('',3,(#6909,#6910,#6911,#6912,#6913,#6914,
#6915,#6916,#6917,#6918,#6919,#6920,#6921,#6922),.UNSPECIFIED.,.F.,.F.,
(4,2,2,2,2,2,4),(0.209538855333037,0.226097353915186,0.339145924733169,
0.452194495551152,0.565243066369135,0.678291637187118,0.694850135769267),
 .UNSPECIFIED.);
#464=B_SPLINE_CURVE_WITH_KNOTS('',3,(#6939,#6940,#6941,#6942,#6943,#6944,
#6945,#6946,#6947,#6948,#6949,#6950),.UNSPECIFIED.,.F.,.F.,(4,2,2,2,2,4),
(-0.546999379828814,-0.488354740497775,-0.44298593940589,-0.407137070817184,
-0.377243909182239,-0.376551591925465),.UNSPECIFIED.);
#465=B_SPLINE_CURVE_WITH_KNOTS('',3,(#6953,#6954,#6955,#6956,#6957,#6958,
#6959,#6960,#6961,#6962),.UNSPECIFIED.,.F.,.F.,(4,2,2,2,4),(0.28435827128604,
0.339084888038576,0.452113164708342,0.565141441378108,0.619868058130644),
 .UNSPECIFIED.);
#466=B_SPLINE_CURVE_WITH_KNOTS('',3,(#6964,#6965,#6966,#6967,#6968,#6969,
#6970,#6971,#6972,#6973,#6974,#6975),.UNSPECIFIED.,.F.,.F.,(4,2,2,2,2,4),
(-0.407455142674216,-0.406647149577238,-0.371759288540339,-0.329920611155696,
-0.276971363189419,-0.208528083334103),.UNSPECIFIED.);
#467=B_SPLINE_CURVE_WITH_KNOTS('',3,(#7096,#7097,#7098,#7099,#7100,#7101,
#7102,#7103,#7104,#7105,#7106,#7107,#7108,#7109),.UNSPECIFIED.,.F.,.F.,
(4,2,2,2,2,2,4),(-0.694850782183698,-0.678292257720517,-0.5652435836524,
-0.452194909584284,-0.339146235516167,-0.22609756144805,-0.209539036984869),
 .UNSPECIFIED.);
#468=B_SPLINE_CURVE_WITH_KNOTS('',3,(#7116,#7117,#7118,#7119,#7120,#7121,
#7122,#7123,#7124,#7125,#7126,#7127,#7128,#7129),.UNSPECIFIED.,.F.,.F.,
(4,2,2,2,2,2,4),(0.209539036984869,0.22609756144805,0.339146235516167,0.452194909584284,
0.5652435836524,0.678292257720517,0.694850782183698),.UNSPECIFIED.);
#469=B_SPLINE_CURVE_WITH_KNOTS('',3,(#7138,#7139,#7140,#7141,#7142,#7143,
#7144,#7145,#7146,#7147,#7148,#7149),.UNSPECIFIED.,.F.,.F.,(4,2,2,2,2,4),
(-0.407455144591409,-0.406647151489995,-0.371759290261564,-0.329920612647262,
-0.276971364389698,-0.20852808415775),.UNSPECIFIED.);
#470=B_SPLINE_CURVE_WITH_KNOTS('',3,(#7153,#7154,#7155,#7156,#7157,#7158,
#7159,#7160,#7161,#7162,#7163,#7164),.UNSPECIFIED.,.F.,.F.,(4,2,2,2,2,4),
(-0.546999379828814,-0.488354740497775,-0.44298593940589,-0.407137070817184,
-0.377243909182239,-0.376551591925464),.UNSPECIFIED.);
#471=B_SPLINE_CURVE_WITH_KNOTS('',3,(#7169,#7170,#7171,#7172,#7173,#7174,
#7175,#7176,#7177,#7178),.UNSPECIFIED.,.F.,.F.,(4,2,2,2,4),(0.28435827128604,
0.339084888038576,0.452113164708342,0.565141441378108,0.619868058130644),
 .UNSPECIFIED.);
#472=B_SPLINE_CURVE_WITH_KNOTS('',3,(#7180,#7181,#7182,#7183,#7184,#7185,
#7186,#7187,#7188,#7189,#7190,#7191),.UNSPECIFIED.,.F.,.F.,(4,2,2,2,2,4),
(-0.407455142674214,-0.406647149577238,-0.371759288540339,-0.329920611155696,
-0.276971363189419,-0.208528083334103),.UNSPECIFIED.);
#473=B_SPLINE_CURVE_WITH_KNOTS('',3,(#7196,#7197,#7198,#7199,#7200,#7201,
#7202,#7203,#7204,#7205,#7206,#7207),.UNSPECIFIED.,.F.,.F.,(4,2,2,2,2,4),
(-0.546999379813748,-0.488354740485271,-0.442985939395103,-0.407137070807768,
-0.377243909173956,-0.376551591917207),.UNSPECIFIED.);
#474=B_SPLINE_CURVE_WITH_KNOTS('',3,(#7213,#7214,#7215,#7216,#7217,#7218),
 .UNSPECIFIED.,.F.,.F.,(4,2,4),(1.35633949412503,1.46936777079479,1.52409438754733),
 .UNSPECIFIED.);
#475=B_SPLINE_CURVE_WITH_KNOTS('',3,(#7219,#7220,#7221,#7222,#7223,#7224),
 .UNSPECIFIED.,.F.,.F.,(4,2,4),(1.18858460070272,1.24331121745526,1.35633949412503),
 .UNSPECIFIED.);
#476=B_SPLINE_CURVE_WITH_KNOTS('',3,(#7343,#7344,#7345,#7346,#7347,#7348,
#7349,#7350,#7351,#7352,#7353,#7354,#7355,#7356),.UNSPECIFIED.,.F.,.F.,
(4,2,2,2,2,2,4),(0.936051284274536,0.945464178492749,1.04000470541843,1.13454523234411,
1.22908575926982,1.32362628619553,1.33303918041149),.UNSPECIFIED.);
#477=B_SPLINE_CURVE_WITH_KNOTS('',3,(#7361,#7362,#7363,#7364,#7365,#7366,
#7367,#7368),.UNSPECIFIED.,.F.,.F.,(4,2,2,4),(0.179687796047554,0.189100690263328,
0.283641217189037,0.378181744114746),.UNSPECIFIED.);
#478=B_SPLINE_CURVE_WITH_KNOTS('',3,(#7372,#7373,#7374,#7375,#7376,#7377,
#7378,#7379),.UNSPECIFIED.,.F.,.F.,(4,2,2,4),(0.378181744114746,0.472722271040426,
0.567262797966106,0.576675692184507),.UNSPECIFIED.);
#479=B_SPLINE_CURVE_WITH_KNOTS('',3,(#7441,#7442,#7443,#7444,#7445,#7446,
#7447,#7448,#7449,#7450,#7451,#7452,#7453),.UNSPECIFIED.,.F.,.F.,(4,3,3,
3,4),(-5.14402715170438,-4.94988771797803,-3.95991017438243,-2.96993263078682,
-2.00243449811458),.UNSPECIFIED.);
#480=B_SPLINE_CURVE_WITH_KNOTS('',3,(#7456,#7457,#7458,#7459,#7460,#7461,
#7462,#7463,#7464,#7465,#7466,#7467,#7468),.UNSPECIFIED.,.F.,.F.,(4,3,3,
3,4),(0.,0.494988771797802,0.989977543595607,1.97995508719122,2.35619449019234),
 .UNSPECIFIED.);
#481=B_SPLINE_CURVE_WITH_KNOTS('',3,(#7473,#7474,#7475,#7476,#7477,#7478,
#7479,#7480,#7481,#7482,#7483,#7484,#7485,#7486,#7487,#7488,#7489,#7490,
#7491,#7492,#7493,#7494),.UNSPECIFIED.,.F.,.F.,(4,3,3,3,3,3,3,4),(-11.427212458884,
-10.8897529795517,-9.89977543595607,-8.90979789236047,-7.91982034876486,
-6.92984280516925,-5.93986526157364,-5.14402715170438),.UNSPECIFIED.);
#482=B_SPLINE_CURVE_WITH_KNOTS('',3,(#7495,#7496,#7497,#7498,#7499,#7500,
#7501,#7502,#7503,#7504,#7505,#7506,#7507,#7508,#7509,#7510,#7511,#7512,
#7513,#7514,#7515,#7516),.UNSPECIFIED.,.F.,.F.,(4,3,3,3,3,3,3,4),(2.35619449019234,
2.96993263078682,3.95991017438243,4.94988771797803,5.93986526157364,6.92984280516924,
7.91982034876485,8.63937979737193),.UNSPECIFIED.);
#483=B_SPLINE_CURVE_WITH_KNOTS('',3,(#7521,#7522,#7523,#7524,#7525,#7526,
#7527,#7528,#7529,#7530,#7531,#7532,#7533,#7534,#7535,#7536,#7537,#7538,
#7539,#7540,#7541,#7542),.UNSPECIFIED.,.F.,.F.,(4,3,3,3,3,3,3,4),(-17.7103977660636,
-16.8296182411253,-15.8396406975297,-14.8496631539341,-13.8596856103385,
-12.8697080667429,-11.8797305231473,-11.427212458884),.UNSPECIFIED.);
#484=B_SPLINE_CURVE_WITH_KNOTS('',3,(#7543,#7544,#7545,#7546,#7547,#7548,
#7549,#7550,#7551,#7552,#7553,#7554,#7555,#7556,#7557,#7558,#7559,#7560,
#7561,#7562,#7563,#7564,#7565,#7566,#7567),.UNSPECIFIED.,.F.,.F.,(4,3,3,
3,3,3,3,3,4),(8.63937979737193,8.90979789236046,9.89977543595606,10.8897529795517,
11.8797305231473,12.8697080667429,13.8596856103385,14.8496631539341,14.9225651045515),
 .UNSPECIFIED.);
#485=B_SPLINE_CURVE_WITH_KNOTS('',3,(#7572,#7573,#7574,#7575,#7576,#7577,
#7578,#7579,#7580,#7581,#7582,#7583,#7584,#7585,#7586,#7587,#7588,#7589,
#7590,#7591,#7592,#7593,#7594,#7595,#7596),.UNSPECIFIED.,.F.,.F.,(4,3,3,
3,3,3,3,3,4),(-23.9935830732431,-23.7594610462946,-22.769483502699,-21.7795059591034,
-20.7895284155077,-19.7995508719121,-18.8095733283165,-17.8195957847209,
-17.7103977660636),.UNSPECIFIED.);
#486=B_SPLINE_CURVE_WITH_KNOTS('',3,(#7597,#7598,#7599,#7600,#7601,#7602,
#7603,#7604,#7605,#7606,#7607,#7608,#7609,#7610,#7611,#7612,#7613,#7614,
#7615,#7616,#7617,#7618),.UNSPECIFIED.,.F.,.F.,(4,3,3,3,3,3,3,4),(14.9225651045515,
15.8396406975297,16.8296182411253,17.8195957847209,18.8095733283165,19.7995508719121,
20.7895284155077,21.2057504117311),.UNSPECIFIED.);
#487=B_SPLINE_CURVE_WITH_KNOTS('',3,(#7623,#7624,#7625,#7626,#7627,#7628,
#7629,#7630,#7631,#7632,#7633,#7634,#7635,#7636,#7637,#7638,#7639,#7640,
#7641,#7642,#7643,#7644),.UNSPECIFIED.,.F.,.F.,(4,3,3,3,3,3,3,4),(-30.2767683804227,
-29.6993263078682,-28.7093487642726,-27.719371220677,-26.7293936770814,
-25.7394161334858,-24.7494385898902,-23.9935830732431),.UNSPECIFIED.);
#488=B_SPLINE_CURVE_WITH_KNOTS('',3,(#7645,#7646,#7647,#7648,#7649,#7650,
#7651,#7652,#7653,#7654,#7655,#7656,#7657,#7658,#7659,#7660,#7661,#7662,
#7663,#7664,#7665,#7666),.UNSPECIFIED.,.F.,.F.,(4,3,3,3,3,3,3,4),(21.2057504117311,
21.7795059591033,22.769483502699,23.7594610462946,24.7494385898902,25.7394161334858,
26.7293936770814,27.4889357189107),.UNSPECIFIED.);
#489=B_SPLINE_CURVE_WITH_KNOTS('',3,(#7671,#7672,#7673,#7674,#7675,#7676,
#7677,#7678,#7679,#7680,#7681,#7682,#7683,#7684,#7685,#7686,#7687,#7688,
#7689,#7690,#7691,#7692),.UNSPECIFIED.,.F.,.F.,(4,3,3,3,3,3,3,4),(-36.5599536876023,
-35.6391915694418,-34.6492140258462,-33.6592364822506,-32.669258938655,
-31.6792813950594,-30.6893038514638,-30.2767683804227),.UNSPECIFIED.);
#490=B_SPLINE_CURVE_WITH_KNOTS('',3,(#7693,#7694,#7695,#7696,#7697,#7698,
#7699,#7700,#7701,#7702,#7703,#7704,#7705,#7706,#7707,#7708,#7709,#7710,
#7711,#7712,#7713,#7714,#7715,#7716,#7717),.UNSPECIFIED.,.F.,.F.,(4,3,3,
3,3,3,3,3,4),(27.4889357189107,27.719371220677,28.7093487642726,29.6993263078682,
30.6893038514638,31.6792813950594,32.669258938655,33.6592364822506,33.7721210260903),
 .UNSPECIFIED.);
#491=B_SPLINE_CURVE_WITH_KNOTS('',3,(#7722,#7723,#7724,#7725,#7726,#7727,
#7728,#7729,#7730,#7731,#7732,#7733,#7734,#7735,#7736,#7737,#7738,#7739,
#7740,#7741,#7742,#7743,#7744,#7745,#7746),.UNSPECIFIED.,.F.,.F.,(4,3,3,
3,3,3,3,3,4),(-42.8431389947819,-42.5690343746111,-41.5790568310155,-40.5890792874199,
-39.5991017438243,-38.6091242002287,-37.6191466566331,-36.6291691130375,
-36.5599536876023),.UNSPECIFIED.);
#492=B_SPLINE_CURVE_WITH_KNOTS('',3,(#7747,#7748,#7749,#7750,#7751,#7752,
#7753,#7754,#7755,#7756,#7757,#7758,#7759,#7760,#7761,#7762,#7763,#7764,
#7765,#7766,#7767,#7768),.UNSPECIFIED.,.F.,.F.,(4,3,3,3,3,3,3,4),(33.7721210260903,
34.6492140258462,35.6391915694418,36.6291691130375,37.6191466566331,38.6091242002287,
39.5991017438243,40.0553063332699),.UNSPECIFIED.);
#493=B_SPLINE_CURVE_WITH_KNOTS('',3,(#7774,#7775,#7776,#7777,#7778),
 .UNSPECIFIED.,.F.,.F.,(4,1,4),(53.4070751110265,54.1229480344513,55.0904461671235),
 .UNSPECIFIED.);
#494=B_SPLINE_CURVE_WITH_KNOTS('',3,(#7781,#7782,#7783,#7784),
 .UNSPECIFIED.,.F.,.F.,(4,4),(53.4070751110265,53.5975280195705),
 .UNSPECIFIED.);
#495=B_SPLINE_CURVE_WITH_KNOTS('',3,(#7789,#7790,#7791,#7792,#7793,#7794,
#7795,#7796,#7797,#7798,#7799),.UNSPECIFIED.,.F.,.F.,(4,1,1,1,1,1,1,1,4),
(47.1238898038469,47.193105229282,48.1830827728776,49.1730603164732,50.1630378600688,
51.1530154036645,52.1429929472601,53.1329704908557,53.4070751110265),
 .UNSPECIFIED.);
#496=B_SPLINE_CURVE_WITH_KNOTS('',3,(#7800,#7801,#7802,#7803,#7804,#7805,
#7806,#7807,#7808,#7809,#7810),.UNSPECIFIED.,.F.,.F.,(4,1,1,1,1,1,1,1,4),
(47.1238898038469,47.6576627579969,48.6476403015925,49.6376178451881,50.6275953887837,
51.6175729323793,52.6075504759749,53.1025392477727,53.4070751110265),
 .UNSPECIFIED.);
#497=B_SPLINE_CURVE_WITH_KNOTS('',3,(#7815,#7816,#7817,#7818,#7819,#7820,
#7821,#7822,#7823,#7824),.UNSPECIFIED.,.F.,.F.,(4,1,1,1,1,1,1,4),(40.8407044966673,
41.2532399677084,42.243217511304,43.2331950548996,44.2231725984952,45.2131501420908,
46.2031276856864,47.1238898038469),.UNSPECIFIED.);
#498=B_SPLINE_CURVE_WITH_KNOTS('',3,(#7825,#7826,#7827,#7828,#7829,#7830,
#7831,#7832,#7833,#7834),.UNSPECIFIED.,.F.,.F.,(4,1,1,1,1,1,1,4),(40.8407044966673,
41.7177974964233,42.7077750400189,43.6977525836145,44.6877301272101,45.6777076708057,
46.6676852144013,47.1238898038469),.UNSPECIFIED.);
#499=B_SPLINE_CURVE_WITH_KNOTS('',3,(#7839,#7840,#7841,#7842,#7843,#7844,
#7845,#7846,#7847,#7848),.UNSPECIFIED.,.F.,.F.,(4,1,1,1,1,1,1,4),(34.5575191894877,
35.3133747061347,36.3033522497304,37.293329793326,38.2833073369216,39.2732848805172,
40.2632624241128,40.8407044966673),.UNSPECIFIED.);
#500=B_SPLINE_CURVE_WITH_KNOTS('',3,(#7849,#7850,#7851,#7852,#7853,#7854,
#7855,#7856,#7857,#7858,#7859),.UNSPECIFIED.,.F.,.F.,(4,1,1,1,1,1,1,1,4),
(34.5575191894877,34.787954691254,35.7779322348496,36.7679097784452,37.7578873220408,
38.7478648656364,39.737842409232,40.7278199528276,40.8407044966673),
 .UNSPECIFIED.);
#501=B_SPLINE_CURVE_WITH_KNOTS('',3,(#7864,#7865,#7866,#7867,#7868,#7869,
#7870,#7871,#7872,#7873,#7874),.UNSPECIFIED.,.F.,.F.,(4,1,1,1,1,1,1,1,4),
(28.2743338823081,28.3835319009655,29.3735094445611,30.3634869881567,31.3534645317523,
32.3434420753479,33.3334196189435,34.3233971625391,34.5575191894877),
 .UNSPECIFIED.);
#502=B_SPLINE_CURVE_WITH_KNOTS('',3,(#7875,#7876,#7877,#7878,#7879,#7880,
#7881,#7882,#7883,#7884),.UNSPECIFIED.,.F.,.F.,(4,1,1,1,1,1,1,4),(28.2743338823081,
28.8480894296804,29.838066973276,30.8280445168716,31.8180220604672,32.8079996040628,
33.7979771476584,34.5575191894877),.UNSPECIFIED.);
#503=B_SPLINE_CURVE_WITH_KNOTS('',3,(#7889,#7890,#7891,#7892,#7893,#7894,
#7895,#7896,#7897,#7898),.UNSPECIFIED.,.F.,.F.,(4,1,1,1,1,1,1,4),(21.9911485751285,
22.4436666393919,23.4336441829875,24.4236217265831,25.4135992701787,26.4035768137743,
27.3935543573699,28.2743338823081),.UNSPECIFIED.);
#504=B_SPLINE_CURVE_WITH_KNOTS('',3,(#7899,#7900,#7901,#7902,#7903,#7904,
#7905,#7906,#7907,#7908),.UNSPECIFIED.,.F.,.F.,(4,1,1,1,1,1,1,4),(21.9911485751285,
22.9082241681067,23.8982017117023,24.8881792552979,25.8781567988935,26.8681343424892,
27.8581118860848,28.2743338823081),.UNSPECIFIED.);
#505=B_SPLINE_CURVE_WITH_KNOTS('',3,(#7913,#7914,#7915,#7916,#7917,#7918,
#7919,#7920,#7921,#7922),.UNSPECIFIED.,.F.,.F.,(4,1,1,1,1,1,1,4),(15.7079632679489,
16.5038013778182,17.4937789214138,18.4837564650094,19.473734008605,20.4637115522006,
21.4536890957962,21.9911485751285),.UNSPECIFIED.);
#506=B_SPLINE_CURVE_WITH_KNOTS('',3,(#7923,#7924,#7925,#7926,#7927,#7928,
#7929,#7930,#7931,#7932,#7933),.UNSPECIFIED.,.F.,.F.,(4,1,1,1,1,1,1,1,4),
(15.7079632679489,15.9783813629375,16.9683589065331,17.9583364501287,18.9483139937243,
19.9382915373199,20.9282690809155,21.9182466245111,21.9911485751285),
 .UNSPECIFIED.);
#507=B_SPLINE_CURVE_WITH_KNOTS('',3,(#7940,#7941,#7942,#7943,#7944,#7945,
#7946,#7947,#7948,#7949),.UNSPECIFIED.,.F.,.F.,(4,1,1,1,1,1,1,4),(10.5639361162446,
11.0589248880424,11.5539136598402,12.5438912034358,13.5338687470314,14.523846290627,
15.5138238342226,15.7079632679489),.UNSPECIFIED.);
#508=B_SPLINE_CURVE_WITH_KNOTS('',3,(#7950,#7951,#7952,#7953,#7954,#7955,
#7956,#7957,#7958,#7959),.UNSPECIFIED.,.F.,.F.,(4,1,1,1,1,1,1,4),(9.42477796076936,
10.0385161013638,11.0284936449594,12.018471188555,13.0084487321507,13.9984262757463,
14.9884038193419,15.7079632679489),.UNSPECIFIED.);
#509=B_SPLINE_CURVE_WITH_KNOTS('',3,(#7965,#7966,#7967,#7968,#7969,#7970,
#7971,#7972,#7973,#7974,#7975,#7976,#7977,#7978,#7979,#7980,#7981,#7982,
#7983),.UNSPECIFIED.,.F.,.F.,(4,3,3,3,3,3,4),(-7.19798880247084,-6.92628805094519,
-5.93681832938159,-4.94734860781799,-3.95787888625439,-2.96840916469079,
-1.97849234650671),.UNSPECIFIED.);
#510=B_SPLINE_CURVE_WITH_KNOTS('',3,(#7991,#7992,#7993,#7994,#7995,#7996,
#7997,#7998,#7999,#8000,#8001,#8002,#8003,#8004,#8005,#8006),
 .UNSPECIFIED.,.F.,.F.,(4,3,3,3,3,4),(0.,0.989469721563584,1.9789394431272,
2.96840916469078,3.9578788862544,4.43409829256668),.UNSPECIFIED.);
#511=B_SPLINE_CURVE_WITH_KNOTS('',3,(#8011,#8012,#8013,#8014,#8015,#8016,
#8017,#8018,#8019,#8020,#8021,#8022,#8023,#8024,#8025,#8026,#8027,#8028,
#8029,#8030,#8031,#8032),.UNSPECIFIED.,.F.,.F.,(4,3,3,3,3,3,3,4),(-13.4811741096504,
-12.8631063803268,-11.8736366587632,-10.8841669371996,-9.89469721563598,
-8.90522749407239,-7.91575777250879,-7.19798880247084),.UNSPECIFIED.);
#512=B_SPLINE_CURVE_WITH_KNOTS('',3,(#8033,#8034,#8035,#8036,#8037,#8038,
#8039,#8040,#8041,#8042,#8043,#8044,#8045,#8046,#8047,#8048,#8049,#8050,
#8051,#8052,#8053,#8054),.UNSPECIFIED.,.F.,.F.,(4,3,3,3,3,3,3,4),(4.43409829256668,
4.94734860781799,5.93681832938158,6.92628805094519,7.91575777250878,8.90522749407238,
9.89469721563597,10.7172835997463),.UNSPECIFIED.);
#513=B_SPLINE_CURVE_WITH_KNOTS('',3,(#8059,#8060,#8061,#8062,#8063,#8064,
#8065,#8066,#8067,#8068,#8069,#8070,#8071,#8072,#8073,#8074,#8075,#8076,
#8077,#8078,#8079,#8080),.UNSPECIFIED.,.F.,.F.,(4,3,3,3,3,3,3,4),(-19.76435941683,
-18.7999247097084,-17.8104549881448,-16.8209852665812,-15.8315155450176,
-14.842045823454,-13.8525761018904,-13.4811741096504),.UNSPECIFIED.);
#514=B_SPLINE_CURVE_WITH_KNOTS('',3,(#8081,#8082,#8083,#8084,#8085,#8086,
#8087,#8088,#8089,#8090,#8091,#8092,#8093,#8094,#8095,#8096,#8097,#8098,
#8099,#8100,#8101,#8102,#8103,#8104,#8105),.UNSPECIFIED.,.F.,.F.,(4,3,3,
3,3,3,3,3,4),(10.7172835997463,10.8841669371996,11.8736366587632,12.8631063803268,
13.8525761018904,14.842045823454,15.8315155450175,16.8209852665811,17.0004689069259),
 .UNSPECIFIED.);
#515=B_SPLINE_CURVE_WITH_KNOTS('',3,(#8110,#8111,#8112,#8113,#8114,#8115,
#8116,#8117,#8118,#8119,#8120,#8121,#8122,#8123,#8124,#8125,#8126,#8127,
#8128,#8129,#8130,#8131,#8132,#8133,#8134),.UNSPECIFIED.,.F.,.F.,(4,3,3,
3,3,3,3,3,4),(-26.0475447240096,-25.7262127606536,-24.73674303909,-23.7472733175264,
-22.7578035959628,-21.7683338743992,-20.7788641528356,-19.789394431272,
-19.76435941683),.UNSPECIFIED.);
#516=B_SPLINE_CURVE_WITH_KNOTS('',3,(#8135,#8136,#8137,#8138,#8139,#8140,
#8141,#8142,#8143,#8144,#8145,#8146,#8147,#8148,#8149,#8150,#8151,#8152,
#8153,#8154,#8155,#8156),.UNSPECIFIED.,.F.,.F.,(4,3,3,3,3,3,3,4),(17.0004689069259,
17.8104549881447,18.7999247097083,19.7893944312719,20.7788641528355,21.7683338743991,
22.7578035959627,23.2836542141054),.UNSPECIFIED.);
#517=B_SPLINE_CURVE_WITH_KNOTS('',3,(#8161,#8162,#8163,#8164,#8165,#8166,
#8167,#8168,#8169,#8170,#8171,#8172,#8173,#8174,#8175,#8176,#8177,#8178,
#8179,#8180,#8181,#8182),.UNSPECIFIED.,.F.,.F.,(4,3,3,3,3,3,3,4),(-32.3307300311892,
-31.6630310900351,-30.6735613684716,-29.6840916469079,-28.6946219253444,
-27.7051522037808,-26.7156824822172,-26.0475447240096),.UNSPECIFIED.);
#518=B_SPLINE_CURVE_WITH_KNOTS('',3,(#8183,#8184,#8185,#8186,#8187,#8188,
#8189,#8190,#8191,#8192,#8193,#8194,#8195,#8196,#8197,#8198,#8199,#8200,
#8201,#8202,#8203,#8204),.UNSPECIFIED.,.F.,.F.,(4,3,3,3,3,3,3,4),(23.2836542141054,
23.7472733175263,24.7367430390899,25.7262127606535,26.7156824822171,27.7051522037807,
28.6946219253443,29.566839521285),.UNSPECIFIED.);
#519=B_SPLINE_CURVE_WITH_KNOTS('',3,(#8209,#8210,#8211,#8212,#8213,#8214,
#8215,#8216,#8217,#8218,#8219,#8220,#8221,#8222,#8223,#8224,#8225,#8226,
#8227,#8228,#8229,#8230,#8231,#8232,#8233),.UNSPECIFIED.,.F.,.F.,(4,3,3,
3,3,3,3,3,4),(-38.6139153383688,-38.5893191409803,-37.5998494194167,-36.6103796978531,
-35.6209099762895,-34.6314402547259,-33.6419705331624,-32.6525008115987,
-32.3307300311892),.UNSPECIFIED.);
#520=B_SPLINE_CURVE_WITH_KNOTS('',3,(#8234,#8235,#8236,#8237,#8238,#8239,
#8240,#8241,#8242,#8243,#8244,#8245,#8246,#8247,#8248,#8249,#8250,#8251,
#8252,#8253,#8254,#8255,#8256,#8257,#8258),.UNSPECIFIED.,.F.,.F.,(4,3,3,
3,3,3,3,3,4),(29.566839521285,29.6840916469079,30.6735613684715,31.6630310900351,
32.6525008115987,33.6419705331623,34.6314402547259,35.6209099762895,35.8500248284646),
 .UNSPECIFIED.);
#521=B_SPLINE_CURVE_WITH_KNOTS('',3,(#8263,#8264,#8265,#8266,#8267,#8268,
#8269,#8270,#8271,#8272,#8273,#8274,#8275,#8276,#8277,#8278,#8279,#8280,
#8281,#8282,#8283,#8284),.UNSPECIFIED.,.F.,.F.,(4,3,3,3,3,3,3,4),(-44.8971006455484,
-44.5261374703619,-43.5366677487983,-42.5471980272347,-41.5577283056711,
-40.5682585841075,-39.5787888625439,-38.6139153383688),.UNSPECIFIED.);
#522=B_SPLINE_CURVE_WITH_KNOTS('',3,(#8285,#8286,#8287,#8288,#8289,#8290,
#8291,#8292,#8293,#8294,#8295,#8296,#8297,#8298,#8299,#8300,#8301,#8302,
#8303,#8304,#8305,#8306),.UNSPECIFIED.,.F.,.F.,(4,3,3,3,3,3,3,4),(35.8500248284646,
36.6103796978531,37.5998494194167,38.5893191409803,39.5787888625439,40.5682585841075,
41.5577283056711,42.1332101356442),.UNSPECIFIED.);
#523=B_SPLINE_CURVE_WITH_KNOTS('',3,(#8311,#8312,#8313,#8314,#8315,#8316,
#8317,#8318,#8319,#8320,#8321,#8322,#8323,#8324,#8325,#8326,#8327,#8328,
#8329,#8330,#8331,#8332),.UNSPECIFIED.,.F.,.F.,(4,3,3,3,3,3,3,4),(-51.180285952728,
-50.4629557997435,-49.4734860781799,-48.4840163566163,-47.4945466350527,
-46.5050769134891,-45.5156071919255,-44.8971006455484),.UNSPECIFIED.);
#524=B_SPLINE_CURVE_WITH_KNOTS('',3,(#8333,#8334,#8335,#8336,#8337,#8338,
#8339,#8340,#8341,#8342,#8343,#8344,#8345,#8346,#8347,#8348,#8349,#8350,
#8351,#8352,#8353,#8354),.UNSPECIFIED.,.F.,.F.,(4,3,3,3,3,3,3,4),(42.1332101356442,
42.5471980272347,43.5366677487983,44.5261374703619,45.5156071919255,46.5050769134891,
47.4945466350527,48.4163954428238),.UNSPECIFIED.);
#525=B_SPLINE_CURVE_WITH_KNOTS('',3,(#8360,#8361,#8362,#8363,#8364,#8365,
#8366),.UNSPECIFIED.,.F.,.F.,(4,1,1,1,4),(97.3893722612836,97.6615118298627,
98.6509815514263,99.6404512729898,99.6408983696103),.UNSPECIFIED.);
#526=B_SPLINE_CURVE_WITH_KNOTS('',3,(#8369,#8370,#8371,#8372),
 .UNSPECIFIED.,.F.,.F.,(4,4),(97.3893722612836,98.1000959188416),
 .UNSPECIFIED.);
#527=B_SPLINE_CURVE_WITH_KNOTS('',3,(#8377,#8378,#8379,#8380,#8381,#8382,
#8383,#8384,#8385,#8386),.UNSPECIFIED.,.F.,.F.,(4,1,1,1,1,1,1,4),(91.106186954104,
91.7246935004811,92.7141632220447,93.7036329436083,94.6931026651719,95.6825723867355,
96.6720421082991,97.3893722612836),.UNSPECIFIED.);
#528=B_SPLINE_CURVE_WITH_KNOTS('',3,(#8387,#8388,#8389,#8390,#8391,#8392,
#8393,#8394,#8395,#8396,#8397),.UNSPECIFIED.,.F.,.F.,(4,1,1,1,1,1,1,1,4),
(91.106186954104,91.1738078678964,92.16327758946,93.1527473110236,94.1422170325872,
95.1316867541508,96.1211564757144,97.110626197278,97.3893722612836),
 .UNSPECIFIED.);
#529=B_SPLINE_CURVE_WITH_KNOTS('',3,(#8402,#8403,#8404,#8405,#8406,#8407,
#8408,#8409,#8410,#8411),.UNSPECIFIED.,.F.,.F.,(4,1,1,1,1,1,1,4),(84.8230016469244,
85.7878751710995,86.7773448926631,87.7668146142267,88.7562843357903,89.7457540573539,
90.7352237789175,91.106186954104),.UNSPECIFIED.);
#530=B_SPLINE_CURVE_WITH_KNOTS('',3,(#8412,#8413,#8414,#8415,#8416,#8417,
#8418,#8419,#8420,#8421),.UNSPECIFIED.,.F.,.F.,(4,1,1,1,1,1,1,4),(84.8230016469244,
85.2369895385148,86.2264592600784,87.215928981642,88.2053987032056,89.1948684247692,
90.1843381463328,91.106186954104),.UNSPECIFIED.);
#531=B_SPLINE_CURVE_WITH_KNOTS('',3,(#8426,#8427,#8428,#8429,#8430,#8431,
#8432,#8433,#8434,#8435,#8436),.UNSPECIFIED.,.F.,.F.,(4,1,1,1,1,1,1,1,4),
(78.5398163397448,78.8615871201543,79.8510568417179,80.8405265632815,81.8299962848451,
82.8194660064087,83.8089357279723,84.7984054495359,84.8230016469244),
 .UNSPECIFIED.);
#532=B_SPLINE_CURVE_WITH_KNOTS('',3,(#8437,#8438,#8439,#8440,#8441,#8442,
#8443,#8444,#8445,#8446),.UNSPECIFIED.,.F.,.F.,(4,1,1,1,1,1,1,4),(78.5398163397448,
79.3001712091332,80.2896409306968,81.2791106522604,82.268580373824,83.2580500953876,
84.2475198169512,84.8230016469244),.UNSPECIFIED.);
#533=B_SPLINE_CURVE_WITH_KNOTS('',3,(#8451,#8452,#8453,#8454,#8455,#8456,
#8457,#8458,#8459,#8460),.UNSPECIFIED.,.F.,.F.,(4,1,1,1,1,1,1,4),(72.2566310325652,
72.9247687907727,73.9142385123363,74.9037082338999,75.8931779554635,76.8826476770271,
77.8721173985907,78.5398163397448),.UNSPECIFIED.);
#534=B_SPLINE_CURVE_WITH_KNOTS('',3,(#8461,#8462,#8463,#8464,#8465,#8466,
#8467,#8468,#8469,#8470,#8471),.UNSPECIFIED.,.F.,.F.,(4,1,1,1,1,1,1,1,4),
(72.2566310325652,72.373883158188,73.3633528797516,74.3528226013152,75.3422923228788,
76.3317620444424,77.321231766006,78.3107014875696,78.5398163397448),
 .UNSPECIFIED.);
#535=B_SPLINE_CURVE_WITH_KNOTS('',3,(#8476,#8477,#8478,#8479,#8480,#8481,
#8482,#8483,#8484,#8485,#8486),.UNSPECIFIED.,.F.,.F.,(4,1,1,1,1,1,1,1,4),
(65.9734457253856,65.9984807398275,66.9879504613911,67.9774201829547,68.9668899045183,
69.9563596260819,70.9458293476455,71.9352990692091,72.2566310325652),
 .UNSPECIFIED.);
#536=B_SPLINE_CURVE_WITH_KNOTS('',3,(#8487,#8488,#8489,#8490,#8491,#8492,
#8493,#8494,#8495,#8496),.UNSPECIFIED.,.F.,.F.,(4,1,1,1,1,1,1,4),(65.9734457253856,
66.4370648288065,67.4265345503701,68.4160042719336,69.4054739934973,70.3949437150608,
71.3844134366244,72.2566310325652),.UNSPECIFIED.);
#537=B_SPLINE_CURVE_WITH_KNOTS('',3,(#8501,#8502,#8503,#8504,#8505,#8506,
#8507,#8508,#8509,#8510),.UNSPECIFIED.,.F.,.F.,(4,1,1,1,1,1,1,4),(59.690260418206,
60.0616624104459,61.0511321320095,62.0406018535731,63.0300715751367,64.0195412967003,
65.0090110182639,65.9734457253856),.UNSPECIFIED.);
#538=B_SPLINE_CURVE_WITH_KNOTS('',3,(#8511,#8512,#8513,#8514,#8515,#8516,
#8517,#8518,#8519,#8520),.UNSPECIFIED.,.F.,.F.,(4,1,1,1,1,1,1,4),(59.690260418206,
60.5002464994249,61.4897162209885,62.4791859425521,63.4686556641157,64.4581253856793,
65.4475951072429,65.9734457253856),.UNSPECIFIED.);
#539=B_SPLINE_CURVE_WITH_KNOTS('',3,(#8525,#8526,#8527,#8528,#8529,#8530,
#8531,#8532,#8533,#8534),.UNSPECIFIED.,.F.,.F.,(4,1,1,1,1,1,1,4),(53.4070751110265,
54.1248440810643,55.1143138026279,56.1037835241915,57.0932532457551,58.0827229673187,
59.0721926888823,59.690260418206),.UNSPECIFIED.);
#540=B_SPLINE_CURVE_WITH_KNOTS('',3,(#8535,#8536,#8537,#8538,#8539,#8540,
#8541,#8542,#8543,#8544,#8545),.UNSPECIFIED.,.F.,.F.,(4,1,1,1,1,1,1,1,4),
(53.4070751110264,53.5739584484797,54.5634281700433,55.5528978916069,56.5423676131705,
57.5318373347341,58.5213070562977,59.5107767778613,59.690260418206),
 .UNSPECIFIED.);
#541=B_SPLINE_CURVE_WITH_KNOTS('',3,(#8550,#8551,#8552,#8553,#8554,#8555,
#8556,#8557,#8558,#8559,#8560),.UNSPECIFIED.,.F.,.F.,(4,1,1,1,1,1,1,1,4),
(47.1238898038469,47.1985560301192,48.1880257516828,49.1774954732464,50.16696519481,
51.1564349163736,52.1459046379372,53.1353743595008,53.4070751110265),
 .UNSPECIFIED.);
#542=B_SPLINE_CURVE_WITH_KNOTS('',3,(#8561,#8562,#8563,#8564,#8565,#8566,
#8567,#8568,#8569,#8570),.UNSPECIFIED.,.F.,.F.,(4,1,1,1,1,1,1,4),(47.1238898038468,
47.6371401190981,48.6266098406617,49.6160795622253,50.6055492837889,51.5950190053525,
52.5844887269161,53.4070751110264),.UNSPECIFIED.);
#543=B_SPLINE_CURVE_WITH_KNOTS('',3,(#8821,#8822,#8823,#8824,#8825,#8826,
#8827,#8828,#8829,#8830,#8831,#8832,#8833,#8834,#8835,#8836,#8837,#8838,
#8839,#8840,#8841,#8842,#8843,#8844,#8845,#8846,#8847,#8848,#8849,#8850,
#8851,#8852,#8853,#8854,#8855,#8856,#8857,#8858,#8859,#8860,#8861,#8862,
#8863,#8864,#8865,#8866,#8867,#8868,#8869,#8870,#8871,#8872,#8873,#8874,
#8875,#8876,#8877,#8878,#8879,#8880,#8881,#8882,#8883,#8884,#8885,#8886,
#8887,#8888,#8889,#8890,#8891,#8892,#8893,#8894,#8895,#8896,#8897,#8898,
#8899,#8900,#8901,#8902,#8903,#8904,#8905),.UNSPECIFIED.,.F.,.F.,(4,3,3,
3,3,3,3,3,3,3,3,3,3,3,3,3,3,3,3,3,3,3,3,3,3,3,3,3,4),(0.,0.0301484797090021,
0.0610723306505921,0.0911596030735942,0.117485966443721,0.123669970119589,
0.154346479881159,0.184954381128722,0.214158413355194,0.236771078209772,
0.241230626352974,0.271500568193792,0.301770510034609,0.331759533629321,
0.347567633849208,0.352804282160191,0.357284304184585,0.386672160785646,
0.416238701189604,0.445533372291389,0.455971295070927,0.464102018370286,
0.468622823519187,0.497639401926268,0.519401835731579,0.524977131125888,
0.530778940978922,0.558610207611533,0.584689137147512),.UNSPECIFIED.);
#544=B_SPLINE_CURVE_WITH_KNOTS('',3,(#8906,#8907,#8908,#8909,#8910,#8911,
#8912,#8913,#8914,#8915,#8916,#8917,#8918,#8919,#8920,#8921,#8922,#8923,
#8924),.UNSPECIFIED.,.F.,.F.,(4,3,3,3,3,3,4),(48.4163954428238,48.4840163566163,
49.4734860781799,50.4629557997435,51.4524255213071,52.4418952428706,53.4318120610548),
 .UNSPECIFIED.);
#545=B_SPLINE_CURVE_WITH_KNOTS('',3,(#8926,#8927,#8928,#8929,#8930,#8931,
#8932,#8933,#8934,#8935,#8936,#8937,#8938,#8939,#8940,#8941,#8942,#8943,
#8944,#8945,#8946,#8947,#8948,#8949,#8950,#8951,#8952,#8953,#8954,#8955,
#8956,#8957,#8958,#8959,#8960,#8961,#8962,#8963,#8964,#8965,#8966,#8967,
#8968,#8969,#8970,#8971,#8972,#8973,#8974,#8975,#8976,#8977,#8978,#8979,
#8980,#8981,#8982,#8983,#8984,#8985,#8986,#8987,#8988,#8989,#8990,#8991,
#8992,#8993,#8994,#8995,#8996,#8997,#8998,#8999,#9000,#9001,#9002,#9003,
#9004,#9005,#9006,#9007,#9008,#9009,#9010),.UNSPECIFIED.,.F.,.F.,(4,3,3,
3,3,3,3,3,3,3,3,3,3,3,3,3,3,3,3,3,3,3,3,3,3,3,3,3,4),(-0.584689137147503,
-0.55722616837676,-0.540145473628635,-0.527304508820523,-0.5213954858599,
-0.492656086928341,-0.468811939649475,-0.461466089634605,-0.432295815749564,
-0.402738595928819,-0.377529674120968,-0.35862298276508,-0.353213764886228,
-0.348870437035155,-0.318794452266377,-0.301902908697415,-0.272649660531192,
-0.242856095885618,-0.238375962096003,-0.233969749869924,-0.203985058744748,
-0.173477768858329,-0.142802593683144,-0.124952269472751,-0.120221179659255,
-0.0890151497624921,-0.0578118644183997,-0.02730650730529,0.),
 .UNSPECIFIED.);
#546=B_SPLINE_CURVE_WITH_KNOTS('',3,(#9011,#9012,#9013,#9014,#9015,#9016,
#9017),.UNSPECIFIED.,.F.,.F.,(4,1,1,1,4),(44.6682838577868,44.6687309544073,
45.6582006759709,46.6476703975345,47.1238898038468),.UNSPECIFIED.);
#547=B_SPLINE_CURVE_WITH_KNOTS('',3,(#9020,#9021,#9022,#9023,#9024,#9025,
#9026,#9027,#9028,#9029,#9030,#9031,#9032,#9033,#9034,#9035,#9036,#9037,
#9038,#9039,#9040,#9041,#9042,#9043,#9044,#9045,#9046,#9047,#9048,#9049,
#9050,#9051,#9052,#9053,#9054,#9055,#9056,#9057,#9058,#9059,#9060,#9061,
#9062,#9063,#9064,#9065,#9066,#9067,#9068,#9069,#9070,#9071,#9072,#9073,
#9074,#9075,#9076,#9077,#9078,#9079,#9080,#9081,#9082,#9083,#9084,#9085,
#9086,#9087,#9088,#9089,#9090,#9091,#9092,#9093,#9094,#9095,#9096,#9097,
#9098,#9099,#9100,#9101,#9102,#9103,#9104,#9105,#9106,#9107),
 .UNSPECIFIED.,.F.,.F.,(4,3,3,3,3,3,3,3,3,3,3,3,3,3,3,3,3,3,3,3,3,3,3,3,
3,3,3,3,3,4),(-0.583072842895335,-0.552371092427946,-0.533941237720208,
-0.521106178668205,-0.512267365214664,-0.48126067348976,-0.456407661592087,
-0.451279174950923,-0.445959543056799,-0.415411546903672,-0.385011563939245,
-0.359367817531528,-0.34013500772574,-0.334161038291947,-0.329600376112017,
-0.300222210040836,-0.282436578308375,-0.252685159365304,-0.22273343885291,
-0.21662745529551,-0.187353284714358,-0.157933643585843,-0.128812142011,
-0.112710624259625,-0.108571038212019,-0.104247024955281,-0.0755898509174937,
-0.0473186572941905,-0.0199424080912115,0.),.UNSPECIFIED.);
#548=B_SPLINE_CURVE_WITH_KNOTS('',3,(#9110,#9111,#9112,#9113),
 .UNSPECIFIED.,.F.,.F.,(4,4),(46.2090863085556,47.1238898038469),
 .UNSPECIFIED.);
#549=B_SPLINE_CURVE_WITH_KNOTS('',3,(#9351,#9352,#9353,#9354,#9355,#9356,
#9357,#9358,#9359,#9360,#9361,#9362,#9363,#9364,#9365,#9366,#9367,#9368,
#9369,#9370,#9371,#9372,#9373,#9374,#9375,#9376,#9377,#9378,#9379,#9380,
#9381,#9382,#9383,#9384,#9385,#9386,#9387,#9388,#9389,#9390,#9391,#9392,
#9393,#9394,#9395,#9396,#9397,#9398,#9399,#9400,#9401,#9402,#9403,#9404,
#9405,#9406,#9407,#9408,#9409,#9410,#9411,#9412,#9413,#9414,#9415,#9416,
#9417,#9418,#9419,#9420,#9421,#9422,#9423,#9424,#9425,#9426,#9427,#9428,
#9429,#9430,#9431,#9432,#9433,#9434,#9435,#9436,#9437,#9438,#9439,#9440,
#9441,#9442,#9443,#9444),.UNSPECIFIED.,.F.,.F.,(4,3,3,3,3,3,3,3,3,3,3,3,
3,3,3,3,3,3,3,3,3,3,3,3,3,3,3,3,3,3,3,4),(0.,0.027060958689006,0.0548977553059576,
0.0833236043830022,0.0964654674733425,0.103420980571972,0.107857371796257,
0.112630725125639,0.141616840581022,0.171016161007127,0.198838257735924,
0.211106719282894,0.217739550021897,0.222263907067988,0.252284227495151,
0.282304547922314,0.311577533947458,0.3285459907567,0.333450782424627,0.33805554610344,
0.368682708202426,0.399008895442791,0.429534947805081,0.440435088602478,
0.449769959282442,0.454210942168083,0.486426417349894,0.510588023736252,
0.517035680929162,0.548271981045072,0.578974701414695,0.583072842895326),
 .UNSPECIFIED.);
#550=B_SPLINE_CURVE_WITH_KNOTS('',3,(#9445,#9446,#9447,#9448,#9449,#9450,
#9451,#9452,#9453,#9454,#9455,#9456,#9457,#9458,#9459,#9460),
 .UNSPECIFIED.,.F.,.F.,(4,3,3,3,3,4),(-55.4103044075615,-54.4208346859979,
-53.4313649644343,-52.4418952428707,-51.4524255213071,-51.180285952728),
 .UNSPECIFIED.);
#551=B_SPLINE_CURVE_WITH_KNOTS('',3,(#9672,#9673,#9674,#9675,#9676,#9677,
#9678,#9679,#9680,#9681,#9682,#9683,#9684,#9685,#9686,#9687,#9688,#9689,
#9690,#9691,#9692,#9693,#9694,#9695,#9696,#9697,#9698,#9699,#9700,#9701,
#9702,#9703,#9704,#9705,#9706,#9707,#9708,#9709,#9710,#9711,#9712,#9713,
#9714,#9715,#9716,#9717,#9718,#9719,#9720,#9721,#9722,#9723,#9724,#9725,
#9726,#9727,#9728,#9729,#9730,#9731,#9732,#9733,#9734,#9735,#9736,#9737,
#9738,#9739,#9740,#9741,#9742,#9743,#9744,#9745,#9746,#9747,#9748,#9749,
#9750,#9751,#9752,#9753,#9754,#9755,#9756,#9757,#9758,#9759,#9760,#9761,
#9762,#9763,#9764,#9765),.UNSPECIFIED.,.F.,.F.,(4,3,3,3,3,3,3,3,3,3,3,3,
3,3,3,3,3,3,3,3,3,3,3,3,3,3,3,3,3,3,3,4),(0.,0.0106219051907538,0.0518470147484482,
0.093962050405576,0.136504669636954,0.177613306174077,0.185558344473147,
0.22727969690556,0.269023417991937,0.3103081865139,0.349074580368908,0.357706724531568,
0.363018732541703,0.403667931486776,0.443491003101013,0.465373761933933,
0.50602339210103,0.528047400080616,0.536068222943616,0.575804224305258,
0.615724587656188,0.655171155915129,0.682215455937719,0.696875800827046,
0.705226736309672,0.744557561605435,0.781303877113943,0.795219876839815,
0.80201510264928,0.84068484265672,0.87874032790496,0.891542823639465),
 .UNSPECIFIED.);
#552=B_SPLINE_CURVE_WITH_KNOTS('',3,(#9766,#9767,#9768,#9769,#9770,#9771,
#9772,#9773,#9774,#9775,#9776,#9777,#9778,#9779,#9780,#9781),
 .UNSPECIFIED.,.F.,.F.,(4,3,3,3,3,4),(40.0553063332699,40.5890792874199,
41.5790568310155,42.5690343746111,43.5590119182067,44.526510050879),
 .UNSPECIFIED.);
#553=B_SPLINE_CURVE_WITH_KNOTS('',3,(#9783,#9784,#9785,#9786,#9787,#9788,
#9789,#9790,#9791,#9792,#9793,#9794,#9795,#9796,#9797,#9798,#9799,#9800,
#9801,#9802,#9803,#9804,#9805,#9806,#9807,#9808,#9809,#9810,#9811,#9812,
#9813,#9814,#9815,#9816,#9817,#9818,#9819,#9820,#9821,#9822,#9823,#9824,
#9825,#9826,#9827,#9828,#9829,#9830,#9831,#9832,#9833,#9834,#9835,#9836,
#9837,#9838,#9839,#9840,#9841,#9842,#9843,#9844,#9845,#9846,#9847,#9848,
#9849,#9850,#9851,#9852,#9853,#9854,#9855,#9856,#9857,#9858,#9859,#9860,
#9861,#9862,#9863,#9864,#9865,#9866,#9867,#9868,#9869,#9870,#9871,#9872,
#9873,#9874,#9875,#9876,#9877,#9878,#9879,#9880,#9881,#9882),
 .UNSPECIFIED.,.F.,.F.,(4,3,3,3,3,3,3,3,3,3,3,3,3,3,3,3,3,3,3,3,3,3,3,3,
3,3,3,3,3,3,3,3,3,4),(-0.891542823639474,-0.882197549747767,-0.844680788454596,
-0.815065015977581,-0.799737073545484,-0.792475745706397,-0.753885217790983,
-0.716567770435769,-0.705322867464163,-0.696855369225156,-0.657165600586207,
-0.616984614443269,-0.57657487056977,-0.546267562664646,-0.537428238749905,
-0.531691377179426,-0.490751793129813,-0.455345638949273,-0.415473076403246,
-0.375043085197879,-0.362074629769841,-0.355381815109021,-0.314870286764984,
-0.272994393836696,-0.231118500908409,-0.202228688294858,-0.189589395276429,
-0.182517137626934,-0.177067213812541,-0.135278509950117,-0.0930136765816132,
-0.0508522639677172,-0.00931322085883941,0.),.UNSPECIFIED.);
#554=B_SPLINE_CURVE_WITH_KNOTS('',3,(#9883,#9884,#9885,#9886),
 .UNSPECIFIED.,.F.,.F.,(4,4),(9.07101796869159,9.42477796076936),
 .UNSPECIFIED.);
#555=B_SPLINE_CURVE_WITH_KNOTS('',3,(#10098,#10099,#10100,#10101,#10102,
#10103,#10104,#10105,#10106,#10107,#10108,#10109,#10110,#10111,#10112,#10113,
#10114,#10115,#10116,#10117,#10118,#10119,#10120,#10121,#10122,#10123,#10124,
#10125,#10126,#10127,#10128,#10129,#10130,#10131,#10132,#10133,#10134,#10135,
#10136,#10137,#10138,#10139,#10140,#10141,#10142,#10143,#10144,#10145,#10146,
#10147,#10148,#10149,#10150,#10151,#10152,#10153,#10154,#10155,#10156,#10157,
#10158,#10159,#10160,#10161,#10162,#10163,#10164,#10165,#10166,#10167,#10168,
#10169,#10170,#10171,#10172,#10173,#10174,#10175,#10176,#10177,#10178,#10179,
#10180,#10181,#10182,#10183,#10184,#10185,#10186,#10187,#10188,#10189,#10190,
#10191),.UNSPECIFIED.,.F.,.F.,(4,3,3,3,3,3,3,3,3,3,3,3,3,3,3,3,3,3,3,3,
3,3,3,3,3,3,3,3,3,3,3,4),(0.,0.00932493323175143,0.0463600525024674,0.0843023566124929,
0.122992762207654,0.162050288978815,0.166726562553752,0.206039466219595,
0.245912455703183,0.285908555594569,0.323294660790162,0.330627524774858,
0.335808881103499,0.376538117564129,0.416991120567362,0.435452976376941,
0.475389665708002,0.498340465977869,0.506385851242105,0.546583372817801,
0.58740779269147,0.628617984758334,0.658996067866943,0.674977088971903,
0.682980716795141,0.724591241519156,0.765709208930444,0.780212230731926,
0.787940217350111,0.830237958887366,0.87227882374091,0.889063111164307),
 .UNSPECIFIED.);
#556=B_SPLINE_CURVE_WITH_KNOTS('',3,(#10192,#10193,#10194,#10195,#10196,
#10197,#10198,#10199,#10200,#10201,#10202,#10203,#10204,#10205,#10206,#10207,
#10208,#10209,#10210,#10211,#10212,#10213,#10214,#10215,#10216,#10217,#10218,
#10219,#10220,#10221,#10222,#10223,#10224,#10225,#10226,#10227,#10228,#10229,
#10230,#10231,#10232,#10233,#10234,#10235,#10236,#10237,#10238,#10239,#10240,
#10241,#10242,#10243,#10244,#10245,#10246,#10247,#10248,#10249,#10250,#10251,
#10252,#10253,#10254,#10255,#10256,#10257,#10258,#10259,#10260,#10261,#10262,
#10263,#10264,#10265,#10266,#10267,#10268,#10269,#10270,#10271,#10272,#10273,
#10274,#10275,#10276,#10277,#10278,#10279,#10280,#10281,#10282,#10283,#10284,
#10285,#10286,#10287,#10288,#10289,#10290,#10291,#10292,#10293,#10294),
 .UNSPECIFIED.,.F.,.F.,(4,3,3,3,3,3,3,3,3,3,3,3,3,3,3,3,3,3,3,3,3,3,3,3,
3,3,3,3,3,3,3,3,3,3,4),(-0.889063111164309,-0.878469685782072,-0.836605980648775,
-0.809701923739303,-0.794426240497601,-0.78512922641527,-0.778021332496537,
-0.733950268412351,-0.695388087338688,-0.683218903445976,-0.674535118469761,
-0.633024042798776,-0.591595097567636,-0.550059528131488,-0.518907851054378,
-0.505469483244507,-0.4987616900146,-0.458718406665471,-0.425452819823047,
-0.385102120684239,-0.344741744834772,-0.332870941719385,-0.327200643277832,
-0.287671109275132,-0.248122725169547,-0.209173343642922,-0.183026675687557,
-0.171262549703096,-0.163536197389308,-0.15806099071818,-0.118545743038635,
-0.0797888219109243,-0.0398944109554622,-0.00233125020928957,0.),
 .UNSPECIFIED.);
#557=B_SPLINE_CURVE_WITH_KNOTS('',3,(#10295,#10296,#10297,#10298,#10299,
#10300,#10301,#10302,#10303,#10304,#10305,#10306,#10307,#10308,#10309,#10310),
 .UNSPECIFIED.,.F.,.F.,(4,3,3,3,3,4),(-46.5289445489935,-46.0339557771957,
-45.5389670053979,-44.5489894618023,-43.5590119182067,-42.8431389947819),
 .UNSPECIFIED.);
#558=B_SPLINE_CURVE_WITH_KNOTS('',3,(#10319,#10320,#10321,#10322,#10323,
#10324,#10325,#10326,#10327,#10328),.UNSPECIFIED.,.F.,.F.,(4,2,2,2,4),(0.,
0.0473310691263614,0.0946621382527229,0.14198502863796,0.189307919023197),
 .UNSPECIFIED.);
#559=B_SPLINE_CURVE_WITH_KNOTS('',3,(#10330,#10331,#10332,#10333,#10334,
#10335,#10336,#10337,#10338,#10339),.UNSPECIFIED.,.F.,.F.,(4,2,2,2,4),(0.567923757069589,
0.615246647454826,0.662569537840063,0.709900606966425,0.757231676092786),
 .UNSPECIFIED.);
#560=B_SPLINE_CURVE_WITH_KNOTS('',3,(#10340,#10341,#10342,#10343,#10344,
#10345,#10346,#10347,#10348,#10349,#10350,#10351,#10352,#10353,#10354,#10355,
#10356,#10357),.UNSPECIFIED.,.F.,.F.,(4,2,2,2,2,2,2,2,4),(0.189307919023197,
0.236630809408433,0.28395369979367,0.331284768920032,0.378615838046393,
0.425946907172754,0.473277976299116,0.520600866684353,0.567923757069589),
 .UNSPECIFIED.);
#561=LINE('',#6521,#769);
#562=LINE('',#6540,#770);
#563=LINE('',#6548,#771);
#564=LINE('',#6564,#772);
#565=LINE('',#6569,#773);
#566=LINE('',#6574,#774);
#567=LINE('',#6578,#775);
#568=LINE('',#6583,#776);
#569=LINE('',#6587,#777);
#570=LINE('',#6592,#778);
#571=LINE('',#6596,#779);
#572=LINE('',#6601,#780);
#573=LINE('',#6605,#781);
#574=LINE('',#6610,#782);
#575=LINE('',#6614,#783);
#576=LINE('',#6619,#784);
#577=LINE('',#6623,#785);
#578=LINE('',#6629,#786);
#579=LINE('',#6635,#787);
#580=LINE('',#6639,#788);
#581=LINE('',#6643,#789);
#582=LINE('',#6685,#790);
#583=LINE('',#6704,#791);
#584=LINE('',#6727,#792);
#585=LINE('',#6776,#793);
#586=LINE('',#6780,#794);
#587=LINE('',#6785,#795);
#588=LINE('',#6791,#796);
#589=LINE('',#6797,#797);
#590=LINE('',#6803,#798);
#591=LINE('',#6808,#799);
#592=LINE('',#6812,#800);
#593=LINE('',#6816,#801);
#594=LINE('',#6819,#802);
#595=LINE('',#6824,#803);
#596=LINE('',#6833,#804);
#597=LINE('',#6843,#805);
#598=LINE('',#6885,#806);
#599=LINE('',#6904,#807);
#600=LINE('',#6927,#808);
#601=LINE('',#6976,#809);
#602=LINE('',#6980,#810);
#603=LINE('',#6985,#811);
#604=LINE('',#6991,#812);
#605=LINE('',#6997,#813);
#606=LINE('',#7003,#814);
#607=LINE('',#7008,#815);
#608=LINE('',#7012,#816);
#609=LINE('',#7016,#817);
#610=LINE('',#7019,#818);
#611=LINE('',#7024,#819);
#612=LINE('',#7033,#820);
#613=LINE('',#7044,#821);
#614=LINE('',#7051,#822);
#615=LINE('',#7058,#823);
#616=LINE('',#7065,#824);
#617=LINE('',#7071,#825);
#618=LINE('',#7080,#826);
#619=LINE('',#7085,#827);
#620=LINE('',#7089,#828);
#621=LINE('',#7112,#829);
#622=LINE('',#7133,#830);
#623=LINE('',#7167,#831);
#624=LINE('',#7192,#832);
#625=LINE('',#7211,#833);
#626=LINE('',#7225,#834);
#627=LINE('',#7247,#835);
#628=LINE('',#7252,#836);
#629=LINE('',#7257,#837);
#630=LINE('',#7262,#838);
#631=LINE('',#7267,#839);
#632=LINE('',#7272,#840);
#633=LINE('',#7275,#841);
#634=LINE('',#7280,#842);
#635=LINE('',#7284,#843);
#636=LINE('',#7288,#844);
#637=LINE('',#7292,#845);
#638=LINE('',#7296,#846);
#639=LINE('',#7300,#847);
#640=LINE('',#7304,#848);
#641=LINE('',#7308,#849);
#642=LINE('',#7311,#850);
#643=LINE('',#7315,#851);
#644=LINE('',#7319,#852);
#645=LINE('',#7323,#853);
#646=LINE('',#7327,#854);
#647=LINE('',#7341,#855);
#648=LINE('',#7357,#856);
#649=LINE('',#7380,#857);
#650=LINE('',#7382,#858);
#651=LINE('',#7383,#859);
#652=LINE('',#7392,#860);
#653=LINE('',#7399,#861);
#654=LINE('',#7407,#862);
#655=LINE('',#7413,#863);
#656=LINE('',#7424,#864);
#657=LINE('',#7433,#865);
#658=LINE('',#7439,#866);
#659=LINE('',#7472,#867);
#660=LINE('',#7520,#868);
#661=LINE('',#7571,#869);
#662=LINE('',#7622,#870);
#663=LINE('',#7670,#871);
#664=LINE('',#7721,#872);
#665=LINE('',#7772,#873);
#666=LINE('',#7788,#874);
#667=LINE('',#7814,#875);
#668=LINE('',#7838,#876);
#669=LINE('',#7863,#877);
#670=LINE('',#7888,#878);
#671=LINE('',#7912,#879);
#672=LINE('',#7937,#880);
#673=LINE('',#7963,#881);
#674=LINE('',#7987,#882);
#675=LINE('',#8010,#883);
#676=LINE('',#8058,#884);
#677=LINE('',#8109,#885);
#678=LINE('',#8160,#886);
#679=LINE('',#8208,#887);
#680=LINE('',#8262,#888);
#681=LINE('',#8310,#889);
#682=LINE('',#8358,#890);
#683=LINE('',#8376,#891);
#684=LINE('',#8401,#892);
#685=LINE('',#8425,#893);
#686=LINE('',#8450,#894);
#687=LINE('',#8475,#895);
#688=LINE('',#8500,#896);
#689=LINE('',#8524,#897);
#690=LINE('',#8549,#898);
#691=LINE('',#8575,#899);
#692=LINE('',#8583,#900);
#693=LINE('',#10317,#901);
#694=LINE('',#10367,#902);
#695=LINE('',#10369,#903);
#696=LINE('',#10371,#904);
#697=LINE('',#10373,#905);
#698=LINE('',#10375,#906);
#699=LINE('',#10376,#907);
#700=LINE('',#10379,#908);
#701=LINE('',#10381,#909);
#702=LINE('',#10382,#910);
#703=LINE('',#10385,#911);
#704=LINE('',#10386,#912);
#705=LINE('',#10389,#913);
#706=LINE('',#10390,#914);
#707=LINE('',#10393,#915);
#708=LINE('',#10395,#916);
#709=LINE('',#10396,#917);
#710=LINE('',#10400,#918);
#711=LINE('',#10402,#919);
#712=LINE('',#10405,#920);
#713=LINE('',#10406,#921);
#714=LINE('',#10417,#922);
#715=LINE('',#10425,#923);
#716=LINE('',#10433,#924);
#717=LINE('',#10441,#925);
#718=LINE('',#10447,#926);
#719=LINE('',#10453,#927);
#720=LINE('',#10459,#928);
#721=LINE('',#10465,#929);
#722=LINE('',#10471,#930);
#723=LINE('',#10477,#931);
#724=LINE('',#10483,#932);
#725=LINE('',#10489,#933);
#726=LINE('',#10495,#934);
#727=LINE('',#10501,#935);
#728=LINE('',#10510,#936);
#729=LINE('',#10519,#937);
#730=LINE('',#10525,#938);
#731=LINE('',#10531,#939);
#732=LINE('',#10537,#940);
#733=LINE('',#10543,#941);
#734=LINE('',#10549,#942);
#735=LINE('',#10555,#943);
#736=LINE('',#10561,#944);
#737=LINE('',#10567,#945);
#738=LINE('',#10573,#946);
#739=LINE('',#10582,#947);
#740=LINE('',#10587,#948);
#741=LINE('',#10589,#949);
#742=LINE('',#10591,#950);
#743=LINE('',#10592,#951);
#744=LINE('',#10598,#952);
#745=LINE('',#10601,#953);
#746=LINE('',#10603,#954);
#747=LINE('',#10604,#955);
#748=LINE('',#10615,#956);
#749=LINE('',#10621,#957);
#750=LINE('',#10627,#958);
#751=LINE('',#10633,#959);
#752=LINE('',#10639,#960);
#753=LINE('',#10645,#961);
#754=LINE('',#10651,#962);
#755=LINE('',#10657,#963);
#756=LINE('',#10663,#964);
#757=LINE('',#10669,#965);
#758=LINE('',#10697,#966);
#759=LINE('',#10704,#967);
#760=LINE('',#10708,#968);
#761=LINE('',#10712,#969);
#762=LINE('',#10716,#970);
#763=LINE('',#10720,#971);
#764=LINE('',#10724,#972);
#765=LINE('',#10728,#973);
#766=LINE('',#10732,#974);
#767=LINE('',#10736,#975);
#768=LINE('',#10741,#976);
#769=VECTOR('',#5210,8.90743185058812);
#770=VECTOR('',#5211,8.90743185058812);
#771=VECTOR('',#5220,8.90743185058811);
#772=VECTOR('',#5221,8.90743185058811);
#773=VECTOR('',#5228,10.75);
#774=VECTOR('',#5233,0.8105);
#775=VECTOR('',#5238,1.621);
#776=VECTOR('',#5243,0.8105);
#777=VECTOR('',#5248,1.621);
#778=VECTOR('',#5253,0.8105);
#779=VECTOR('',#5258,1.621);
#780=VECTOR('',#5263,0.8105);
#781=VECTOR('',#5268,1.621);
#782=VECTOR('',#5273,0.8105);
#783=VECTOR('',#5278,1.621);
#784=VECTOR('',#5283,0.8105);
#785=VECTOR('',#5288,1.621);
#786=VECTOR('',#5295,8.);
#787=VECTOR('',#5302,9.15000000000001);
#788=VECTOR('',#5309,10.75);
#789=VECTOR('',#5312,15.3664292845953);
#790=VECTOR('',#5313,15.3664292845953);
#791=VECTOR('',#5318,41.3);
#792=VECTOR('',#5329,15.3664292845953);
#793=VECTOR('',#5344,15.3664292845953);
#794=VECTOR('',#5349,4.2);
#795=VECTOR('',#5354,4.2);
#796=VECTOR('',#5361,4.2);
#797=VECTOR('',#5368,4.2);
#798=VECTOR('',#5375,4.2);
#799=VECTOR('',#5382,4.2);
#800=VECTOR('',#5387,4.2);
#801=VECTOR('',#5392,4.2);
#802=VECTOR('',#5395,39.95);
#803=VECTOR('',#5402,38.4908089297201);
#804=VECTOR('',#5415,57.15);
#805=VECTOR('',#5430,10.);
#806=VECTOR('',#5431,10.);
#807=VECTOR('',#5436,41.35);
#808=VECTOR('',#5447,10.);
#809=VECTOR('',#5462,10.);
#810=VECTOR('',#5467,4.2);
#811=VECTOR('',#5472,4.2);
#812=VECTOR('',#5479,4.2);
#813=VECTOR('',#5486,4.2);
#814=VECTOR('',#5493,4.2);
#815=VECTOR('',#5500,4.2);
#816=VECTOR('',#5505,4.2);
#817=VECTOR('',#5510,4.2);
#818=VECTOR('',#5513,39.975);
#819=VECTOR('',#5520,38.4908089297201);
#820=VECTOR('',#5533,57.15);
#821=VECTOR('',#5550,4.);
#822=VECTOR('',#5559,4.);
#823=VECTOR('',#5568,4.);
#824=VECTOR('',#5577,4.);
#825=VECTOR('',#5584,0.8105);
#826=VECTOR('',#5595,38.4908089297201);
#827=VECTOR('',#5602,8.);
#828=VECTOR('',#5607,39.95);
#829=VECTOR('',#5616,41.3);
#830=VECTOR('',#5623,9.15000000000001);
#831=VECTOR('',#5634,15.3664292845953);
#832=VECTOR('',#5635,15.3664292845953);
#833=VECTOR('',#5644,15.3664292845953);
#834=VECTOR('',#5645,15.3664292845953);
#835=VECTOR('',#5668,0.8105);
#836=VECTOR('',#5673,0.8105);
#837=VECTOR('',#5678,0.8105);
#838=VECTOR('',#5683,0.8105);
#839=VECTOR('',#5688,0.8105);
#840=VECTOR('',#5695,10.75);
#841=VECTOR('',#5698,57.15);
#842=VECTOR('',#5705,4.2);
#843=VECTOR('',#5710,4.2);
#844=VECTOR('',#5715,4.2);
#845=VECTOR('',#5720,4.2);
#846=VECTOR('',#5725,4.2);
#847=VECTOR('',#5730,4.2);
#848=VECTOR('',#5735,4.2);
#849=VECTOR('',#5740,4.2);
#850=VECTOR('',#5743,1.621);
#851=VECTOR('',#5748,1.621);
#852=VECTOR('',#5753,1.621);
#853=VECTOR('',#5758,1.621);
#854=VECTOR('',#5763,1.621);
#855=VECTOR('',#5780,8.90743185058811);
#856=VECTOR('',#5781,8.90743185058811);
#857=VECTOR('',#5788,10.75);
#858=VECTOR('',#5791,8.90743185058812);
#859=VECTOR('',#5792,8.90743185058812);
#860=VECTOR('',#5805,1.621);
#861=VECTOR('',#5814,19.0000002831221);
#862=VECTOR('',#5825,14.);
#863=VECTOR('',#5832,19.0000002831221);
#864=VECTOR('',#5849,2.5);
#865=VECTOR('',#5862,1.5);
#866=VECTOR('',#5869,4.75);
#867=VECTOR('',#5874,4.75);
#868=VECTOR('',#5877,4.75);
#869=VECTOR('',#5880,4.75);
#870=VECTOR('',#5883,4.75);
#871=VECTOR('',#5886,4.75);
#872=VECTOR('',#5889,4.75);
#873=VECTOR('',#5892,4.13258);
#874=VECTOR('',#5897,4.13258);
#875=VECTOR('',#5900,4.13258);
#876=VECTOR('',#5903,4.13258);
#877=VECTOR('',#5906,4.13258);
#878=VECTOR('',#5909,4.13258);
#879=VECTOR('',#5912,4.13258);
#880=VECTOR('',#5915,4.13258);
#881=VECTOR('',#5920,3.15);
#882=VECTOR('',#5923,3.15);
#883=VECTOR('',#5930,3.15);
#884=VECTOR('',#5933,3.15);
#885=VECTOR('',#5936,3.15);
#886=VECTOR('',#5939,3.15);
#887=VECTOR('',#5942,3.15);
#888=VECTOR('',#5945,3.15);
#889=VECTOR('',#5948,3.15);
#890=VECTOR('',#5951,2.74447);
#891=VECTOR('',#5956,2.74447);
#892=VECTOR('',#5959,2.74447);
#893=VECTOR('',#5962,2.74447);
#894=VECTOR('',#5965,2.74447);
#895=VECTOR('',#5968,2.74447);
#896=VECTOR('',#5971,2.74447);
#897=VECTOR('',#5974,2.74447);
#898=VECTOR('',#5977,2.74447);
#899=VECTOR('',#5982,2.5);
#900=VECTOR('',#5993,1.5);
#901=VECTOR('',#6016,1.25);
#902=VECTOR('',#6029,10.);
#903=VECTOR('',#6030,10.);
#904=VECTOR('',#6031,10.);
#905=VECTOR('',#6032,10.);
#906=VECTOR('',#6033,10.);
#907=VECTOR('',#6034,10.);
#908=VECTOR('',#6037,10.);
#909=VECTOR('',#6038,10.);
#910=VECTOR('',#6039,10.);
#911=VECTOR('',#6042,10.);
#912=VECTOR('',#6043,10.);
#913=VECTOR('',#6046,10.);
#914=VECTOR('',#6047,10.);
#915=VECTOR('',#6050,10.);
#916=VECTOR('',#6051,10.);
#917=VECTOR('',#6052,10.);
#918=VECTOR('',#6057,10.);
#919=VECTOR('',#6060,10.);
#920=VECTOR('',#6065,4.75);
#921=VECTOR('',#6066,4.75);
#922=VECTOR('',#6083,4.);
#923=VECTOR('',#6094,4.);
#924=VECTOR('',#6105,4.);
#925=VECTOR('',#6116,4.);
#926=VECTOR('',#6123,5.);
#927=VECTOR('',#6130,1.5);
#928=VECTOR('',#6137,1.5);
#929=VECTOR('',#6144,4.5);
#930=VECTOR('',#6151,4.5);
#931=VECTOR('',#6158,4.5);
#932=VECTOR('',#6165,4.5);
#933=VECTOR('',#6172,1.5);
#934=VECTOR('',#6179,1.5);
#935=VECTOR('',#6186,30.5);
#936=VECTOR('',#6199,19.0000002831221);
#937=VECTOR('',#6212,17.);
#938=VECTOR('',#6219,1.5);
#939=VECTOR('',#6226,1.5);
#940=VECTOR('',#6233,4.5);
#941=VECTOR('',#6240,4.5);
#942=VECTOR('',#6247,4.5);
#943=VECTOR('',#6254,4.5);
#944=VECTOR('',#6261,1.5);
#945=VECTOR('',#6268,1.5);
#946=VECTOR('',#6275,30.5);
#947=VECTOR('',#6288,15.);
#948=VECTOR('',#6293,10.);
#949=VECTOR('',#6294,10.);
#950=VECTOR('',#6295,10.);
#951=VECTOR('',#6296,10.);
#952=VECTOR('',#6303,10.);
#953=VECTOR('',#6306,10.);
#954=VECTOR('',#6307,10.);
#955=VECTOR('',#6308,10.);
#956=VECTOR('',#6325,11.);
#957=VECTOR('',#6332,1.5);
#958=VECTOR('',#6339,1.5);
#959=VECTOR('',#6346,4.5);
#960=VECTOR('',#6353,4.5);
#961=VECTOR('',#6360,4.5);
#962=VECTOR('',#6367,4.5);
#963=VECTOR('',#6374,1.5);
#964=VECTOR('',#6381,1.5);
#965=VECTOR('',#6388,30.5);
#966=VECTOR('',#6421,13.);
#967=VECTOR('',#6430,11.);
#968=VECTOR('',#6435,1.5);
#969=VECTOR('',#6440,1.5);
#970=VECTOR('',#6445,4.5);
#971=VECTOR('',#6450,4.5);
#972=VECTOR('',#6455,4.5);
#973=VECTOR('',#6460,4.5);
#974=VECTOR('',#6465,1.5);
#975=VECTOR('',#6470,1.5);
#976=VECTOR('',#6477,30.5);
#977=CYLINDRICAL_SURFACE('',#4650,2.5);
#978=CYLINDRICAL_SURFACE('',#4654,2.5);
#979=CYLINDRICAL_SURFACE('',#4655,10.75);
#980=CYLINDRICAL_SURFACE('',#4661,1.621);
#981=CYLINDRICAL_SURFACE('',#4665,1.621);
#982=CYLINDRICAL_SURFACE('',#4669,1.621);
#983=CYLINDRICAL_SURFACE('',#4673,1.621);
#984=CYLINDRICAL_SURFACE('',#4677,1.621);
#985=CYLINDRICAL_SURFACE('',#4681,1.621);
#986=CYLINDRICAL_SURFACE('',#4683,8.);
#987=CYLINDRICAL_SURFACE('',#4691,3.);
#988=CYLINDRICAL_SURFACE('',#4692,41.3);
#989=CYLINDRICAL_SURFACE('',#4705,3.);
#990=CYLINDRICAL_SURFACE('',#4706,4.2);
#991=CYLINDRICAL_SURFACE('',#4708,4.2);
#992=CYLINDRICAL_SURFACE('',#4711,4.2);
#993=CYLINDRICAL_SURFACE('',#4714,4.2);
#994=CYLINDRICAL_SURFACE('',#4717,4.2);
#995=CYLINDRICAL_SURFACE('',#4720,4.2);
#996=CYLINDRICAL_SURFACE('',#4722,4.2);
#997=CYLINDRICAL_SURFACE('',#4724,4.2);
#998=CYLINDRICAL_SURFACE('',#4735,57.15);
#999=CYLINDRICAL_SURFACE('',#4742,3.);
#1000=CYLINDRICAL_SURFACE('',#4743,41.35);
#1001=CYLINDRICAL_SURFACE('',#4756,3.);
#1002=CYLINDRICAL_SURFACE('',#4757,4.2);
#1003=CYLINDRICAL_SURFACE('',#4759,4.2);
#1004=CYLINDRICAL_SURFACE('',#4762,4.2);
#1005=CYLINDRICAL_SURFACE('',#4765,4.2);
#1006=CYLINDRICAL_SURFACE('',#4768,4.2);
#1007=CYLINDRICAL_SURFACE('',#4771,4.2);
#1008=CYLINDRICAL_SURFACE('',#4773,4.2);
#1009=CYLINDRICAL_SURFACE('',#4775,4.2);
#1010=CYLINDRICAL_SURFACE('',#4786,57.15);
#1011=CYLINDRICAL_SURFACE('',#4793,4.);
#1012=CYLINDRICAL_SURFACE('',#4797,4.);
#1013=CYLINDRICAL_SURFACE('',#4801,4.);
#1014=CYLINDRICAL_SURFACE('',#4805,4.);
#1015=CYLINDRICAL_SURFACE('',#4816,8.);
#1016=CYLINDRICAL_SURFACE('',#4822,41.3);
#1017=CYLINDRICAL_SURFACE('',#4831,3.);
#1018=CYLINDRICAL_SURFACE('',#4835,3.);
#1019=CYLINDRICAL_SURFACE('',#4858,57.15);
#1020=CYLINDRICAL_SURFACE('',#4860,4.2);
#1021=CYLINDRICAL_SURFACE('',#4862,4.2);
#1022=CYLINDRICAL_SURFACE('',#4864,4.2);
#1023=CYLINDRICAL_SURFACE('',#4866,4.2);
#1024=CYLINDRICAL_SURFACE('',#4868,4.2);
#1025=CYLINDRICAL_SURFACE('',#4870,4.2);
#1026=CYLINDRICAL_SURFACE('',#4872,4.2);
#1027=CYLINDRICAL_SURFACE('',#4874,4.2);
#1028=CYLINDRICAL_SURFACE('',#4876,1.621);
#1029=CYLINDRICAL_SURFACE('',#4878,1.621);
#1030=CYLINDRICAL_SURFACE('',#4880,1.621);
#1031=CYLINDRICAL_SURFACE('',#4882,1.621);
#1032=CYLINDRICAL_SURFACE('',#4884,1.621);
#1033=CYLINDRICAL_SURFACE('',#4892,2.5);
#1034=CYLINDRICAL_SURFACE('',#4893,10.75);
#1035=CYLINDRICAL_SURFACE('',#4896,2.5);
#1036=CYLINDRICAL_SURFACE('',#4902,1.621);
#1037=CYLINDRICAL_SURFACE('',#4905,19.0000002831221);
#1038=CYLINDRICAL_SURFACE('',#4910,14.);
#1039=CYLINDRICAL_SURFACE('',#4913,19.0000002831221);
#1040=CYLINDRICAL_SURFACE('',#4921,2.5);
#1041=CYLINDRICAL_SURFACE('',#4928,1.5);
#1042=CYLINDRICAL_SURFACE('',#4931,4.71678);
#1043=CYLINDRICAL_SURFACE('',#4933,4.71678);
#1044=CYLINDRICAL_SURFACE('',#4934,4.71678);
#1045=CYLINDRICAL_SURFACE('',#4935,4.71678);
#1046=CYLINDRICAL_SURFACE('',#4936,4.71678);
#1047=CYLINDRICAL_SURFACE('',#4937,4.71678);
#1048=CYLINDRICAL_SURFACE('',#4938,4.71678);
#1049=CYLINDRICAL_SURFACE('',#4939,4.13258);
#1050=CYLINDRICAL_SURFACE('',#4941,4.13258);
#1051=CYLINDRICAL_SURFACE('',#4942,4.13258);
#1052=CYLINDRICAL_SURFACE('',#4943,4.13258);
#1053=CYLINDRICAL_SURFACE('',#4944,4.13258);
#1054=CYLINDRICAL_SURFACE('',#4945,4.13258);
#1055=CYLINDRICAL_SURFACE('',#4946,4.13258);
#1056=CYLINDRICAL_SURFACE('',#4947,4.13258);
#1057=CYLINDRICAL_SURFACE('',#4949,3.12928);
#1058=CYLINDRICAL_SURFACE('',#4953,3.12928);
#1059=CYLINDRICAL_SURFACE('',#4954,3.12928);
#1060=CYLINDRICAL_SURFACE('',#4955,3.12928);
#1061=CYLINDRICAL_SURFACE('',#4956,3.12928);
#1062=CYLINDRICAL_SURFACE('',#4957,3.12928);
#1063=CYLINDRICAL_SURFACE('',#4958,3.12928);
#1064=CYLINDRICAL_SURFACE('',#4959,3.12928);
#1065=CYLINDRICAL_SURFACE('',#4960,2.74447);
#1066=CYLINDRICAL_SURFACE('',#4962,2.74447);
#1067=CYLINDRICAL_SURFACE('',#4963,2.74447);
#1068=CYLINDRICAL_SURFACE('',#4964,2.74447);
#1069=CYLINDRICAL_SURFACE('',#4965,2.74447);
#1070=CYLINDRICAL_SURFACE('',#4966,2.74447);
#1071=CYLINDRICAL_SURFACE('',#4967,2.74447);
#1072=CYLINDRICAL_SURFACE('',#4968,2.74447);
#1073=CYLINDRICAL_SURFACE('',#4969,2.74447);
#1074=CYLINDRICAL_SURFACE('',#4970,2.5);
#1075=CYLINDRICAL_SURFACE('',#4975,1.5);
#1076=CYLINDRICAL_SURFACE('',#4979,2.74447);
#1077=CYLINDRICAL_SURFACE('',#4980,3.12928);
#1078=CYLINDRICAL_SURFACE('',#4982,4.13258);
#1079=CYLINDRICAL_SURFACE('',#4984,4.71678);
#1080=CYLINDRICAL_SURFACE('',#4986,1.25);
#1081=CYLINDRICAL_SURFACE('',#5002,4.75);
#1082=CYLINDRICAL_SURFACE('',#5010,3.933);
#1083=CYLINDRICAL_SURFACE('',#5015,3.933);
#1084=CYLINDRICAL_SURFACE('',#5020,3.933);
#1085=CYLINDRICAL_SURFACE('',#5025,3.933);
#1086=CYLINDRICAL_SURFACE('',#5027,5.);
#1087=CYLINDRICAL_SURFACE('',#5030,1.5);
#1088=CYLINDRICAL_SURFACE('',#5033,1.5);
#1089=CYLINDRICAL_SURFACE('',#5036,4.5);
#1090=CYLINDRICAL_SURFACE('',#5039,4.5);
#1091=CYLINDRICAL_SURFACE('',#5042,4.5);
#1092=CYLINDRICAL_SURFACE('',#5045,4.5);
#1093=CYLINDRICAL_SURFACE('',#5048,1.5);
#1094=CYLINDRICAL_SURFACE('',#5051,1.5);
#1095=CYLINDRICAL_SURFACE('',#5054,30.5);
#1096=CYLINDRICAL_SURFACE('',#5060,19.0000002831221);
#1097=CYLINDRICAL_SURFACE('',#5066,17.);
#1098=CYLINDRICAL_SURFACE('',#5069,1.5);
#1099=CYLINDRICAL_SURFACE('',#5072,1.5);
#1100=CYLINDRICAL_SURFACE('',#5075,4.5);
#1101=CYLINDRICAL_SURFACE('',#5078,4.5);
#1102=CYLINDRICAL_SURFACE('',#5081,4.5);
#1103=CYLINDRICAL_SURFACE('',#5084,4.5);
#1104=CYLINDRICAL_SURFACE('',#5087,1.5);
#1105=CYLINDRICAL_SURFACE('',#5090,1.5);
#1106=CYLINDRICAL_SURFACE('',#5093,30.5);
#1107=CYLINDRICAL_SURFACE('',#5099,15.);
#1108=CYLINDRICAL_SURFACE('',#5103,19.0000003501773);
#1109=CYLINDRICAL_SURFACE('',#5107,30.5);
#1110=CYLINDRICAL_SURFACE('',#5113,11.);
#1111=CYLINDRICAL_SURFACE('',#5116,1.5);
#1112=CYLINDRICAL_SURFACE('',#5119,1.5);
#1113=CYLINDRICAL_SURFACE('',#5122,4.5);
#1114=CYLINDRICAL_SURFACE('',#5125,4.5);
#1115=CYLINDRICAL_SURFACE('',#5128,4.5);
#1116=CYLINDRICAL_SURFACE('',#5131,4.5);
#1117=CYLINDRICAL_SURFACE('',#5134,1.5);
#1118=CYLINDRICAL_SURFACE('',#5137,1.5);
#1119=CYLINDRICAL_SURFACE('',#5140,30.5);
#1120=CYLINDRICAL_SURFACE('',#5157,13.);
#1121=CYLINDRICAL_SURFACE('',#5161,11.);
#1122=CYLINDRICAL_SURFACE('',#5163,1.5);
#1123=CYLINDRICAL_SURFACE('',#5165,1.5);
#1124=CYLINDRICAL_SURFACE('',#5167,4.5);
#1125=CYLINDRICAL_SURFACE('',#5169,4.5);
#1126=CYLINDRICAL_SURFACE('',#5171,4.5);
#1127=CYLINDRICAL_SURFACE('',#5173,4.5);
#1128=CYLINDRICAL_SURFACE('',#5175,1.5);
#1129=CYLINDRICAL_SURFACE('',#5177,1.5);
#1130=CYLINDRICAL_SURFACE('',#5179,30.5);
#1131=FACE_OUTER_BOUND('',#1386,.T.);
#1132=FACE_OUTER_BOUND('',#1387,.T.);
#1133=FACE_OUTER_BOUND('',#1388,.T.);
#1134=FACE_OUTER_BOUND('',#1389,.T.);
#1135=FACE_OUTER_BOUND('',#1390,.T.);
#1136=FACE_OUTER_BOUND('',#1391,.T.);
#1137=FACE_OUTER_BOUND('',#1392,.T.);
#1138=FACE_OUTER_BOUND('',#1393,.T.);
#1139=FACE_OUTER_BOUND('',#1394,.T.);
#1140=FACE_OUTER_BOUND('',#1395,.T.);
#1141=FACE_OUTER_BOUND('',#1396,.T.);
#1142=FACE_OUTER_BOUND('',#1397,.T.);
#1143=FACE_OUTER_BOUND('',#1398,.T.);
#1144=FACE_OUTER_BOUND('',#1399,.T.);
#1145=FACE_OUTER_BOUND('',#1400,.T.);
#1146=FACE_OUTER_BOUND('',#1401,.T.);
#1147=FACE_OUTER_BOUND('',#1402,.T.);
#1148=FACE_OUTER_BOUND('',#1403,.T.);
#1149=FACE_OUTER_BOUND('',#1404,.T.);
#1150=FACE_OUTER_BOUND('',#1405,.T.);
#1151=FACE_OUTER_BOUND('',#1407,.T.);
#1152=FACE_OUTER_BOUND('',#1408,.T.);
#1153=FACE_OUTER_BOUND('',#1409,.T.);
#1154=FACE_OUTER_BOUND('',#1410,.T.);
#1155=FACE_OUTER_BOUND('',#1415,.T.);
#1156=FACE_OUTER_BOUND('',#1416,.T.);
#1157=FACE_OUTER_BOUND('',#1417,.T.);
#1158=FACE_OUTER_BOUND('',#1418,.T.);
#1159=FACE_OUTER_BOUND('',#1419,.T.);
#1160=FACE_OUTER_BOUND('',#1420,.T.);
#1161=FACE_OUTER_BOUND('',#1421,.T.);
#1162=FACE_OUTER_BOUND('',#1422,.T.);
#1163=FACE_OUTER_BOUND('',#1423,.T.);
#1164=FACE_OUTER_BOUND('',#1424,.T.);
#1165=FACE_OUTER_BOUND('',#1425,.T.);
#1166=FACE_OUTER_BOUND('',#1426,.T.);
#1167=FACE_OUTER_BOUND('',#1427,.T.);
#1168=FACE_OUTER_BOUND('',#1429,.T.);
#1169=FACE_OUTER_BOUND('',#1430,.T.);
#1170=FACE_OUTER_BOUND('',#1431,.T.);
#1171=FACE_OUTER_BOUND('',#1447,.T.);
#1172=FACE_OUTER_BOUND('',#1448,.T.);
#1173=FACE_OUTER_BOUND('',#1453,.T.);
#1174=FACE_OUTER_BOUND('',#1454,.T.);
#1175=FACE_OUTER_BOUND('',#1455,.T.);
#1176=FACE_OUTER_BOUND('',#1460,.T.);
#1177=FACE_OUTER_BOUND('',#1461,.T.);
#1178=FACE_OUTER_BOUND('',#1462,.T.);
#1179=FACE_OUTER_BOUND('',#1463,.T.);
#1180=FACE_OUTER_BOUND('',#1464,.T.);
#1181=FACE_OUTER_BOUND('',#1465,.T.);
#1182=FACE_OUTER_BOUND('',#1466,.T.);
#1183=FACE_OUTER_BOUND('',#1467,.T.);
#1184=FACE_OUTER_BOUND('',#1468,.T.);
#1185=FACE_OUTER_BOUND('',#1469,.T.);
#1186=FACE_OUTER_BOUND('',#1470,.T.);
#1187=FACE_OUTER_BOUND('',#1471,.T.);
#1188=FACE_OUTER_BOUND('',#1472,.T.);
#1189=FACE_OUTER_BOUND('',#1473,.T.);
#1190=FACE_OUTER_BOUND('',#1474,.T.);
#1191=FACE_OUTER_BOUND('',#1475,.T.);
#1192=FACE_OUTER_BOUND('',#1484,.T.);
#1193=FACE_OUTER_BOUND('',#1485,.T.);
#1194=FACE_OUTER_BOUND('',#1490,.T.);
#1195=FACE_OUTER_BOUND('',#1491,.T.);
#1196=FACE_OUTER_BOUND('',#1492,.T.);
#1197=FACE_OUTER_BOUND('',#1493,.T.);
#1198=FACE_OUTER_BOUND('',#1494,.T.);
#1199=FACE_OUTER_BOUND('',#1495,.T.);
#1200=FACE_OUTER_BOUND('',#1496,.T.);
#1201=FACE_OUTER_BOUND('',#1497,.T.);
#1202=FACE_OUTER_BOUND('',#1498,.T.);
#1203=FACE_OUTER_BOUND('',#1499,.T.);
#1204=FACE_OUTER_BOUND('',#1505,.T.);
#1205=FACE_OUTER_BOUND('',#1506,.T.);
#1206=FACE_OUTER_BOUND('',#1507,.T.);
#1207=FACE_OUTER_BOUND('',#1508,.T.);
#1208=FACE_OUTER_BOUND('',#1510,.T.);
#1209=FACE_OUTER_BOUND('',#1511,.T.);
#1210=FACE_OUTER_BOUND('',#1512,.T.);
#1211=FACE_OUTER_BOUND('',#1513,.T.);
#1212=FACE_OUTER_BOUND('',#1514,.T.);
#1213=FACE_OUTER_BOUND('',#1515,.T.);
#1214=FACE_OUTER_BOUND('',#1516,.T.);
#1215=FACE_OUTER_BOUND('',#1521,.T.);
#1216=FACE_OUTER_BOUND('',#1526,.T.);
#1217=FACE_OUTER_BOUND('',#1527,.T.);
#1218=FACE_OUTER_BOUND('',#1528,.T.);
#1219=FACE_OUTER_BOUND('',#1529,.T.);
#1220=FACE_OUTER_BOUND('',#1530,.T.);
#1221=FACE_OUTER_BOUND('',#1531,.T.);
#1222=FACE_OUTER_BOUND('',#1532,.T.);
#1223=FACE_OUTER_BOUND('',#1533,.T.);
#1224=FACE_OUTER_BOUND('',#1534,.T.);
#1225=FACE_OUTER_BOUND('',#1535,.T.);
#1226=FACE_OUTER_BOUND('',#1536,.T.);
#1227=FACE_OUTER_BOUND('',#1537,.T.);
#1228=FACE_OUTER_BOUND('',#1538,.T.);
#1229=FACE_OUTER_BOUND('',#1539,.T.);
#1230=FACE_OUTER_BOUND('',#1540,.T.);
#1231=FACE_OUTER_BOUND('',#1541,.T.);
#1232=FACE_OUTER_BOUND('',#1542,.T.);
#1233=FACE_OUTER_BOUND('',#1543,.T.);
#1234=FACE_OUTER_BOUND('',#1544,.T.);
#1235=FACE_OUTER_BOUND('',#1545,.T.);
#1236=FACE_OUTER_BOUND('',#1546,.T.);
#1237=FACE_OUTER_BOUND('',#1547,.T.);
#1238=FACE_OUTER_BOUND('',#1548,.T.);
#1239=FACE_OUTER_BOUND('',#1549,.T.);
#1240=FACE_OUTER_BOUND('',#1550,.T.);
#1241=FACE_OUTER_BOUND('',#1551,.T.);
#1242=FACE_OUTER_BOUND('',#1552,.T.);
#1243=FACE_OUTER_BOUND('',#1568,.T.);
#1244=FACE_OUTER_BOUND('',#1569,.T.);
#1245=FACE_OUTER_BOUND('',#1570,.T.);
#1246=FACE_OUTER_BOUND('',#1571,.T.);
#1247=FACE_OUTER_BOUND('',#1572,.T.);
#1248=FACE_OUTER_BOUND('',#1573,.T.);
#1249=FACE_OUTER_BOUND('',#1574,.T.);
#1250=FACE_OUTER_BOUND('',#1576,.T.);
#1251=FACE_OUTER_BOUND('',#1578,.T.);
#1252=FACE_OUTER_BOUND('',#1579,.T.);
#1253=FACE_OUTER_BOUND('',#1581,.T.);
#1254=FACE_OUTER_BOUND('',#1582,.T.);
#1255=FACE_OUTER_BOUND('',#1583,.T.);
#1256=FACE_OUTER_BOUND('',#1584,.T.);
#1257=FACE_OUTER_BOUND('',#1585,.T.);
#1258=FACE_OUTER_BOUND('',#1586,.T.);
#1259=FACE_OUTER_BOUND('',#1587,.T.);
#1260=FACE_OUTER_BOUND('',#1588,.T.);
#1261=FACE_OUTER_BOUND('',#1589,.T.);
#1262=FACE_OUTER_BOUND('',#1590,.T.);
#1263=FACE_OUTER_BOUND('',#1591,.T.);
#1264=FACE_OUTER_BOUND('',#1592,.T.);
#1265=FACE_OUTER_BOUND('',#1593,.T.);
#1266=FACE_OUTER_BOUND('',#1594,.T.);
#1267=FACE_OUTER_BOUND('',#1595,.T.);
#1268=FACE_OUTER_BOUND('',#1596,.T.);
#1269=FACE_OUTER_BOUND('',#1597,.T.);
#1270=FACE_OUTER_BOUND('',#1598,.T.);
#1271=FACE_OUTER_BOUND('',#1599,.T.);
#1272=FACE_OUTER_BOUND('',#1600,.T.);
#1273=FACE_OUTER_BOUND('',#1601,.T.);
#1274=FACE_OUTER_BOUND('',#1602,.T.);
#1275=FACE_OUTER_BOUND('',#1603,.T.);
#1276=FACE_OUTER_BOUND('',#1604,.T.);
#1277=FACE_OUTER_BOUND('',#1605,.T.);
#1278=FACE_OUTER_BOUND('',#1606,.T.);
#1279=FACE_OUTER_BOUND('',#1607,.T.);
#1280=FACE_OUTER_BOUND('',#1608,.T.);
#1281=FACE_OUTER_BOUND('',#1609,.T.);
#1282=FACE_OUTER_BOUND('',#1610,.T.);
#1283=FACE_OUTER_BOUND('',#1611,.T.);
#1284=FACE_OUTER_BOUND('',#1612,.T.);
#1285=FACE_OUTER_BOUND('',#1613,.T.);
#1286=FACE_OUTER_BOUND('',#1614,.T.);
#1287=FACE_OUTER_BOUND('',#1615,.T.);
#1288=FACE_OUTER_BOUND('',#1616,.T.);
#1289=FACE_OUTER_BOUND('',#1617,.T.);
#1290=FACE_OUTER_BOUND('',#1619,.T.);
#1291=FACE_OUTER_BOUND('',#1620,.T.);
#1292=FACE_OUTER_BOUND('',#1621,.T.);
#1293=FACE_OUTER_BOUND('',#1622,.T.);
#1294=FACE_OUTER_BOUND('',#1623,.T.);
#1295=FACE_OUTER_BOUND('',#1624,.T.);
#1296=FACE_OUTER_BOUND('',#1625,.T.);
#1297=FACE_OUTER_BOUND('',#1626,.T.);
#1298=FACE_OUTER_BOUND('',#1627,.T.);
#1299=FACE_OUTER_BOUND('',#1628,.T.);
#1300=FACE_OUTER_BOUND('',#1629,.T.);
#1301=FACE_OUTER_BOUND('',#1630,.T.);
#1302=FACE_OUTER_BOUND('',#1631,.T.);
#1303=FACE_OUTER_BOUND('',#1633,.T.);
#1304=FACE_OUTER_BOUND('',#1635,.T.);
#1305=FACE_OUTER_BOUND('',#1637,.T.);
#1306=FACE_OUTER_BOUND('',#1639,.T.);
#1307=FACE_OUTER_BOUND('',#1640,.T.);
#1308=FACE_OUTER_BOUND('',#1641,.T.);
#1309=FACE_OUTER_BOUND('',#1642,.T.);
#1310=FACE_OUTER_BOUND('',#1644,.T.);
#1311=FACE_OUTER_BOUND('',#1645,.T.);
#1312=FACE_OUTER_BOUND('',#1646,.T.);
#1313=FACE_OUTER_BOUND('',#1647,.T.);
#1314=FACE_OUTER_BOUND('',#1648,.T.);
#1315=FACE_OUTER_BOUND('',#1649,.T.);
#1316=FACE_OUTER_BOUND('',#1650,.T.);
#1317=FACE_OUTER_BOUND('',#1651,.T.);
#1318=FACE_OUTER_BOUND('',#1652,.T.);
#1319=FACE_OUTER_BOUND('',#1653,.T.);
#1320=FACE_OUTER_BOUND('',#1654,.T.);
#1321=FACE_OUTER_BOUND('',#1655,.T.);
#1322=FACE_OUTER_BOUND('',#1656,.T.);
#1323=FACE_OUTER_BOUND('',#1657,.T.);
#1324=FACE_OUTER_BOUND('',#1658,.T.);
#1325=FACE_OUTER_BOUND('',#1659,.T.);
#1326=FACE_OUTER_BOUND('',#1660,.T.);
#1327=FACE_OUTER_BOUND('',#1661,.T.);
#1328=FACE_OUTER_BOUND('',#1662,.T.);
#1329=FACE_OUTER_BOUND('',#1663,.T.);
#1330=FACE_OUTER_BOUND('',#1664,.T.);
#1331=FACE_OUTER_BOUND('',#1665,.T.);
#1332=FACE_OUTER_BOUND('',#1666,.T.);
#1333=FACE_OUTER_BOUND('',#1667,.T.);
#1334=FACE_OUTER_BOUND('',#1668,.T.);
#1335=FACE_OUTER_BOUND('',#1669,.T.);
#1336=FACE_OUTER_BOUND('',#1670,.T.);
#1337=FACE_OUTER_BOUND('',#1680,.T.);
#1338=FACE_OUTER_BOUND('',#1690,.T.);
#1339=FACE_OUTER_BOUND('',#1691,.T.);
#1340=FACE_OUTER_BOUND('',#1692,.T.);
#1341=FACE_OUTER_BOUND('',#1693,.T.);
#1342=FACE_OUTER_BOUND('',#1694,.T.);
#1343=FACE_OUTER_BOUND('',#1695,.T.);
#1344=FACE_OUTER_BOUND('',#1696,.T.);
#1345=FACE_OUTER_BOUND('',#1697,.T.);
#1346=FACE_OUTER_BOUND('',#1698,.T.);
#1347=FACE_OUTER_BOUND('',#1699,.T.);
#1348=FACE_OUTER_BOUND('',#1700,.T.);
#1349=FACE_OUTER_BOUND('',#1701,.T.);
#1350=FACE_OUTER_BOUND('',#1702,.T.);
#1351=FACE_OUTER_BOUND('',#1703,.T.);
#1352=FACE_OUTER_BOUND('',#1713,.T.);
#1353=FACE_OUTER_BOUND('',#1723,.T.);
#1354=FACE_OUTER_BOUND('',#1724,.T.);
#1355=FACE_OUTER_BOUND('',#1725,.T.);
#1356=FACE_OUTER_BOUND('',#1726,.T.);
#1357=FACE_OUTER_BOUND('',#1727,.T.);
#1358=FACE_OUTER_BOUND('',#1728,.T.);
#1359=FACE_OUTER_BOUND('',#1730,.T.);
#1360=FACE_OUTER_BOUND('',#1732,.T.);
#1361=FACE_OUTER_BOUND('',#1733,.T.);
#1362=FACE_OUTER_BOUND('',#1734,.T.);
#1363=FACE_OUTER_BOUND('',#1735,.T.);
#1364=FACE_OUTER_BOUND('',#1736,.T.);
#1365=FACE_OUTER_BOUND('',#1737,.T.);
#1366=FACE_OUTER_BOUND('',#1738,.T.);
#1367=FACE_OUTER_BOUND('',#1739,.T.);
#1368=FACE_OUTER_BOUND('',#1740,.T.);
#1369=FACE_OUTER_BOUND('',#1741,.T.);
#1370=FACE_OUTER_BOUND('',#1742,.T.);
#1371=FACE_OUTER_BOUND('',#1752,.T.);
#1372=FACE_OUTER_BOUND('',#1762,.T.);
#1373=FACE_OUTER_BOUND('',#1772,.T.);
#1374=FACE_OUTER_BOUND('',#1773,.T.);
#1375=FACE_OUTER_BOUND('',#1775,.T.);
#1376=FACE_OUTER_BOUND('',#1776,.T.);
#1377=FACE_OUTER_BOUND('',#1777,.T.);
#1378=FACE_OUTER_BOUND('',#1778,.T.);
#1379=FACE_OUTER_BOUND('',#1779,.T.);
#1380=FACE_OUTER_BOUND('',#1780,.T.);
#1381=FACE_OUTER_BOUND('',#1781,.T.);
#1382=FACE_OUTER_BOUND('',#1782,.T.);
#1383=FACE_OUTER_BOUND('',#1783,.T.);
#1384=FACE_OUTER_BOUND('',#1784,.T.);
#1385=FACE_OUTER_BOUND('',#1785,.T.);
#1386=EDGE_LOOP('',(#3045,#3046));
#1387=EDGE_LOOP('',(#3047,#3048,#3049,#3050,#3051));
#1388=EDGE_LOOP('',(#3052,#3053));
#1389=EDGE_LOOP('',(#3054,#3055,#3056,#3057));
#1390=EDGE_LOOP('',(#3058,#3059,#3060,#3061,#3062,#3063,#3064,#3065));
#1391=EDGE_LOOP('',(#3066,#3067,#3068));
#1392=EDGE_LOOP('',(#3069,#3070,#3071,#3072));
#1393=EDGE_LOOP('',(#3073,#3074,#3075));
#1394=EDGE_LOOP('',(#3076,#3077,#3078,#3079));
#1395=EDGE_LOOP('',(#3080,#3081,#3082));
#1396=EDGE_LOOP('',(#3083,#3084,#3085,#3086));
#1397=EDGE_LOOP('',(#3087,#3088,#3089));
#1398=EDGE_LOOP('',(#3090,#3091,#3092,#3093));
#1399=EDGE_LOOP('',(#3094,#3095,#3096));
#1400=EDGE_LOOP('',(#3097,#3098,#3099,#3100));
#1401=EDGE_LOOP('',(#3101,#3102,#3103));
#1402=EDGE_LOOP('',(#3104,#3105,#3106,#3107));
#1403=EDGE_LOOP('',(#3108,#3109,#3110,#3111));
#1404=EDGE_LOOP('',(#3112,#3113,#3114,#3115));
#1405=EDGE_LOOP('',(#3116));
#1406=EDGE_LOOP('',(#3117));
#1407=EDGE_LOOP('',(#3118,#3119,#3120,#3121));
#1408=EDGE_LOOP('',(#3122,#3123,#3124,#3125,#3126,#3127,#3128));
#1409=EDGE_LOOP('',(#3129,#3130,#3131,#3132,#3133,#3134,#3135,#3136));
#1410=EDGE_LOOP('',(#3137,#3138,#3139,#3140,#3141));
#1411=EDGE_LOOP('',(#3142));
#1412=EDGE_LOOP('',(#3143));
#1413=EDGE_LOOP('',(#3144));
#1414=EDGE_LOOP('',(#3145));
#1415=EDGE_LOOP('',(#3146,#3147,#3148,#3149));
#1416=EDGE_LOOP('',(#3150,#3151,#3152,#3153,#3154,#3155));
#1417=EDGE_LOOP('',(#3156,#3157,#3158,#3159));
#1418=EDGE_LOOP('',(#3160,#3161,#3162,#3163));
#1419=EDGE_LOOP('',(#3164,#3165,#3166,#3167));
#1420=EDGE_LOOP('',(#3168,#3169,#3170,#3171));
#1421=EDGE_LOOP('',(#3172,#3173,#3174,#3175));
#1422=EDGE_LOOP('',(#3176,#3177,#3178,#3179));
#1423=EDGE_LOOP('',(#3180,#3181,#3182,#3183));
#1424=EDGE_LOOP('',(#3184,#3185,#3186,#3187));
#1425=EDGE_LOOP('',(#3188,#3189,#3190,#3191));
#1426=EDGE_LOOP('',(#3192,#3193,#3194,#3195));
#1427=EDGE_LOOP('',(#3196));
#1428=EDGE_LOOP('',(#3197));
#1429=EDGE_LOOP('',(#3198,#3199,#3200,#3201));
#1430=EDGE_LOOP('',(#3202,#3203,#3204,#3205,#3206,#3207,#3208,#3209));
#1431=EDGE_LOOP('',(#3210));
#1432=EDGE_LOOP('',(#3211,#3212,#3213,#3214,#3215,#3216,#3217,#3218));
#1433=EDGE_LOOP('',(#3219));
#1434=EDGE_LOOP('',(#3220));
#1435=EDGE_LOOP('',(#3221));
#1436=EDGE_LOOP('',(#3222));
#1437=EDGE_LOOP('',(#3223));
#1438=EDGE_LOOP('',(#3224));
#1439=EDGE_LOOP('',(#3225));
#1440=EDGE_LOOP('',(#3226));
#1441=EDGE_LOOP('',(#3227));
#1442=EDGE_LOOP('',(#3228));
#1443=EDGE_LOOP('',(#3229));
#1444=EDGE_LOOP('',(#3230));
#1445=EDGE_LOOP('',(#3231));
#1446=EDGE_LOOP('',(#3232));
#1447=EDGE_LOOP('',(#3233,#3234,#3235,#3236));
#1448=EDGE_LOOP('',(#3237,#3238,#3239,#3240));
#1449=EDGE_LOOP('',(#3241));
#1450=EDGE_LOOP('',(#3242));
#1451=EDGE_LOOP('',(#3243));
#1452=EDGE_LOOP('',(#3244));
#1453=EDGE_LOOP('',(#3245,#3246,#3247,#3248,#3249,#3250,#3251));
#1454=EDGE_LOOP('',(#3252,#3253,#3254,#3255,#3256,#3257,#3258,#3259));
#1455=EDGE_LOOP('',(#3260,#3261,#3262,#3263,#3264));
#1456=EDGE_LOOP('',(#3265));
#1457=EDGE_LOOP('',(#3266));
#1458=EDGE_LOOP('',(#3267));
#1459=EDGE_LOOP('',(#3268));
#1460=EDGE_LOOP('',(#3269,#3270,#3271,#3272));
#1461=EDGE_LOOP('',(#3273,#3274,#3275,#3276,#3277,#3278));
#1462=EDGE_LOOP('',(#3279,#3280,#3281,#3282));
#1463=EDGE_LOOP('',(#3283,#3284,#3285,#3286));
#1464=EDGE_LOOP('',(#3287,#3288,#3289,#3290));
#1465=EDGE_LOOP('',(#3291,#3292,#3293,#3294));
#1466=EDGE_LOOP('',(#3295,#3296,#3297,#3298));
#1467=EDGE_LOOP('',(#3299,#3300,#3301,#3302));
#1468=EDGE_LOOP('',(#3303,#3304,#3305,#3306));
#1469=EDGE_LOOP('',(#3307,#3308,#3309,#3310));
#1470=EDGE_LOOP('',(#3311,#3312,#3313,#3314));
#1471=EDGE_LOOP('',(#3315,#3316,#3317,#3318));
#1472=EDGE_LOOP('',(#3319));
#1473=EDGE_LOOP('',(#3320,#3321,#3322,#3323));
#1474=EDGE_LOOP('',(#3324,#3325,#3326,#3327,#3328,#3329,#3330,#3331));
#1475=EDGE_LOOP('',(#3332));
#1476=EDGE_LOOP('',(#3333));
#1477=EDGE_LOOP('',(#3334));
#1478=EDGE_LOOP('',(#3335));
#1479=EDGE_LOOP('',(#3336));
#1480=EDGE_LOOP('',(#3337));
#1481=EDGE_LOOP('',(#3338));
#1482=EDGE_LOOP('',(#3339));
#1483=EDGE_LOOP('',(#3340));
#1484=EDGE_LOOP('',(#3341,#3342,#3343,#3344));
#1485=EDGE_LOOP('',(#3345,#3346,#3347,#3348));
#1486=EDGE_LOOP('',(#3349));
#1487=EDGE_LOOP('',(#3350));
#1488=EDGE_LOOP('',(#3351));
#1489=EDGE_LOOP('',(#3352));
#1490=EDGE_LOOP('',(#3353,#3354,#3355,#3356));
#1491=EDGE_LOOP('',(#3357));
#1492=EDGE_LOOP('',(#3358,#3359,#3360,#3361));
#1493=EDGE_LOOP('',(#3362));
#1494=EDGE_LOOP('',(#3363,#3364,#3365,#3366));
#1495=EDGE_LOOP('',(#3367));
#1496=EDGE_LOOP('',(#3368,#3369,#3370,#3371));
#1497=EDGE_LOOP('',(#3372));
#1498=EDGE_LOOP('',(#3373,#3374,#3375));
#1499=EDGE_LOOP('',(#3376));
#1500=EDGE_LOOP('',(#3377));
#1501=EDGE_LOOP('',(#3378));
#1502=EDGE_LOOP('',(#3379));
#1503=EDGE_LOOP('',(#3380));
#1504=EDGE_LOOP('',(#3381));
#1505=EDGE_LOOP('',(#3382,#3383,#3384,#3385));
#1506=EDGE_LOOP('',(#3386,#3387,#3388,#3389));
#1507=EDGE_LOOP('',(#3390,#3391,#3392,#3393));
#1508=EDGE_LOOP('',(#3394));
#1509=EDGE_LOOP('',(#3395));
#1510=EDGE_LOOP('',(#3396,#3397,#3398,#3399,#3400,#3401,#3402,#3403));
#1511=EDGE_LOOP('',(#3404,#3405,#3406,#3407));
#1512=EDGE_LOOP('',(#3408,#3409,#3410,#3411));
#1513=EDGE_LOOP('',(#3412,#3413,#3414,#3415,#3416,#3417));
#1514=EDGE_LOOP('',(#3418,#3419,#3420,#3421));
#1515=EDGE_LOOP('',(#3422,#3423,#3424,#3425,#3426,#3427,#3428));
#1516=EDGE_LOOP('',(#3429,#3430,#3431,#3432));
#1517=EDGE_LOOP('',(#3433));
#1518=EDGE_LOOP('',(#3434));
#1519=EDGE_LOOP('',(#3435));
#1520=EDGE_LOOP('',(#3436));
#1521=EDGE_LOOP('',(#3437,#3438,#3439,#3440,#3441));
#1522=EDGE_LOOP('',(#3442));
#1523=EDGE_LOOP('',(#3443));
#1524=EDGE_LOOP('',(#3444));
#1525=EDGE_LOOP('',(#3445));
#1526=EDGE_LOOP('',(#3446,#3447,#3448));
#1527=EDGE_LOOP('',(#3449,#3450,#3451));
#1528=EDGE_LOOP('',(#3452,#3453,#3454));
#1529=EDGE_LOOP('',(#3455,#3456,#3457));
#1530=EDGE_LOOP('',(#3458,#3459,#3460));
#1531=EDGE_LOOP('',(#3461,#3462,#3463,#3464));
#1532=EDGE_LOOP('',(#3465,#3466,#3467,#3468,#3469,#3470,#3471,#3472));
#1533=EDGE_LOOP('',(#3473,#3474,#3475,#3476));
#1534=EDGE_LOOP('',(#3477,#3478,#3479,#3480));
#1535=EDGE_LOOP('',(#3481,#3482,#3483,#3484));
#1536=EDGE_LOOP('',(#3485,#3486,#3487,#3488));
#1537=EDGE_LOOP('',(#3489,#3490,#3491,#3492));
#1538=EDGE_LOOP('',(#3493,#3494,#3495,#3496));
#1539=EDGE_LOOP('',(#3497,#3498,#3499,#3500));
#1540=EDGE_LOOP('',(#3501,#3502,#3503,#3504));
#1541=EDGE_LOOP('',(#3505,#3506,#3507,#3508));
#1542=EDGE_LOOP('',(#3509,#3510,#3511,#3512));
#1543=EDGE_LOOP('',(#3513,#3514,#3515,#3516));
#1544=EDGE_LOOP('',(#3517,#3518,#3519,#3520));
#1545=EDGE_LOOP('',(#3521,#3522,#3523,#3524));
#1546=EDGE_LOOP('',(#3525,#3526));
#1547=EDGE_LOOP('',(#3527,#3528));
#1548=EDGE_LOOP('',(#3529,#3530,#3531,#3532));
#1549=EDGE_LOOP('',(#3533,#3534,#3535,#3536,#3537,#3538,#3539,#3540));
#1550=EDGE_LOOP('',(#3541,#3542,#3543,#3544,#3545));
#1551=EDGE_LOOP('',(#3546,#3547,#3548,#3549));
#1552=EDGE_LOOP('',(#3550));
#1553=EDGE_LOOP('',(#3551,#3552,#3553,#3554,#3555,#3556,#3557,#3558));
#1554=EDGE_LOOP('',(#3559));
#1555=EDGE_LOOP('',(#3560));
#1556=EDGE_LOOP('',(#3561));
#1557=EDGE_LOOP('',(#3562));
#1558=EDGE_LOOP('',(#3563));
#1559=EDGE_LOOP('',(#3564));
#1560=EDGE_LOOP('',(#3565));
#1561=EDGE_LOOP('',(#3566));
#1562=EDGE_LOOP('',(#3567));
#1563=EDGE_LOOP('',(#3568));
#1564=EDGE_LOOP('',(#3569));
#1565=EDGE_LOOP('',(#3570));
#1566=EDGE_LOOP('',(#3571));
#1567=EDGE_LOOP('',(#3572));
#1568=EDGE_LOOP('',(#3573,#3574,#3575,#3576));
#1569=EDGE_LOOP('',(#3577,#3578,#3579,#3580));
#1570=EDGE_LOOP('',(#3581));
#1571=EDGE_LOOP('',(#3582));
#1572=EDGE_LOOP('',(#3583,#3584,#3585,#3586));
#1573=EDGE_LOOP('',(#3587,#3588,#3589,#3590));
#1574=EDGE_LOOP('',(#3591));
#1575=EDGE_LOOP('',(#3592));
#1576=EDGE_LOOP('',(#3593));
#1577=EDGE_LOOP('',(#3594));
#1578=EDGE_LOOP('',(#3595,#3596,#3597,#3598));
#1579=EDGE_LOOP('',(#3599));
#1580=EDGE_LOOP('',(#3600));
#1581=EDGE_LOOP('',(#3601));
#1582=EDGE_LOOP('',(#3602,#3603,#3604,#3605));
#1583=EDGE_LOOP('',(#3606));
#1584=EDGE_LOOP('',(#3607,#3608,#3609,#3610));
#1585=EDGE_LOOP('',(#3611,#3612,#3613,#3614));
#1586=EDGE_LOOP('',(#3615,#3616,#3617,#3618));
#1587=EDGE_LOOP('',(#3619,#3620,#3621,#3622));
#1588=EDGE_LOOP('',(#3623,#3624,#3625,#3626));
#1589=EDGE_LOOP('',(#3627,#3628,#3629,#3630));
#1590=EDGE_LOOP('',(#3631,#3632,#3633,#3634));
#1591=EDGE_LOOP('',(#3635,#3636,#3637,#3638));
#1592=EDGE_LOOP('',(#3639,#3640,#3641,#3642));
#1593=EDGE_LOOP('',(#3643,#3644,#3645,#3646));
#1594=EDGE_LOOP('',(#3647,#3648,#3649,#3650));
#1595=EDGE_LOOP('',(#3651,#3652,#3653,#3654));
#1596=EDGE_LOOP('',(#3655,#3656,#3657,#3658));
#1597=EDGE_LOOP('',(#3659,#3660,#3661,#3662));
#1598=EDGE_LOOP('',(#3663,#3664,#3665,#3666,#3667));
#1599=EDGE_LOOP('',(#3668,#3669,#3670,#3671,#3672,#3673,#3674,#3675));
#1600=EDGE_LOOP('',(#3676,#3677,#3678,#3679));
#1601=EDGE_LOOP('',(#3680,#3681,#3682,#3683));
#1602=EDGE_LOOP('',(#3684,#3685,#3686,#3687));
#1603=EDGE_LOOP('',(#3688,#3689,#3690,#3691));
#1604=EDGE_LOOP('',(#3692,#3693,#3694,#3695));
#1605=EDGE_LOOP('',(#3696,#3697,#3698,#3699));
#1606=EDGE_LOOP('',(#3700,#3701,#3702,#3703));
#1607=EDGE_LOOP('',(#3704,#3705,#3706,#3707));
#1608=EDGE_LOOP('',(#3708,#3709,#3710,#3711));
#1609=EDGE_LOOP('',(#3712,#3713,#3714,#3715));
#1610=EDGE_LOOP('',(#3716,#3717,#3718,#3719));
#1611=EDGE_LOOP('',(#3720,#3721,#3722,#3723));
#1612=EDGE_LOOP('',(#3724,#3725,#3726,#3727));
#1613=EDGE_LOOP('',(#3728,#3729,#3730,#3731));
#1614=EDGE_LOOP('',(#3732,#3733,#3734,#3735));
#1615=EDGE_LOOP('',(#3736,#3737,#3738,#3739));
#1616=EDGE_LOOP('',(#3740,#3741,#3742,#3743));
#1617=EDGE_LOOP('',(#3744));
#1618=EDGE_LOOP('',(#3745));
#1619=EDGE_LOOP('',(#3746,#3747,#3748,#3749));
#1620=EDGE_LOOP('',(#3750,#3751,#3752,#3753,#3754,#3755,#3756,#3757,#3758,
#3759,#3760,#3761,#3762,#3763,#3764,#3765,#3766,#3767,#3768,#3769,#3770));
#1621=EDGE_LOOP('',(#3771,#3772,#3773,#3774,#3775));
#1622=EDGE_LOOP('',(#3776,#3777,#3778,#3779));
#1623=EDGE_LOOP('',(#3780,#3781,#3782,#3783,#3784,#3785,#3786,#3787,#3788,
#3789,#3790,#3791,#3792,#3793,#3794,#3795,#3796,#3797,#3798,#3799,#3800));
#1624=EDGE_LOOP('',(#3801,#3802,#3803,#3804));
#1625=EDGE_LOOP('',(#3805,#3806,#3807,#3808,#3809,#3810,#3811,#3812,#3813,
#3814,#3815,#3816,#3817,#3818,#3819,#3820,#3821,#3822,#3823));
#1626=EDGE_LOOP('',(#3824,#3825,#3826));
#1627=EDGE_LOOP('',(#3827,#3828,#3829,#3830,#3831,#3832,#3833,#3834,#3835,
#3836,#3837,#3838,#3839,#3840,#3841,#3842,#3843,#3844));
#1628=EDGE_LOOP('',(#3845,#3846,#3847,#3848));
#1629=EDGE_LOOP('',(#3849,#3850,#3851,#3852,#3853,#3854));
#1630=EDGE_LOOP('',(#3855));
#1631=EDGE_LOOP('',(#3856,#3857,#3858,#3859));
#1632=EDGE_LOOP('',(#3860));
#1633=EDGE_LOOP('',(#3861));
#1634=EDGE_LOOP('',(#3862));
#1635=EDGE_LOOP('',(#3863,#3864,#3865,#3866));
#1636=EDGE_LOOP('',(#3867));
#1637=EDGE_LOOP('',(#3868,#3869,#3870,#3871,#3872,#3873));
#1638=EDGE_LOOP('',(#3874,#3875,#3876,#3877,#3878));
#1639=EDGE_LOOP('',(#3879,#3880,#3881,#3882));
#1640=EDGE_LOOP('',(#3883,#3884,#3885,#3886));
#1641=EDGE_LOOP('',(#3887,#3888,#3889,#3890));
#1642=EDGE_LOOP('',(#3891,#3892,#3893,#3894,#3895,#3896));
#1643=EDGE_LOOP('',(#3897));
#1644=EDGE_LOOP('',(#3898,#3899,#3900,#3901));
#1645=EDGE_LOOP('',(#3902,#3903,#3904,#3905));
#1646=EDGE_LOOP('',(#3906,#3907,#3908,#3909));
#1647=EDGE_LOOP('',(#3910,#3911,#3912,#3913,#3914,#3915,#3916,#3917,#3918));
#1648=EDGE_LOOP('',(#3919));
#1649=EDGE_LOOP('',(#3920));
#1650=EDGE_LOOP('',(#3921,#3922,#3923,#3924));
#1651=EDGE_LOOP('',(#3925));
#1652=EDGE_LOOP('',(#3926));
#1653=EDGE_LOOP('',(#3927,#3928,#3929,#3930));
#1654=EDGE_LOOP('',(#3931));
#1655=EDGE_LOOP('',(#3932));
#1656=EDGE_LOOP('',(#3933,#3934,#3935,#3936));
#1657=EDGE_LOOP('',(#3937));
#1658=EDGE_LOOP('',(#3938));
#1659=EDGE_LOOP('',(#3939,#3940,#3941,#3942));
#1660=EDGE_LOOP('',(#3943,#3944,#3945,#3946));
#1661=EDGE_LOOP('',(#3947,#3948,#3949,#3950));
#1662=EDGE_LOOP('',(#3951,#3952,#3953,#3954));
#1663=EDGE_LOOP('',(#3955,#3956,#3957,#3958));
#1664=EDGE_LOOP('',(#3959,#3960,#3961,#3962));
#1665=EDGE_LOOP('',(#3963,#3964,#3965,#3966));
#1666=EDGE_LOOP('',(#3967,#3968,#3969,#3970));
#1667=EDGE_LOOP('',(#3971,#3972,#3973,#3974));
#1668=EDGE_LOOP('',(#3975,#3976,#3977,#3978));
#1669=EDGE_LOOP('',(#3979,#3980,#3981,#3982));
#1670=EDGE_LOOP('',(#3983));
#1671=EDGE_LOOP('',(#3984));
#1672=EDGE_LOOP('',(#3985));
#1673=EDGE_LOOP('',(#3986));
#1674=EDGE_LOOP('',(#3987));
#1675=EDGE_LOOP('',(#3988));
#1676=EDGE_LOOP('',(#3989));
#1677=EDGE_LOOP('',(#3990));
#1678=EDGE_LOOP('',(#3991));
#1679=EDGE_LOOP('',(#3992));
#1680=EDGE_LOOP('',(#3993));
#1681=EDGE_LOOP('',(#3994));
#1682=EDGE_LOOP('',(#3995));
#1683=EDGE_LOOP('',(#3996));
#1684=EDGE_LOOP('',(#3997));
#1685=EDGE_LOOP('',(#3998));
#1686=EDGE_LOOP('',(#3999));
#1687=EDGE_LOOP('',(#4000));
#1688=EDGE_LOOP('',(#4001));
#1689=EDGE_LOOP('',(#4002));
#1690=EDGE_LOOP('',(#4003,#4004,#4005,#4006));
#1691=EDGE_LOOP('',(#4007));
#1692=EDGE_LOOP('',(#4008));
#1693=EDGE_LOOP('',(#4009,#4010,#4011,#4012));
#1694=EDGE_LOOP('',(#4013,#4014,#4015,#4016));
#1695=EDGE_LOOP('',(#4017,#4018,#4019,#4020));
#1696=EDGE_LOOP('',(#4021,#4022,#4023,#4024));
#1697=EDGE_LOOP('',(#4025,#4026,#4027,#4028));
#1698=EDGE_LOOP('',(#4029,#4030,#4031,#4032));
#1699=EDGE_LOOP('',(#4033,#4034,#4035,#4036));
#1700=EDGE_LOOP('',(#4037,#4038,#4039,#4040));
#1701=EDGE_LOOP('',(#4041,#4042,#4043,#4044));
#1702=EDGE_LOOP('',(#4045,#4046,#4047,#4048));
#1703=EDGE_LOOP('',(#4049));
#1704=EDGE_LOOP('',(#4050));
#1705=EDGE_LOOP('',(#4051));
#1706=EDGE_LOOP('',(#4052));
#1707=EDGE_LOOP('',(#4053));
#1708=EDGE_LOOP('',(#4054));
#1709=EDGE_LOOP('',(#4055));
#1710=EDGE_LOOP('',(#4056));
#1711=EDGE_LOOP('',(#4057));
#1712=EDGE_LOOP('',(#4058));
#1713=EDGE_LOOP('',(#4059));
#1714=EDGE_LOOP('',(#4060));
#1715=EDGE_LOOP('',(#4061));
#1716=EDGE_LOOP('',(#4062));
#1717=EDGE_LOOP('',(#4063));
#1718=EDGE_LOOP('',(#4064));
#1719=EDGE_LOOP('',(#4065));
#1720=EDGE_LOOP('',(#4066));
#1721=EDGE_LOOP('',(#4067));
#1722=EDGE_LOOP('',(#4068));
#1723=EDGE_LOOP('',(#4069,#4070,#4071,#4072));
#1724=EDGE_LOOP('',(#4073,#4074,#4075,#4076));
#1725=EDGE_LOOP('',(#4077,#4078,#4079,#4080));
#1726=EDGE_LOOP('',(#4081,#4082,#4083,#4084));
#1727=EDGE_LOOP('',(#4085,#4086,#4087,#4088));
#1728=EDGE_LOOP('',(#4089,#4090,#4091,#4092));
#1729=EDGE_LOOP('',(#4093));
#1730=EDGE_LOOP('',(#4094,#4095,#4096,#4097));
#1731=EDGE_LOOP('',(#4098));
#1732=EDGE_LOOP('',(#4099,#4100,#4101,#4102));
#1733=EDGE_LOOP('',(#4103,#4104,#4105,#4106));
#1734=EDGE_LOOP('',(#4107,#4108,#4109,#4110));
#1735=EDGE_LOOP('',(#4111,#4112,#4113,#4114));
#1736=EDGE_LOOP('',(#4115,#4116,#4117,#4118));
#1737=EDGE_LOOP('',(#4119,#4120,#4121,#4122));
#1738=EDGE_LOOP('',(#4123,#4124,#4125,#4126));
#1739=EDGE_LOOP('',(#4127,#4128,#4129,#4130));
#1740=EDGE_LOOP('',(#4131,#4132,#4133,#4134));
#1741=EDGE_LOOP('',(#4135,#4136,#4137,#4138));
#1742=EDGE_LOOP('',(#4139));
#1743=EDGE_LOOP('',(#4140));
#1744=EDGE_LOOP('',(#4141));
#1745=EDGE_LOOP('',(#4142));
#1746=EDGE_LOOP('',(#4143));
#1747=EDGE_LOOP('',(#4144));
#1748=EDGE_LOOP('',(#4145));
#1749=EDGE_LOOP('',(#4146));
#1750=EDGE_LOOP('',(#4147));
#1751=EDGE_LOOP('',(#4148));
#1752=EDGE_LOOP('',(#4149));
#1753=EDGE_LOOP('',(#4150));
#1754=EDGE_LOOP('',(#4151));
#1755=EDGE_LOOP('',(#4152));
#1756=EDGE_LOOP('',(#4153));
#1757=EDGE_LOOP('',(#4154));
#1758=EDGE_LOOP('',(#4155));
#1759=EDGE_LOOP('',(#4156));
#1760=EDGE_LOOP('',(#4157));
#1761=EDGE_LOOP('',(#4158));
#1762=EDGE_LOOP('',(#4159));
#1763=EDGE_LOOP('',(#4160));
#1764=EDGE_LOOP('',(#4161));
#1765=EDGE_LOOP('',(#4162));
#1766=EDGE_LOOP('',(#4163));
#1767=EDGE_LOOP('',(#4164));
#1768=EDGE_LOOP('',(#4165));
#1769=EDGE_LOOP('',(#4166));
#1770=EDGE_LOOP('',(#4167));
#1771=EDGE_LOOP('',(#4168));
#1772=EDGE_LOOP('',(#4169,#4170,#4171,#4172));
#1773=EDGE_LOOP('',(#4173));
#1774=EDGE_LOOP('',(#4174));
#1775=EDGE_LOOP('',(#4175,#4176,#4177,#4178));
#1776=EDGE_LOOP('',(#4179,#4180,#4181,#4182));
#1777=EDGE_LOOP('',(#4183,#4184,#4185,#4186));
#1778=EDGE_LOOP('',(#4187,#4188,#4189,#4190));
#1779=EDGE_LOOP('',(#4191,#4192,#4193,#4194));
#1780=EDGE_LOOP('',(#4195,#4196,#4197,#4198));
#1781=EDGE_LOOP('',(#4199,#4200,#4201,#4202));
#1782=EDGE_LOOP('',(#4203,#4204,#4205,#4206));
#1783=EDGE_LOOP('',(#4207,#4208,#4209,#4210));
#1784=EDGE_LOOP('',(#4211,#4212,#4213,#4214));
#1785=EDGE_LOOP('',(#4215));
#1786=EDGE_LOOP('',(#4216));
#1787=EDGE_LOOP('',(#4217));
#1788=EDGE_LOOP('',(#4218));
#1789=EDGE_LOOP('',(#4219));
#1790=EDGE_LOOP('',(#4220));
#1791=EDGE_LOOP('',(#4221));
#1792=EDGE_LOOP('',(#4222));
#1793=EDGE_LOOP('',(#4223));
#1794=EDGE_LOOP('',(#4224));
#1795=CIRCLE('',#4648,1.83303027798234);
#1796=CIRCLE('',#4649,2.5);
#1797=CIRCLE('',#4652,1.83303027798234);
#1798=CIRCLE('',#4653,2.5);
#1799=CIRCLE('',#4656,10.75);
#1800=CIRCLE('',#4657,10.75);
#1801=CIRCLE('',#4658,10.75);
#1802=CIRCLE('',#4660,1.621);
#1803=CIRCLE('',#4662,1.621);
#1804=CIRCLE('',#4664,1.621);
#1805=CIRCLE('',#4666,1.621);
#1806=CIRCLE('',#4668,1.621);
#1807=CIRCLE('',#4670,1.621);
#1808=CIRCLE('',#4672,1.621);
#1809=CIRCLE('',#4674,1.621);
#1810=CIRCLE('',#4676,1.621);
#1811=CIRCLE('',#4678,1.621);
#1812=CIRCLE('',#4680,1.621);
#1813=CIRCLE('',#4682,1.621);
#1814=CIRCLE('',#4684,8.);
#1815=CIRCLE('',#4685,8.);
#1816=CIRCLE('',#4687,8.93161785944029);
#1817=CIRCLE('',#4688,9.15000000000001);
#1818=CIRCLE('',#4693,41.3);
#1819=CIRCLE('',#4694,41.3);
#1820=CIRCLE('',#4695,41.3);
#1821=CIRCLE('',#4696,41.3);
#1822=CIRCLE('',#4698,56.65);
#1823=CIRCLE('',#4699,4.2);
#1824=CIRCLE('',#4700,4.2);
#1825=CIRCLE('',#4701,4.2);
#1826=CIRCLE('',#4702,4.2);
#1827=CIRCLE('',#4704,57.15);
#1828=CIRCLE('',#4707,4.2);
#1829=CIRCLE('',#4709,4.2);
#1830=CIRCLE('',#4710,4.2);
#1831=CIRCLE('',#4712,4.2);
#1832=CIRCLE('',#4713,4.2);
#1833=CIRCLE('',#4715,4.2);
#1834=CIRCLE('',#4716,4.2);
#1835=CIRCLE('',#4718,4.2);
#1836=CIRCLE('',#4719,4.2);
#1837=CIRCLE('',#4721,4.2);
#1838=CIRCLE('',#4723,4.2);
#1839=CIRCLE('',#4725,4.2);
#1840=CIRCLE('',#4727,38.6);
#1841=CIRCLE('',#4729,38.3816178594402);
#1842=CIRCLE('',#4732,56.65);
#1843=CIRCLE('',#4733,0.5);
#1844=CIRCLE('',#4734,57.15);
#1845=CIRCLE('',#4736,57.15);
#1846=CIRCLE('',#4739,56.65);
#1847=CIRCLE('',#4744,41.35);
#1848=CIRCLE('',#4745,41.35);
#1849=CIRCLE('',#4746,41.35);
#1850=CIRCLE('',#4747,41.35);
#1851=CIRCLE('',#4749,56.65);
#1852=CIRCLE('',#4750,4.2);
#1853=CIRCLE('',#4751,4.2);
#1854=CIRCLE('',#4752,4.2);
#1855=CIRCLE('',#4753,4.2);
#1856=CIRCLE('',#4755,57.15);
#1857=CIRCLE('',#4758,4.2);
#1858=CIRCLE('',#4760,4.2);
#1859=CIRCLE('',#4761,4.2);
#1860=CIRCLE('',#4763,4.2);
#1861=CIRCLE('',#4764,4.2);
#1862=CIRCLE('',#4766,4.2);
#1863=CIRCLE('',#4767,4.2);
#1864=CIRCLE('',#4769,4.2);
#1865=CIRCLE('',#4770,4.2);
#1866=CIRCLE('',#4772,4.2);
#1867=CIRCLE('',#4774,4.2);
#1868=CIRCLE('',#4776,4.2);
#1869=CIRCLE('',#4778,38.6);
#1870=CIRCLE('',#4780,38.3816178594401);
#1871=CIRCLE('',#4783,56.65);
#1872=CIRCLE('',#4784,0.5);
#1873=CIRCLE('',#4785,57.15);
#1874=CIRCLE('',#4787,57.15);
#1875=CIRCLE('',#4790,56.65);
#1876=CIRCLE('',#4794,4.);
#1877=CIRCLE('',#4795,4.);
#1878=CIRCLE('',#4798,4.);
#1879=CIRCLE('',#4799,4.);
#1880=CIRCLE('',#4802,4.);
#1881=CIRCLE('',#4803,4.);
#1882=CIRCLE('',#4806,4.);
#1883=CIRCLE('',#4807,4.);
#1884=CIRCLE('',#4810,1.621);
#1885=CIRCLE('',#4812,38.3816178594402);
#1886=CIRCLE('',#4813,8.);
#1887=CIRCLE('',#4815,38.6);
#1888=CIRCLE('',#4817,8.);
#1889=CIRCLE('',#4819,41.3);
#1890=CIRCLE('',#4821,8.93161785944029);
#1891=CIRCLE('',#4823,41.3);
#1892=CIRCLE('',#4824,41.3);
#1893=CIRCLE('',#4825,41.3);
#1894=CIRCLE('',#4827,9.15000000000001);
#1895=CIRCLE('',#4829,57.15);
#1896=CIRCLE('',#4830,56.65);
#1897=CIRCLE('',#4833,56.65);
#1898=CIRCLE('',#4834,57.15);
#1899=CIRCLE('',#4837,4.2);
#1900=CIRCLE('',#4838,4.2);
#1901=CIRCLE('',#4839,4.2);
#1902=CIRCLE('',#4840,4.2);
#1903=CIRCLE('',#4842,4.2);
#1904=CIRCLE('',#4843,4.2);
#1905=CIRCLE('',#4844,4.2);
#1906=CIRCLE('',#4845,4.2);
#1907=CIRCLE('',#4847,1.621);
#1908=CIRCLE('',#4849,1.621);
#1909=CIRCLE('',#4851,1.621);
#1910=CIRCLE('',#4853,1.621);
#1911=CIRCLE('',#4855,1.621);
#1912=CIRCLE('',#4857,10.75);
#1913=CIRCLE('',#4859,57.15);
#1914=CIRCLE('',#4861,4.2);
#1915=CIRCLE('',#4863,4.2);
#1916=CIRCLE('',#4865,4.2);
#1917=CIRCLE('',#4867,4.2);
#1918=CIRCLE('',#4869,4.2);
#1919=CIRCLE('',#4871,4.2);
#1920=CIRCLE('',#4873,4.2);
#1921=CIRCLE('',#4875,4.2);
#1922=CIRCLE('',#4877,1.621);
#1923=CIRCLE('',#4879,1.621);
#1924=CIRCLE('',#4881,1.621);
#1925=CIRCLE('',#4883,1.621);
#1926=CIRCLE('',#4885,1.621);
#1927=CIRCLE('',#4887,1.83303027798234);
#1928=CIRCLE('',#4888,2.5);
#1929=CIRCLE('',#4890,1.83303027798234);
#1930=CIRCLE('',#4891,2.5);
#1931=CIRCLE('',#4894,10.75);
#1932=CIRCLE('',#4895,10.75);
#1933=CIRCLE('',#4898,56.65);
#1934=CIRCLE('',#4899,0.5);
#1935=CIRCLE('',#4901,1.621);
#1936=CIRCLE('',#4906,19.0000002831221);
#1937=CIRCLE('',#4907,19.0000002831221);
#1938=CIRCLE('',#4911,14.);
#1939=CIRCLE('',#4912,14.);
#1940=CIRCLE('',#4914,19.0000002831221);
#1941=CIRCLE('',#4915,19.0000002831221);
#1942=CIRCLE('',#4922,2.5);
#1943=CIRCLE('',#4923,2.5);
#1944=CIRCLE('',#4925,1.5);
#1945=CIRCLE('',#4927,1.5);
#1946=CIRCLE('',#4932,4.71678);
#1947=CIRCLE('',#4940,4.13258);
#1948=CIRCLE('',#4948,4.13258);
#1949=CIRCLE('',#4950,3.12928);
#1950=CIRCLE('',#4951,3.12928);
#1951=CIRCLE('',#4952,3.12928);
#1952=CIRCLE('',#4961,2.74447);
#1953=CIRCLE('',#4971,2.5);
#1954=CIRCLE('',#4972,2.5);
#1955=CIRCLE('',#4974,1.5);
#1956=CIRCLE('',#4976,1.5);
#1957=CIRCLE('',#4978,2.74447);
#1958=CIRCLE('',#4981,3.12928);
#1959=CIRCLE('',#4983,4.13258);
#1960=CIRCLE('',#4985,4.71678);
#1961=CIRCLE('',#4987,1.25);
#1962=CIRCLE('',#4991,4.75);
#1963=CIRCLE('',#4998,4.75);
#1964=CIRCLE('',#5007,3.933);
#1965=CIRCLE('',#5009,3.933);
#1966=CIRCLE('',#5012,3.933);
#1967=CIRCLE('',#5014,3.933);
#1968=CIRCLE('',#5017,3.933);
#1969=CIRCLE('',#5019,3.933);
#1970=CIRCLE('',#5022,3.933);
#1971=CIRCLE('',#5024,3.933);
#1972=CIRCLE('',#5028,5.);
#1973=CIRCLE('',#5029,5.);
#1974=CIRCLE('',#5031,1.5);
#1975=CIRCLE('',#5032,1.5);
#1976=CIRCLE('',#5034,1.5);
#1977=CIRCLE('',#5035,1.5);
#1978=CIRCLE('',#5037,4.5);
#1979=CIRCLE('',#5038,4.5);
#1980=CIRCLE('',#5040,4.5);
#1981=CIRCLE('',#5041,4.5);
#1982=CIRCLE('',#5043,4.5);
#1983=CIRCLE('',#5044,4.5);
#1984=CIRCLE('',#5046,4.5);
#1985=CIRCLE('',#5047,4.5);
#1986=CIRCLE('',#5049,1.5);
#1987=CIRCLE('',#5050,1.5);
#1988=CIRCLE('',#5052,1.5);
#1989=CIRCLE('',#5053,1.5);
#1990=CIRCLE('',#5055,30.5);
#1991=CIRCLE('',#5056,30.5);
#1992=CIRCLE('',#5061,19.0000002831221);
#1993=CIRCLE('',#5062,19.0000002831221);
#1994=CIRCLE('',#5067,17.);
#1995=CIRCLE('',#5068,17.);
#1996=CIRCLE('',#5070,1.5);
#1997=CIRCLE('',#5071,1.5);
#1998=CIRCLE('',#5073,1.5);
#1999=CIRCLE('',#5074,1.5);
#2000=CIRCLE('',#5076,4.5);
#2001=CIRCLE('',#5077,4.5);
#2002=CIRCLE('',#5079,4.5);
#2003=CIRCLE('',#5080,4.5);
#2004=CIRCLE('',#5082,4.5);
#2005=CIRCLE('',#5083,4.5);
#2006=CIRCLE('',#5085,4.5);
#2007=CIRCLE('',#5086,4.5);
#2008=CIRCLE('',#5088,1.5);
#2009=CIRCLE('',#5089,1.5);
#2010=CIRCLE('',#5091,1.5);
#2011=CIRCLE('',#5092,1.5);
#2012=CIRCLE('',#5094,30.5);
#2013=CIRCLE('',#5095,30.5);
#2014=CIRCLE('',#5100,15.);
#2015=CIRCLE('',#5101,15.);
#2016=CIRCLE('',#5104,19.0000003501773);
#2017=CIRCLE('',#5105,19.0000003501773);
#2018=CIRCLE('',#5108,30.5);
#2019=CIRCLE('',#5109,30.5);
#2020=CIRCLE('',#5114,11.);
#2021=CIRCLE('',#5115,11.);
#2022=CIRCLE('',#5117,1.5);
#2023=CIRCLE('',#5118,1.5);
#2024=CIRCLE('',#5120,1.5);
#2025=CIRCLE('',#5121,1.5);
#2026=CIRCLE('',#5123,4.5);
#2027=CIRCLE('',#5124,4.5);
#2028=CIRCLE('',#5126,4.5);
#2029=CIRCLE('',#5127,4.5);
#2030=CIRCLE('',#5129,4.5);
#2031=CIRCLE('',#5130,4.5);
#2032=CIRCLE('',#5132,4.5);
#2033=CIRCLE('',#5133,4.5);
#2034=CIRCLE('',#5135,1.5);
#2035=CIRCLE('',#5136,1.5);
#2036=CIRCLE('',#5138,1.5);
#2037=CIRCLE('',#5139,1.5);
#2038=CIRCLE('',#5141,30.5);
#2039=CIRCLE('',#5142,30.5);
#2040=CIRCLE('',#5147,30.5);
#2041=CIRCLE('',#5148,13.);
#2042=CIRCLE('',#5149,1.5);
#2043=CIRCLE('',#5150,1.5);
#2044=CIRCLE('',#5151,4.5);
#2045=CIRCLE('',#5152,4.5);
#2046=CIRCLE('',#5153,4.5);
#2047=CIRCLE('',#5154,4.5);
#2048=CIRCLE('',#5155,1.5);
#2049=CIRCLE('',#5156,1.5);
#2050=CIRCLE('',#5158,13.);
#2051=CIRCLE('',#5160,11.);
#2052=CIRCLE('',#5162,11.);
#2053=CIRCLE('',#5164,1.5);
#2054=CIRCLE('',#5166,1.5);
#2055=CIRCLE('',#5168,4.5);
#2056=CIRCLE('',#5170,4.5);
#2057=CIRCLE('',#5172,4.5);
#2058=CIRCLE('',#5174,4.5);
#2059=CIRCLE('',#5176,1.5);
#2060=CIRCLE('',#5178,1.5);
#2061=CIRCLE('',#5180,30.5);
#2062=VERTEX_POINT('',#6515);
#2063=VERTEX_POINT('',#6516);
#2064=VERTEX_POINT('',#6520);
#2065=VERTEX_POINT('',#6522);
#2066=VERTEX_POINT('',#6531);
#2067=VERTEX_POINT('',#6542);
#2068=VERTEX_POINT('',#6543);
#2069=VERTEX_POINT('',#6547);
#2070=VERTEX_POINT('',#6549);
#2071=VERTEX_POINT('',#6568);
#2072=VERTEX_POINT('',#6572);
#2073=VERTEX_POINT('',#6573);
#2074=VERTEX_POINT('',#6577);
#2075=VERTEX_POINT('',#6581);
#2076=VERTEX_POINT('',#6582);
#2077=VERTEX_POINT('',#6586);
#2078=VERTEX_POINT('',#6590);
#2079=VERTEX_POINT('',#6591);
#2080=VERTEX_POINT('',#6595);
#2081=VERTEX_POINT('',#6599);
#2082=VERTEX_POINT('',#6600);
#2083=VERTEX_POINT('',#6604);
#2084=VERTEX_POINT('',#6608);
#2085=VERTEX_POINT('',#6609);
#2086=VERTEX_POINT('',#6613);
#2087=VERTEX_POINT('',#6617);
#2088=VERTEX_POINT('',#6618);
#2089=VERTEX_POINT('',#6622);
#2090=VERTEX_POINT('',#6626);
#2091=VERTEX_POINT('',#6628);
#2092=VERTEX_POINT('',#6632);
#2093=VERTEX_POINT('',#6634);
#2094=VERTEX_POINT('',#6641);
#2095=VERTEX_POINT('',#6642);
#2096=VERTEX_POINT('',#6644);
#2097=VERTEX_POINT('',#6657);
#2098=VERTEX_POINT('',#6664);
#2099=VERTEX_POINT('',#6671);
#2100=VERTEX_POINT('',#6684);
#2101=VERTEX_POINT('',#6701);
#2102=VERTEX_POINT('',#6703);
#2103=VERTEX_POINT('',#6706);
#2104=VERTEX_POINT('',#6708);
#2105=VERTEX_POINT('',#6725);
#2106=VERTEX_POINT('',#6728);
#2107=VERTEX_POINT('',#6730);
#2108=VERTEX_POINT('',#6732);
#2109=VERTEX_POINT('',#6734);
#2110=VERTEX_POINT('',#6737);
#2111=VERTEX_POINT('',#6752);
#2112=VERTEX_POINT('',#6763);
#2113=VERTEX_POINT('',#6778);
#2114=VERTEX_POINT('',#6782);
#2115=VERTEX_POINT('',#6784);
#2116=VERTEX_POINT('',#6788);
#2117=VERTEX_POINT('',#6790);
#2118=VERTEX_POINT('',#6794);
#2119=VERTEX_POINT('',#6796);
#2120=VERTEX_POINT('',#6800);
#2121=VERTEX_POINT('',#6802);
#2122=VERTEX_POINT('',#6806);
#2123=VERTEX_POINT('',#6810);
#2124=VERTEX_POINT('',#6814);
#2125=VERTEX_POINT('',#6818);
#2126=VERTEX_POINT('',#6822);
#2127=VERTEX_POINT('',#6827);
#2128=VERTEX_POINT('',#6829);
#2129=VERTEX_POINT('',#6841);
#2130=VERTEX_POINT('',#6842);
#2131=VERTEX_POINT('',#6844);
#2132=VERTEX_POINT('',#6857);
#2133=VERTEX_POINT('',#6864);
#2134=VERTEX_POINT('',#6871);
#2135=VERTEX_POINT('',#6884);
#2136=VERTEX_POINT('',#6901);
#2137=VERTEX_POINT('',#6903);
#2138=VERTEX_POINT('',#6906);
#2139=VERTEX_POINT('',#6908);
#2140=VERTEX_POINT('',#6925);
#2141=VERTEX_POINT('',#6928);
#2142=VERTEX_POINT('',#6930);
#2143=VERTEX_POINT('',#6932);
#2144=VERTEX_POINT('',#6934);
#2145=VERTEX_POINT('',#6937);
#2146=VERTEX_POINT('',#6952);
#2147=VERTEX_POINT('',#6963);
#2148=VERTEX_POINT('',#6978);
#2149=VERTEX_POINT('',#6982);
#2150=VERTEX_POINT('',#6984);
#2151=VERTEX_POINT('',#6988);
#2152=VERTEX_POINT('',#6990);
#2153=VERTEX_POINT('',#6994);
#2154=VERTEX_POINT('',#6996);
#2155=VERTEX_POINT('',#7000);
#2156=VERTEX_POINT('',#7002);
#2157=VERTEX_POINT('',#7006);
#2158=VERTEX_POINT('',#7010);
#2159=VERTEX_POINT('',#7014);
#2160=VERTEX_POINT('',#7018);
#2161=VERTEX_POINT('',#7022);
#2162=VERTEX_POINT('',#7027);
#2163=VERTEX_POINT('',#7029);
#2164=VERTEX_POINT('',#7041);
#2165=VERTEX_POINT('',#7043);
#2166=VERTEX_POINT('',#7048);
#2167=VERTEX_POINT('',#7050);
#2168=VERTEX_POINT('',#7055);
#2169=VERTEX_POINT('',#7057);
#2170=VERTEX_POINT('',#7062);
#2171=VERTEX_POINT('',#7064);
#2172=VERTEX_POINT('',#7069);
#2173=VERTEX_POINT('',#7070);
#2174=VERTEX_POINT('',#7074);
#2175=VERTEX_POINT('',#7076);
#2176=VERTEX_POINT('',#7079);
#2177=VERTEX_POINT('',#7083);
#2178=VERTEX_POINT('',#7087);
#2179=VERTEX_POINT('',#7091);
#2180=VERTEX_POINT('',#7094);
#2181=VERTEX_POINT('',#7095);
#2182=VERTEX_POINT('',#7110);
#2183=VERTEX_POINT('',#7113);
#2184=VERTEX_POINT('',#7115);
#2185=VERTEX_POINT('',#7132);
#2186=VERTEX_POINT('',#7136);
#2187=VERTEX_POINT('',#7137);
#2188=VERTEX_POINT('',#7150);
#2189=VERTEX_POINT('',#7152);
#2190=VERTEX_POINT('',#7168);
#2191=VERTEX_POINT('',#7179);
#2192=VERTEX_POINT('',#7194);
#2193=VERTEX_POINT('',#7195);
#2194=VERTEX_POINT('',#7212);
#2195=VERTEX_POINT('',#7227);
#2196=VERTEX_POINT('',#7229);
#2197=VERTEX_POINT('',#7231);
#2198=VERTEX_POINT('',#7233);
#2199=VERTEX_POINT('',#7236);
#2200=VERTEX_POINT('',#7238);
#2201=VERTEX_POINT('',#7240);
#2202=VERTEX_POINT('',#7242);
#2203=VERTEX_POINT('',#7245);
#2204=VERTEX_POINT('',#7246);
#2205=VERTEX_POINT('',#7250);
#2206=VERTEX_POINT('',#7251);
#2207=VERTEX_POINT('',#7255);
#2208=VERTEX_POINT('',#7256);
#2209=VERTEX_POINT('',#7260);
#2210=VERTEX_POINT('',#7261);
#2211=VERTEX_POINT('',#7265);
#2212=VERTEX_POINT('',#7266);
#2213=VERTEX_POINT('',#7270);
#2214=VERTEX_POINT('',#7274);
#2215=VERTEX_POINT('',#7278);
#2216=VERTEX_POINT('',#7282);
#2217=VERTEX_POINT('',#7286);
#2218=VERTEX_POINT('',#7290);
#2219=VERTEX_POINT('',#7294);
#2220=VERTEX_POINT('',#7298);
#2221=VERTEX_POINT('',#7302);
#2222=VERTEX_POINT('',#7306);
#2223=VERTEX_POINT('',#7310);
#2224=VERTEX_POINT('',#7314);
#2225=VERTEX_POINT('',#7318);
#2226=VERTEX_POINT('',#7322);
#2227=VERTEX_POINT('',#7326);
#2228=VERTEX_POINT('',#7330);
#2229=VERTEX_POINT('',#7331);
#2230=VERTEX_POINT('',#7335);
#2231=VERTEX_POINT('',#7336);
#2232=VERTEX_POINT('',#7340);
#2233=VERTEX_POINT('',#7342);
#2234=VERTEX_POINT('',#7359);
#2235=VERTEX_POINT('',#7360);
#2236=VERTEX_POINT('',#7370);
#2237=VERTEX_POINT('',#7385);
#2238=VERTEX_POINT('',#7389);
#2239=VERTEX_POINT('',#7396);
#2240=VERTEX_POINT('',#7398);
#2241=VERTEX_POINT('',#7404);
#2242=VERTEX_POINT('',#7406);
#2243=VERTEX_POINT('',#7410);
#2244=VERTEX_POINT('',#7412);
#2245=VERTEX_POINT('',#7421);
#2246=VERTEX_POINT('',#7423);
#2247=VERTEX_POINT('',#7427);
#2248=VERTEX_POINT('',#7430);
#2249=VERTEX_POINT('',#7437);
#2250=VERTEX_POINT('',#7438);
#2251=VERTEX_POINT('',#7440);
#2252=VERTEX_POINT('',#7454);
#2253=VERTEX_POINT('',#7470);
#2254=VERTEX_POINT('',#7471);
#2255=VERTEX_POINT('',#7518);
#2256=VERTEX_POINT('',#7519);
#2257=VERTEX_POINT('',#7569);
#2258=VERTEX_POINT('',#7570);
#2259=VERTEX_POINT('',#7620);
#2260=VERTEX_POINT('',#7621);
#2261=VERTEX_POINT('',#7668);
#2262=VERTEX_POINT('',#7669);
#2263=VERTEX_POINT('',#7719);
#2264=VERTEX_POINT('',#7720);
#2265=VERTEX_POINT('',#7770);
#2266=VERTEX_POINT('',#7771);
#2267=VERTEX_POINT('',#7773);
#2268=VERTEX_POINT('',#7779);
#2269=VERTEX_POINT('',#7786);
#2270=VERTEX_POINT('',#7787);
#2271=VERTEX_POINT('',#7812);
#2272=VERTEX_POINT('',#7813);
#2273=VERTEX_POINT('',#7836);
#2274=VERTEX_POINT('',#7837);
#2275=VERTEX_POINT('',#7861);
#2276=VERTEX_POINT('',#7862);
#2277=VERTEX_POINT('',#7886);
#2278=VERTEX_POINT('',#7887);
#2279=VERTEX_POINT('',#7910);
#2280=VERTEX_POINT('',#7911);
#2281=VERTEX_POINT('',#7935);
#2282=VERTEX_POINT('',#7936);
#2283=VERTEX_POINT('',#7938);
#2284=VERTEX_POINT('',#7961);
#2285=VERTEX_POINT('',#7962);
#2286=VERTEX_POINT('',#7964);
#2287=VERTEX_POINT('',#7984);
#2288=VERTEX_POINT('',#7986);
#2289=VERTEX_POINT('',#7989);
#2290=VERTEX_POINT('',#8008);
#2291=VERTEX_POINT('',#8009);
#2292=VERTEX_POINT('',#8056);
#2293=VERTEX_POINT('',#8057);
#2294=VERTEX_POINT('',#8107);
#2295=VERTEX_POINT('',#8108);
#2296=VERTEX_POINT('',#8158);
#2297=VERTEX_POINT('',#8159);
#2298=VERTEX_POINT('',#8206);
#2299=VERTEX_POINT('',#8207);
#2300=VERTEX_POINT('',#8260);
#2301=VERTEX_POINT('',#8261);
#2302=VERTEX_POINT('',#8308);
#2303=VERTEX_POINT('',#8309);
#2304=VERTEX_POINT('',#8356);
#2305=VERTEX_POINT('',#8357);
#2306=VERTEX_POINT('',#8359);
#2307=VERTEX_POINT('',#8367);
#2308=VERTEX_POINT('',#8374);
#2309=VERTEX_POINT('',#8375);
#2310=VERTEX_POINT('',#8399);
#2311=VERTEX_POINT('',#8400);
#2312=VERTEX_POINT('',#8423);
#2313=VERTEX_POINT('',#8424);
#2314=VERTEX_POINT('',#8448);
#2315=VERTEX_POINT('',#8449);
#2316=VERTEX_POINT('',#8473);
#2317=VERTEX_POINT('',#8474);
#2318=VERTEX_POINT('',#8498);
#2319=VERTEX_POINT('',#8499);
#2320=VERTEX_POINT('',#8522);
#2321=VERTEX_POINT('',#8523);
#2322=VERTEX_POINT('',#8547);
#2323=VERTEX_POINT('',#8548);
#2324=VERTEX_POINT('',#8572);
#2325=VERTEX_POINT('',#8574);
#2326=VERTEX_POINT('',#8578);
#2327=VERTEX_POINT('',#8581);
#2328=VERTEX_POINT('',#8820);
#2329=VERTEX_POINT('',#8925);
#2330=VERTEX_POINT('',#9019);
#2331=VERTEX_POINT('',#9350);
#2332=VERTEX_POINT('',#9671);
#2333=VERTEX_POINT('',#9782);
#2334=VERTEX_POINT('',#10097);
#2335=VERTEX_POINT('',#10314);
#2336=VERTEX_POINT('',#10316);
#2337=VERTEX_POINT('',#10318);
#2338=VERTEX_POINT('',#10329);
#2339=VERTEX_POINT('',#10361);
#2340=VERTEX_POINT('',#10365);
#2341=VERTEX_POINT('',#10366);
#2342=VERTEX_POINT('',#10368);
#2343=VERTEX_POINT('',#10370);
#2344=VERTEX_POINT('',#10372);
#2345=VERTEX_POINT('',#10374);
#2346=VERTEX_POINT('',#10378);
#2347=VERTEX_POINT('',#10380);
#2348=VERTEX_POINT('',#10384);
#2349=VERTEX_POINT('',#10388);
#2350=VERTEX_POINT('',#10392);
#2351=VERTEX_POINT('',#10394);
#2352=VERTEX_POINT('',#10397);
#2353=VERTEX_POINT('',#10411);
#2354=VERTEX_POINT('',#10414);
#2355=VERTEX_POINT('',#10419);
#2356=VERTEX_POINT('',#10422);
#2357=VERTEX_POINT('',#10427);
#2358=VERTEX_POINT('',#10430);
#2359=VERTEX_POINT('',#10435);
#2360=VERTEX_POINT('',#10438);
#2361=VERTEX_POINT('',#10444);
#2362=VERTEX_POINT('',#10446);
#2363=VERTEX_POINT('',#10450);
#2364=VERTEX_POINT('',#10452);
#2365=VERTEX_POINT('',#10456);
#2366=VERTEX_POINT('',#10458);
#2367=VERTEX_POINT('',#10462);
#2368=VERTEX_POINT('',#10464);
#2369=VERTEX_POINT('',#10468);
#2370=VERTEX_POINT('',#10470);
#2371=VERTEX_POINT('',#10474);
#2372=VERTEX_POINT('',#10476);
#2373=VERTEX_POINT('',#10480);
#2374=VERTEX_POINT('',#10482);
#2375=VERTEX_POINT('',#10486);
#2376=VERTEX_POINT('',#10488);
#2377=VERTEX_POINT('',#10492);
#2378=VERTEX_POINT('',#10494);
#2379=VERTEX_POINT('',#10498);
#2380=VERTEX_POINT('',#10500);
#2381=VERTEX_POINT('',#10507);
#2382=VERTEX_POINT('',#10509);
#2383=VERTEX_POINT('',#10516);
#2384=VERTEX_POINT('',#10518);
#2385=VERTEX_POINT('',#10522);
#2386=VERTEX_POINT('',#10524);
#2387=VERTEX_POINT('',#10528);
#2388=VERTEX_POINT('',#10530);
#2389=VERTEX_POINT('',#10534);
#2390=VERTEX_POINT('',#10536);
#2391=VERTEX_POINT('',#10540);
#2392=VERTEX_POINT('',#10542);
#2393=VERTEX_POINT('',#10546);
#2394=VERTEX_POINT('',#10548);
#2395=VERTEX_POINT('',#10552);
#2396=VERTEX_POINT('',#10554);
#2397=VERTEX_POINT('',#10558);
#2398=VERTEX_POINT('',#10560);
#2399=VERTEX_POINT('',#10564);
#2400=VERTEX_POINT('',#10566);
#2401=VERTEX_POINT('',#10570);
#2402=VERTEX_POINT('',#10572);
#2403=VERTEX_POINT('',#10579);
#2404=VERTEX_POINT('',#10581);
#2405=VERTEX_POINT('',#10585);
#2406=VERTEX_POINT('',#10586);
#2407=VERTEX_POINT('',#10588);
#2408=VERTEX_POINT('',#10590);
#2409=VERTEX_POINT('',#10594);
#2410=VERTEX_POINT('',#10596);
#2411=VERTEX_POINT('',#10600);
#2412=VERTEX_POINT('',#10602);
#2413=VERTEX_POINT('',#10612);
#2414=VERTEX_POINT('',#10614);
#2415=VERTEX_POINT('',#10618);
#2416=VERTEX_POINT('',#10620);
#2417=VERTEX_POINT('',#10624);
#2418=VERTEX_POINT('',#10626);
#2419=VERTEX_POINT('',#10630);
#2420=VERTEX_POINT('',#10632);
#2421=VERTEX_POINT('',#10636);
#2422=VERTEX_POINT('',#10638);
#2423=VERTEX_POINT('',#10642);
#2424=VERTEX_POINT('',#10644);
#2425=VERTEX_POINT('',#10648);
#2426=VERTEX_POINT('',#10650);
#2427=VERTEX_POINT('',#10654);
#2428=VERTEX_POINT('',#10656);
#2429=VERTEX_POINT('',#10660);
#2430=VERTEX_POINT('',#10662);
#2431=VERTEX_POINT('',#10666);
#2432=VERTEX_POINT('',#10668);
#2433=VERTEX_POINT('',#10675);
#2434=VERTEX_POINT('',#10677);
#2435=VERTEX_POINT('',#10679);
#2436=VERTEX_POINT('',#10681);
#2437=VERTEX_POINT('',#10683);
#2438=VERTEX_POINT('',#10685);
#2439=VERTEX_POINT('',#10687);
#2440=VERTEX_POINT('',#10689);
#2441=VERTEX_POINT('',#10691);
#2442=VERTEX_POINT('',#10693);
#2443=VERTEX_POINT('',#10696);
#2444=VERTEX_POINT('',#10700);
#2445=VERTEX_POINT('',#10703);
#2446=VERTEX_POINT('',#10707);
#2447=VERTEX_POINT('',#10711);
#2448=VERTEX_POINT('',#10715);
#2449=VERTEX_POINT('',#10719);
#2450=VERTEX_POINT('',#10723);
#2451=VERTEX_POINT('',#10727);
#2452=VERTEX_POINT('',#10731);
#2453=VERTEX_POINT('',#10735);
#2454=VERTEX_POINT('',#10739);
#2455=EDGE_CURVE('',#2062,#2063,#1795,.F.);
#2456=EDGE_CURVE('',#2062,#2063,#1796,.T.);
#2457=EDGE_CURVE('',#2064,#2062,#561,.T.);
#2458=EDGE_CURVE('',#2064,#2065,#446,.T.);
#2459=EDGE_CURVE('',#2065,#2066,#447,.T.);
#2460=EDGE_CURVE('',#2063,#2066,#562,.T.);
#2461=EDGE_CURVE('',#2067,#2068,#1797,.F.);
#2462=EDGE_CURVE('',#2067,#2068,#1798,.T.);
#2463=EDGE_CURVE('',#2069,#2067,#563,.T.);
#2464=EDGE_CURVE('',#2069,#2070,#448,.T.);
#2465=EDGE_CURVE('',#2068,#2070,#564,.T.);
#2466=EDGE_CURVE('',#2070,#2064,#1799,.T.);
#2467=EDGE_CURVE('',#2066,#2069,#1800,.T.);
#2468=EDGE_CURVE('',#2065,#2071,#565,.T.);
#2469=EDGE_CURVE('',#2071,#2071,#1801,.T.);
#2470=EDGE_CURVE('',#2072,#2073,#566,.T.);
#2471=EDGE_CURVE('',#2073,#2073,#1802,.T.);
#2472=EDGE_CURVE('',#2073,#2074,#567,.T.);
#2473=EDGE_CURVE('',#2074,#2074,#1803,.T.);
#2474=EDGE_CURVE('',#2075,#2076,#568,.T.);
#2475=EDGE_CURVE('',#2076,#2076,#1804,.T.);
#2476=EDGE_CURVE('',#2076,#2077,#569,.T.);
#2477=EDGE_CURVE('',#2077,#2077,#1805,.T.);
#2478=EDGE_CURVE('',#2078,#2079,#570,.T.);
#2479=EDGE_CURVE('',#2079,#2079,#1806,.T.);
#2480=EDGE_CURVE('',#2079,#2080,#571,.T.);
#2481=EDGE_CURVE('',#2080,#2080,#1807,.T.);
#2482=EDGE_CURVE('',#2081,#2082,#572,.T.);
#2483=EDGE_CURVE('',#2082,#2082,#1808,.T.);
#2484=EDGE_CURVE('',#2082,#2083,#573,.T.);
#2485=EDGE_CURVE('',#2083,#2083,#1809,.T.);
#2486=EDGE_CURVE('',#2084,#2085,#574,.T.);
#2487=EDGE_CURVE('',#2085,#2085,#1810,.T.);
#2488=EDGE_CURVE('',#2085,#2086,#575,.T.);
#2489=EDGE_CURVE('',#2086,#2086,#1811,.T.);
#2490=EDGE_CURVE('',#2087,#2088,#576,.T.);
#2491=EDGE_CURVE('',#2088,#2088,#1812,.T.);
#2492=EDGE_CURVE('',#2088,#2089,#577,.T.);
#2493=EDGE_CURVE('',#2089,#2089,#1813,.T.);
#2494=EDGE_CURVE('',#2090,#2090,#1814,.T.);
#2495=EDGE_CURVE('',#2090,#2091,#578,.T.);
#2496=EDGE_CURVE('',#2091,#2091,#1815,.T.);
#2497=EDGE_CURVE('',#2092,#2092,#1816,.T.);
#2498=EDGE_CURVE('',#2092,#2093,#579,.T.);
#2499=EDGE_CURVE('',#2093,#2093,#1817,.T.);
#2500=EDGE_CURVE('',#2071,#2093,#580,.T.);
#2501=EDGE_CURVE('',#2094,#2095,#581,.T.);
#2502=EDGE_CURVE('',#2096,#2094,#449,.T.);
#2503=EDGE_CURVE('',#2097,#2096,#450,.T.);
#2504=EDGE_CURVE('',#2098,#2097,#451,.T.);
#2505=EDGE_CURVE('',#2099,#2098,#452,.T.);
#2506=EDGE_CURVE('',#2100,#2099,#582,.T.);
#2507=EDGE_CURVE('',#2095,#2100,#453,.T.);
#2508=EDGE_CURVE('',#2101,#2100,#1818,.T.);
#2509=EDGE_CURVE('',#2101,#2102,#583,.T.);
#2510=EDGE_CURVE('',#2102,#2102,#1819,.T.);
#2511=EDGE_CURVE('',#2103,#2101,#1820,.T.);
#2512=EDGE_CURVE('',#2103,#2104,#454,.T.);
#2513=EDGE_CURVE('',#2095,#2104,#1821,.T.);
#2514=EDGE_CURVE('',#2105,#2099,#1822,.T.);
#2515=EDGE_CURVE('',#2105,#2103,#584,.T.);
#2516=EDGE_CURVE('',#2106,#2106,#1823,.T.);
#2517=EDGE_CURVE('',#2107,#2107,#1824,.T.);
#2518=EDGE_CURVE('',#2108,#2108,#1825,.T.);
#2519=EDGE_CURVE('',#2109,#2109,#1826,.T.);
#2520=EDGE_CURVE('',#2098,#2110,#1827,.T.);
#2521=EDGE_CURVE('',#2110,#2105,#455,.T.);
#2522=EDGE_CURVE('',#2111,#2110,#456,.T.);
#2523=EDGE_CURVE('',#2112,#2111,#457,.T.);
#2524=EDGE_CURVE('',#2104,#2112,#585,.T.);
#2525=EDGE_CURVE('',#2113,#2113,#1828,.T.);
#2526=EDGE_CURVE('',#2113,#2106,#586,.T.);
#2527=EDGE_CURVE('',#2114,#2114,#1829,.T.);
#2528=EDGE_CURVE('',#2114,#2115,#587,.T.);
#2529=EDGE_CURVE('',#2115,#2115,#1830,.T.);
#2530=EDGE_CURVE('',#2116,#2116,#1831,.T.);
#2531=EDGE_CURVE('',#2116,#2117,#588,.T.);
#2532=EDGE_CURVE('',#2117,#2117,#1832,.T.);
#2533=EDGE_CURVE('',#2118,#2118,#1833,.T.);
#2534=EDGE_CURVE('',#2118,#2119,#589,.T.);
#2535=EDGE_CURVE('',#2119,#2119,#1834,.T.);
#2536=EDGE_CURVE('',#2120,#2120,#1835,.T.);
#2537=EDGE_CURVE('',#2120,#2121,#590,.T.);
#2538=EDGE_CURVE('',#2121,#2121,#1836,.T.);
#2539=EDGE_CURVE('',#2122,#2122,#1837,.T.);
#2540=EDGE_CURVE('',#2122,#2107,#591,.T.);
#2541=EDGE_CURVE('',#2123,#2123,#1838,.T.);
#2542=EDGE_CURVE('',#2123,#2108,#592,.T.);
#2543=EDGE_CURVE('',#2124,#2124,#1839,.T.);
#2544=EDGE_CURVE('',#2124,#2109,#593,.T.);
#2545=EDGE_CURVE('',#2102,#2125,#594,.T.);
#2546=EDGE_CURVE('',#2125,#2125,#1840,.T.);
#2547=EDGE_CURVE('',#2126,#2126,#1841,.T.);
#2548=EDGE_CURVE('',#2126,#2125,#595,.T.);
#2549=EDGE_CURVE('',#2127,#2127,#1842,.T.);
#2550=EDGE_CURVE('',#2127,#2128,#1843,.T.);
#2551=EDGE_CURVE('',#2128,#2128,#1844,.T.);
#2552=EDGE_CURVE('',#2097,#2128,#596,.T.);
#2553=EDGE_CURVE('',#2111,#2096,#1845,.T.);
#2554=EDGE_CURVE('',#2094,#2112,#1846,.T.);
#2555=EDGE_CURVE('',#2129,#2130,#597,.T.);
#2556=EDGE_CURVE('',#2131,#2129,#458,.T.);
#2557=EDGE_CURVE('',#2132,#2131,#459,.T.);
#2558=EDGE_CURVE('',#2133,#2132,#460,.T.);
#2559=EDGE_CURVE('',#2134,#2133,#461,.T.);
#2560=EDGE_CURVE('',#2135,#2134,#598,.T.);
#2561=EDGE_CURVE('',#2130,#2135,#462,.T.);
#2562=EDGE_CURVE('',#2136,#2135,#1847,.T.);
#2563=EDGE_CURVE('',#2136,#2137,#599,.T.);
#2564=EDGE_CURVE('',#2137,#2137,#1848,.T.);
#2565=EDGE_CURVE('',#2138,#2136,#1849,.T.);
#2566=EDGE_CURVE('',#2138,#2139,#463,.T.);
#2567=EDGE_CURVE('',#2130,#2139,#1850,.T.);
#2568=EDGE_CURVE('',#2140,#2134,#1851,.T.);
#2569=EDGE_CURVE('',#2140,#2138,#600,.T.);
#2570=EDGE_CURVE('',#2141,#2141,#1852,.T.);
#2571=EDGE_CURVE('',#2142,#2142,#1853,.T.);
#2572=EDGE_CURVE('',#2143,#2143,#1854,.T.);
#2573=EDGE_CURVE('',#2144,#2144,#1855,.T.);
#2574=EDGE_CURVE('',#2133,#2145,#1856,.T.);
#2575=EDGE_CURVE('',#2145,#2140,#464,.T.);
#2576=EDGE_CURVE('',#2146,#2145,#465,.T.);
#2577=EDGE_CURVE('',#2147,#2146,#466,.T.);
#2578=EDGE_CURVE('',#2139,#2147,#601,.T.);
#2579=EDGE_CURVE('',#2148,#2148,#1857,.T.);
#2580=EDGE_CURVE('',#2148,#2141,#602,.T.);
#2581=EDGE_CURVE('',#2149,#2149,#1858,.T.);
#2582=EDGE_CURVE('',#2149,#2150,#603,.T.);
#2583=EDGE_CURVE('',#2150,#2150,#1859,.T.);
#2584=EDGE_CURVE('',#2151,#2151,#1860,.T.);
#2585=EDGE_CURVE('',#2151,#2152,#604,.T.);
#2586=EDGE_CURVE('',#2152,#2152,#1861,.T.);
#2587=EDGE_CURVE('',#2153,#2153,#1862,.T.);
#2588=EDGE_CURVE('',#2153,#2154,#605,.T.);
#2589=EDGE_CURVE('',#2154,#2154,#1863,.T.);
#2590=EDGE_CURVE('',#2155,#2155,#1864,.T.);
#2591=EDGE_CURVE('',#2155,#2156,#606,.T.);
#2592=EDGE_CURVE('',#2156,#2156,#1865,.T.);
#2593=EDGE_CURVE('',#2157,#2157,#1866,.T.);
#2594=EDGE_CURVE('',#2157,#2142,#607,.T.);
#2595=EDGE_CURVE('',#2158,#2158,#1867,.T.);
#2596=EDGE_CURVE('',#2158,#2143,#608,.T.);
#2597=EDGE_CURVE('',#2159,#2159,#1868,.T.);
#2598=EDGE_CURVE('',#2159,#2144,#609,.T.);
#2599=EDGE_CURVE('',#2137,#2160,#610,.T.);
#2600=EDGE_CURVE('',#2160,#2160,#1869,.T.);
#2601=EDGE_CURVE('',#2161,#2161,#1870,.T.);
#2602=EDGE_CURVE('',#2161,#2160,#611,.T.);
#2603=EDGE_CURVE('',#2162,#2162,#1871,.T.);
#2604=EDGE_CURVE('',#2162,#2163,#1872,.T.);
#2605=EDGE_CURVE('',#2163,#2163,#1873,.T.);
#2606=EDGE_CURVE('',#2132,#2163,#612,.T.);
#2607=EDGE_CURVE('',#2146,#2131,#1874,.T.);
#2608=EDGE_CURVE('',#2129,#2147,#1875,.T.);
#2609=EDGE_CURVE('',#2164,#2164,#1876,.T.);
#2610=EDGE_CURVE('',#2164,#2165,#613,.T.);
#2611=EDGE_CURVE('',#2165,#2165,#1877,.T.);
#2612=EDGE_CURVE('',#2166,#2166,#1878,.T.);
#2613=EDGE_CURVE('',#2166,#2167,#614,.T.);
#2614=EDGE_CURVE('',#2167,#2167,#1879,.T.);
#2615=EDGE_CURVE('',#2168,#2168,#1880,.T.);
#2616=EDGE_CURVE('',#2168,#2169,#615,.T.);
#2617=EDGE_CURVE('',#2169,#2169,#1881,.T.);
#2618=EDGE_CURVE('',#2170,#2170,#1882,.T.);
#2619=EDGE_CURVE('',#2170,#2171,#616,.T.);
#2620=EDGE_CURVE('',#2171,#2171,#1883,.T.);
#2621=EDGE_CURVE('',#2172,#2173,#617,.T.);
#2622=EDGE_CURVE('',#2173,#2173,#1884,.T.);
#2623=EDGE_CURVE('',#2174,#2174,#1885,.T.);
#2624=EDGE_CURVE('',#2175,#2175,#1886,.T.);
#2625=EDGE_CURVE('',#2174,#2176,#618,.T.);
#2626=EDGE_CURVE('',#2176,#2176,#1887,.T.);
#2627=EDGE_CURVE('',#2177,#2177,#1888,.T.);
#2628=EDGE_CURVE('',#2177,#2175,#619,.T.);
#2629=EDGE_CURVE('',#2178,#2178,#1889,.T.);
#2630=EDGE_CURVE('',#2178,#2176,#620,.T.);
#2631=EDGE_CURVE('',#2179,#2179,#1890,.T.);
#2632=EDGE_CURVE('',#2180,#2181,#467,.T.);
#2633=EDGE_CURVE('',#2182,#2181,#1891,.T.);
#2634=EDGE_CURVE('',#2182,#2178,#621,.T.);
#2635=EDGE_CURVE('',#2183,#2182,#1892,.T.);
#2636=EDGE_CURVE('',#2183,#2184,#468,.T.);
#2637=EDGE_CURVE('',#2180,#2184,#1893,.T.);
#2638=EDGE_CURVE('',#2179,#2185,#622,.T.);
#2639=EDGE_CURVE('',#2185,#2185,#1894,.T.);
#2640=EDGE_CURVE('',#2186,#2187,#469,.T.);
#2641=EDGE_CURVE('',#2187,#2188,#1895,.T.);
#2642=EDGE_CURVE('',#2188,#2189,#470,.T.);
#2643=EDGE_CURVE('',#2189,#2186,#1896,.T.);
#2644=EDGE_CURVE('',#2189,#2183,#623,.T.);
#2645=EDGE_CURVE('',#2190,#2188,#471,.T.);
#2646=EDGE_CURVE('',#2191,#2190,#472,.T.);
#2647=EDGE_CURVE('',#2184,#2191,#624,.T.);
#2648=EDGE_CURVE('',#2192,#2193,#473,.T.);
#2649=EDGE_CURVE('',#2193,#2191,#1897,.T.);
#2650=EDGE_CURVE('',#2190,#2192,#1898,.T.);
#2651=EDGE_CURVE('',#2193,#2180,#625,.T.);
#2652=EDGE_CURVE('',#2194,#2192,#474,.T.);
#2653=EDGE_CURVE('',#2187,#2194,#475,.T.);
#2654=EDGE_CURVE('',#2181,#2186,#626,.T.);
#2655=EDGE_CURVE('',#2195,#2195,#1899,.T.);
#2656=EDGE_CURVE('',#2196,#2196,#1900,.T.);
#2657=EDGE_CURVE('',#2197,#2197,#1901,.T.);
#2658=EDGE_CURVE('',#2198,#2198,#1902,.T.);
#2659=EDGE_CURVE('',#2199,#2199,#1903,.T.);
#2660=EDGE_CURVE('',#2200,#2200,#1904,.T.);
#2661=EDGE_CURVE('',#2201,#2201,#1905,.T.);
#2662=EDGE_CURVE('',#2202,#2202,#1906,.T.);
#2663=EDGE_CURVE('',#2203,#2204,#627,.T.);
#2664=EDGE_CURVE('',#2204,#2204,#1907,.T.);
#2665=EDGE_CURVE('',#2205,#2206,#628,.T.);
#2666=EDGE_CURVE('',#2206,#2206,#1908,.T.);
#2667=EDGE_CURVE('',#2207,#2208,#629,.T.);
#2668=EDGE_CURVE('',#2208,#2208,#1909,.T.);
#2669=EDGE_CURVE('',#2209,#2210,#630,.T.);
#2670=EDGE_CURVE('',#2210,#2210,#1910,.T.);
#2671=EDGE_CURVE('',#2211,#2212,#631,.T.);
#2672=EDGE_CURVE('',#2212,#2212,#1911,.T.);
#2673=EDGE_CURVE('',#2213,#2213,#1912,.T.);
#2674=EDGE_CURVE('',#2213,#2185,#632,.T.);
#2675=EDGE_CURVE('',#2194,#2214,#633,.T.);
#2676=EDGE_CURVE('',#2214,#2214,#1913,.T.);
#2677=EDGE_CURVE('',#2215,#2215,#1914,.T.);
#2678=EDGE_CURVE('',#2215,#2202,#634,.T.);
#2679=EDGE_CURVE('',#2216,#2216,#1915,.T.);
#2680=EDGE_CURVE('',#2216,#2201,#635,.T.);
#2681=EDGE_CURVE('',#2217,#2217,#1916,.T.);
#2682=EDGE_CURVE('',#2217,#2200,#636,.T.);
#2683=EDGE_CURVE('',#2218,#2218,#1917,.T.);
#2684=EDGE_CURVE('',#2218,#2198,#637,.T.);
#2685=EDGE_CURVE('',#2219,#2219,#1918,.T.);
#2686=EDGE_CURVE('',#2219,#2197,#638,.T.);
#2687=EDGE_CURVE('',#2220,#2220,#1919,.T.);
#2688=EDGE_CURVE('',#2220,#2196,#639,.T.);
#2689=EDGE_CURVE('',#2221,#2221,#1920,.T.);
#2690=EDGE_CURVE('',#2221,#2195,#640,.T.);
#2691=EDGE_CURVE('',#2222,#2222,#1921,.T.);
#2692=EDGE_CURVE('',#2222,#2199,#641,.T.);
#2693=EDGE_CURVE('',#2204,#2223,#642,.T.);
#2694=EDGE_CURVE('',#2223,#2223,#1922,.T.);
#2695=EDGE_CURVE('',#2206,#2224,#643,.T.);
#2696=EDGE_CURVE('',#2224,#2224,#1923,.T.);
#2697=EDGE_CURVE('',#2208,#2225,#644,.T.);
#2698=EDGE_CURVE('',#2225,#2225,#1924,.T.);
#2699=EDGE_CURVE('',#2210,#2226,#645,.T.);
#2700=EDGE_CURVE('',#2226,#2226,#1925,.T.);
#2701=EDGE_CURVE('',#2212,#2227,#646,.T.);
#2702=EDGE_CURVE('',#2227,#2227,#1926,.T.);
#2703=EDGE_CURVE('',#2228,#2229,#1927,.F.);
#2704=EDGE_CURVE('',#2228,#2229,#1928,.T.);
#2705=EDGE_CURVE('',#2230,#2231,#1929,.F.);
#2706=EDGE_CURVE('',#2230,#2231,#1930,.T.);
#2707=EDGE_CURVE('',#2232,#2230,#647,.T.);
#2708=EDGE_CURVE('',#2232,#2233,#476,.T.);
#2709=EDGE_CURVE('',#2231,#2233,#648,.T.);
#2710=EDGE_CURVE('',#2234,#2235,#477,.T.);
#2711=EDGE_CURVE('',#2233,#2234,#1931,.T.);
#2712=EDGE_CURVE('',#2236,#2232,#1932,.T.);
#2713=EDGE_CURVE('',#2235,#2236,#478,.T.);
#2714=EDGE_CURVE('',#2235,#2213,#649,.T.);
#2715=EDGE_CURVE('',#2234,#2228,#650,.T.);
#2716=EDGE_CURVE('',#2229,#2236,#651,.T.);
#2717=EDGE_CURVE('',#2237,#2237,#1933,.T.);
#2718=EDGE_CURVE('',#2237,#2214,#1934,.T.);
#2719=EDGE_CURVE('',#2238,#2238,#1935,.T.);
#2720=EDGE_CURVE('',#2173,#2238,#652,.T.);
#2721=EDGE_CURVE('',#2239,#2239,#1936,.T.);
#2722=EDGE_CURVE('',#2239,#2240,#653,.T.);
#2723=EDGE_CURVE('',#2240,#2240,#1937,.T.);
#2724=EDGE_CURVE('',#2241,#2241,#1938,.T.);
#2725=EDGE_CURVE('',#2241,#2242,#654,.T.);
#2726=EDGE_CURVE('',#2242,#2242,#1939,.T.);
#2727=EDGE_CURVE('',#2243,#2243,#1940,.T.);
#2728=EDGE_CURVE('',#2243,#2244,#655,.T.);
#2729=EDGE_CURVE('',#2244,#2244,#1941,.T.);
#2730=EDGE_CURVE('',#2245,#2245,#1942,.T.);
#2731=EDGE_CURVE('',#2245,#2246,#656,.T.);
#2732=EDGE_CURVE('',#2246,#2246,#1943,.T.);
#2733=EDGE_CURVE('',#2247,#2247,#1944,.T.);
#2734=EDGE_CURVE('',#2248,#2248,#1945,.T.);
#2735=EDGE_CURVE('',#2247,#2248,#657,.T.);
#2736=EDGE_CURVE('',#2249,#2250,#658,.T.);
#2737=EDGE_CURVE('',#2249,#2251,#479,.T.);
#2738=EDGE_CURVE('',#2251,#2252,#1946,.F.);
#2739=EDGE_CURVE('',#2252,#2250,#480,.T.);
#2740=EDGE_CURVE('',#2253,#2254,#659,.T.);
#2741=EDGE_CURVE('',#2253,#2249,#481,.T.);
#2742=EDGE_CURVE('',#2250,#2254,#482,.T.);
#2743=EDGE_CURVE('',#2255,#2256,#660,.T.);
#2744=EDGE_CURVE('',#2255,#2253,#483,.T.);
#2745=EDGE_CURVE('',#2254,#2256,#484,.T.);
#2746=EDGE_CURVE('',#2257,#2258,#661,.T.);
#2747=EDGE_CURVE('',#2257,#2255,#485,.T.);
#2748=EDGE_CURVE('',#2256,#2258,#486,.T.);
#2749=EDGE_CURVE('',#2259,#2260,#662,.T.);
#2750=EDGE_CURVE('',#2259,#2257,#487,.T.);
#2751=EDGE_CURVE('',#2258,#2260,#488,.T.);
#2752=EDGE_CURVE('',#2261,#2262,#663,.T.);
#2753=EDGE_CURVE('',#2261,#2259,#489,.T.);
#2754=EDGE_CURVE('',#2260,#2262,#490,.T.);
#2755=EDGE_CURVE('',#2263,#2264,#664,.T.);
#2756=EDGE_CURVE('',#2263,#2261,#491,.T.);
#2757=EDGE_CURVE('',#2262,#2264,#492,.T.);
#2758=EDGE_CURVE('',#2265,#2266,#665,.T.);
#2759=EDGE_CURVE('',#2265,#2267,#493,.T.);
#2760=EDGE_CURVE('',#2268,#2267,#1947,.T.);
#2761=EDGE_CURVE('',#2266,#2268,#494,.T.);
#2762=EDGE_CURVE('',#2269,#2270,#666,.T.);
#2763=EDGE_CURVE('',#2269,#2265,#495,.T.);
#2764=EDGE_CURVE('',#2270,#2266,#496,.T.);
#2765=EDGE_CURVE('',#2271,#2272,#667,.T.);
#2766=EDGE_CURVE('',#2271,#2269,#497,.T.);
#2767=EDGE_CURVE('',#2272,#2270,#498,.T.);
#2768=EDGE_CURVE('',#2273,#2274,#668,.T.);
#2769=EDGE_CURVE('',#2273,#2271,#499,.T.);
#2770=EDGE_CURVE('',#2274,#2272,#500,.T.);
#2771=EDGE_CURVE('',#2275,#2276,#669,.T.);
#2772=EDGE_CURVE('',#2275,#2273,#501,.T.);
#2773=EDGE_CURVE('',#2276,#2274,#502,.T.);
#2774=EDGE_CURVE('',#2277,#2278,#670,.T.);
#2775=EDGE_CURVE('',#2277,#2275,#503,.T.);
#2776=EDGE_CURVE('',#2278,#2276,#504,.T.);
#2777=EDGE_CURVE('',#2279,#2280,#671,.T.);
#2778=EDGE_CURVE('',#2279,#2277,#505,.T.);
#2779=EDGE_CURVE('',#2280,#2278,#506,.T.);
#2780=EDGE_CURVE('',#2281,#2282,#672,.T.);
#2781=EDGE_CURVE('',#2283,#2281,#1948,.T.);
#2782=EDGE_CURVE('',#2283,#2279,#507,.T.);
#2783=EDGE_CURVE('',#2282,#2280,#508,.T.);
#2784=EDGE_CURVE('',#2284,#2285,#673,.T.);
#2785=EDGE_CURVE('',#2284,#2286,#509,.T.);
#2786=EDGE_CURVE('',#2286,#2287,#1949,.T.);
#2787=EDGE_CURVE('',#2287,#2288,#674,.T.);
#2788=EDGE_CURVE('',#2288,#2288,#1950,.F.);
#2789=EDGE_CURVE('',#2287,#2289,#1951,.T.);
#2790=EDGE_CURVE('',#2289,#2285,#510,.T.);
#2791=EDGE_CURVE('',#2290,#2291,#675,.T.);
#2792=EDGE_CURVE('',#2290,#2284,#511,.T.);
#2793=EDGE_CURVE('',#2285,#2291,#512,.T.);
#2794=EDGE_CURVE('',#2292,#2293,#676,.T.);
#2795=EDGE_CURVE('',#2292,#2290,#513,.T.);
#2796=EDGE_CURVE('',#2291,#2293,#514,.T.);
#2797=EDGE_CURVE('',#2294,#2295,#677,.T.);
#2798=EDGE_CURVE('',#2294,#2292,#515,.T.);
#2799=EDGE_CURVE('',#2293,#2295,#516,.T.);
#2800=EDGE_CURVE('',#2296,#2297,#678,.T.);
#2801=EDGE_CURVE('',#2296,#2294,#517,.T.);
#2802=EDGE_CURVE('',#2295,#2297,#518,.T.);
#2803=EDGE_CURVE('',#2298,#2299,#679,.T.);
#2804=EDGE_CURVE('',#2298,#2296,#519,.T.);
#2805=EDGE_CURVE('',#2297,#2299,#520,.T.);
#2806=EDGE_CURVE('',#2300,#2301,#680,.T.);
#2807=EDGE_CURVE('',#2300,#2298,#521,.T.);
#2808=EDGE_CURVE('',#2299,#2301,#522,.T.);
#2809=EDGE_CURVE('',#2302,#2303,#681,.T.);
#2810=EDGE_CURVE('',#2302,#2300,#523,.T.);
#2811=EDGE_CURVE('',#2301,#2303,#524,.T.);
#2812=EDGE_CURVE('',#2304,#2305,#682,.T.);
#2813=EDGE_CURVE('',#2304,#2306,#525,.T.);
#2814=EDGE_CURVE('',#2307,#2306,#1952,.T.);
#2815=EDGE_CURVE('',#2305,#2307,#526,.T.);
#2816=EDGE_CURVE('',#2308,#2309,#683,.T.);
#2817=EDGE_CURVE('',#2308,#2304,#527,.T.);
#2818=EDGE_CURVE('',#2309,#2305,#528,.T.);
#2819=EDGE_CURVE('',#2310,#2311,#684,.T.);
#2820=EDGE_CURVE('',#2310,#2308,#529,.T.);
#2821=EDGE_CURVE('',#2311,#2309,#530,.T.);
#2822=EDGE_CURVE('',#2312,#2313,#685,.T.);
#2823=EDGE_CURVE('',#2312,#2310,#531,.T.);
#2824=EDGE_CURVE('',#2313,#2311,#532,.T.);
#2825=EDGE_CURVE('',#2314,#2315,#686,.T.);
#2826=EDGE_CURVE('',#2314,#2312,#533,.T.);
#2827=EDGE_CURVE('',#2315,#2313,#534,.T.);
#2828=EDGE_CURVE('',#2316,#2317,#687,.T.);
#2829=EDGE_CURVE('',#2316,#2314,#535,.T.);
#2830=EDGE_CURVE('',#2317,#2315,#536,.T.);
#2831=EDGE_CURVE('',#2318,#2319,#688,.T.);
#2832=EDGE_CURVE('',#2318,#2316,#537,.T.);
#2833=EDGE_CURVE('',#2319,#2317,#538,.T.);
#2834=EDGE_CURVE('',#2320,#2321,#689,.T.);
#2835=EDGE_CURVE('',#2320,#2318,#539,.T.);
#2836=EDGE_CURVE('',#2321,#2319,#540,.T.);
#2837=EDGE_CURVE('',#2322,#2323,#690,.T.);
#2838=EDGE_CURVE('',#2322,#2320,#541,.T.);
#2839=EDGE_CURVE('',#2323,#2321,#542,.T.);
#2840=EDGE_CURVE('',#2324,#2324,#1953,.T.);
#2841=EDGE_CURVE('',#2324,#2325,#691,.T.);
#2842=EDGE_CURVE('',#2325,#2325,#1954,.T.);
#2843=EDGE_CURVE('',#2326,#2326,#1955,.T.);
#2844=EDGE_CURVE('',#2327,#2327,#1956,.T.);
#2845=EDGE_CURVE('',#2327,#2326,#692,.T.);
#2846=EDGE_CURVE('',#2328,#2307,#543,.T.);
#2847=EDGE_CURVE('',#2303,#2328,#544,.T.);
#2848=EDGE_CURVE('',#2329,#2289,#545,.T.);
#2849=EDGE_CURVE('',#2329,#2323,#546,.T.);
#2850=EDGE_CURVE('',#2286,#2330,#547,.T.);
#2851=EDGE_CURVE('',#2330,#2329,#1957,.T.);
#2852=EDGE_CURVE('',#2330,#2322,#548,.T.);
#2853=EDGE_CURVE('',#2306,#2331,#549,.T.);
#2854=EDGE_CURVE('',#2331,#2302,#550,.T.);
#2855=EDGE_CURVE('',#2328,#2331,#1958,.T.);
#2856=EDGE_CURVE('',#2332,#2268,#551,.T.);
#2857=EDGE_CURVE('',#2264,#2332,#552,.T.);
#2858=EDGE_CURVE('',#2333,#2252,#553,.T.);
#2859=EDGE_CURVE('',#2333,#2282,#554,.T.);
#2860=EDGE_CURVE('',#2281,#2333,#1959,.T.);
#2861=EDGE_CURVE('',#2267,#2334,#555,.T.);
#2862=EDGE_CURVE('',#2251,#2283,#556,.T.);
#2863=EDGE_CURVE('',#2334,#2263,#557,.T.);
#2864=EDGE_CURVE('',#2332,#2334,#1960,.T.);
#2865=EDGE_CURVE('',#2335,#2335,#1961,.T.);
#2866=EDGE_CURVE('',#2335,#2336,#693,.T.);
#2867=EDGE_CURVE('',#2337,#2336,#558,.T.);
#2868=EDGE_CURVE('',#2338,#2337,#559,.T.);
#2869=EDGE_CURVE('',#2336,#2338,#560,.T.);
#2870=EDGE_CURVE('',#2339,#2339,#1962,.T.);
#2871=EDGE_CURVE('',#2340,#2341,#694,.T.);
#2872=EDGE_CURVE('',#2342,#2340,#695,.T.);
#2873=EDGE_CURVE('',#2343,#2342,#696,.T.);
#2874=EDGE_CURVE('',#2344,#2343,#697,.T.);
#2875=EDGE_CURVE('',#2345,#2344,#698,.T.);
#2876=EDGE_CURVE('',#2341,#2345,#699,.T.);
#2877=EDGE_CURVE('',#2346,#2342,#700,.T.);
#2878=EDGE_CURVE('',#2346,#2347,#701,.T.);
#2879=EDGE_CURVE('',#2347,#2343,#702,.T.);
#2880=EDGE_CURVE('',#2348,#2340,#703,.T.);
#2881=EDGE_CURVE('',#2348,#2346,#704,.T.);
#2882=EDGE_CURVE('',#2349,#2341,#705,.T.);
#2883=EDGE_CURVE('',#2349,#2348,#706,.T.);
#2884=EDGE_CURVE('',#2350,#2349,#707,.T.);
#2885=EDGE_CURVE('',#2351,#2350,#708,.T.);
#2886=EDGE_CURVE('',#2347,#2351,#709,.T.);
#2887=EDGE_CURVE('',#2352,#2352,#1963,.T.);
#2888=EDGE_CURVE('',#2350,#2345,#710,.T.);
#2889=EDGE_CURVE('',#2351,#2344,#711,.T.);
#2890=EDGE_CURVE('',#2339,#2338,#712,.T.);
#2891=EDGE_CURVE('',#2336,#2352,#713,.T.);
#2892=EDGE_CURVE('',#2353,#2353,#1964,.T.);
#2893=EDGE_CURVE('',#2354,#2354,#1965,.T.);
#2894=EDGE_CURVE('',#2353,#2354,#714,.T.);
#2895=EDGE_CURVE('',#2355,#2355,#1966,.T.);
#2896=EDGE_CURVE('',#2356,#2356,#1967,.T.);
#2897=EDGE_CURVE('',#2355,#2356,#715,.T.);
#2898=EDGE_CURVE('',#2357,#2357,#1968,.T.);
#2899=EDGE_CURVE('',#2358,#2358,#1969,.T.);
#2900=EDGE_CURVE('',#2357,#2358,#716,.T.);
#2901=EDGE_CURVE('',#2359,#2359,#1970,.T.);
#2902=EDGE_CURVE('',#2360,#2360,#1971,.T.);
#2903=EDGE_CURVE('',#2359,#2360,#717,.T.);
#2904=EDGE_CURVE('',#2361,#2361,#1972,.T.);
#2905=EDGE_CURVE('',#2361,#2362,#718,.T.);
#2906=EDGE_CURVE('',#2362,#2362,#1973,.T.);
#2907=EDGE_CURVE('',#2363,#2363,#1974,.T.);
#2908=EDGE_CURVE('',#2363,#2364,#719,.T.);
#2909=EDGE_CURVE('',#2364,#2364,#1975,.T.);
#2910=EDGE_CURVE('',#2365,#2365,#1976,.T.);
#2911=EDGE_CURVE('',#2365,#2366,#720,.T.);
#2912=EDGE_CURVE('',#2366,#2366,#1977,.T.);
#2913=EDGE_CURVE('',#2367,#2367,#1978,.T.);
#2914=EDGE_CURVE('',#2367,#2368,#721,.T.);
#2915=EDGE_CURVE('',#2368,#2368,#1979,.T.);
#2916=EDGE_CURVE('',#2369,#2369,#1980,.T.);
#2917=EDGE_CURVE('',#2369,#2370,#722,.T.);
#2918=EDGE_CURVE('',#2370,#2370,#1981,.T.);
#2919=EDGE_CURVE('',#2371,#2371,#1982,.T.);
#2920=EDGE_CURVE('',#2371,#2372,#723,.T.);
#2921=EDGE_CURVE('',#2372,#2372,#1983,.T.);
#2922=EDGE_CURVE('',#2373,#2373,#1984,.T.);
#2923=EDGE_CURVE('',#2373,#2374,#724,.T.);
#2924=EDGE_CURVE('',#2374,#2374,#1985,.T.);
#2925=EDGE_CURVE('',#2375,#2375,#1986,.T.);
#2926=EDGE_CURVE('',#2375,#2376,#725,.T.);
#2927=EDGE_CURVE('',#2376,#2376,#1987,.T.);
#2928=EDGE_CURVE('',#2377,#2377,#1988,.T.);
#2929=EDGE_CURVE('',#2377,#2378,#726,.T.);
#2930=EDGE_CURVE('',#2378,#2378,#1989,.T.);
#2931=EDGE_CURVE('',#2379,#2379,#1990,.T.);
#2932=EDGE_CURVE('',#2379,#2380,#727,.T.);
#2933=EDGE_CURVE('',#2380,#2380,#1991,.T.);
#2934=EDGE_CURVE('',#2381,#2381,#1992,.T.);
#2935=EDGE_CURVE('',#2381,#2382,#728,.T.);
#2936=EDGE_CURVE('',#2382,#2382,#1993,.T.);
#2937=EDGE_CURVE('',#2383,#2383,#1994,.T.);
#2938=EDGE_CURVE('',#2383,#2384,#729,.T.);
#2939=EDGE_CURVE('',#2384,#2384,#1995,.T.);
#2940=EDGE_CURVE('',#2385,#2385,#1996,.T.);
#2941=EDGE_CURVE('',#2385,#2386,#730,.T.);
#2942=EDGE_CURVE('',#2386,#2386,#1997,.T.);
#2943=EDGE_CURVE('',#2387,#2387,#1998,.T.);
#2944=EDGE_CURVE('',#2387,#2388,#731,.T.);
#2945=EDGE_CURVE('',#2388,#2388,#1999,.T.);
#2946=EDGE_CURVE('',#2389,#2389,#2000,.T.);
#2947=EDGE_CURVE('',#2389,#2390,#732,.T.);
#2948=EDGE_CURVE('',#2390,#2390,#2001,.T.);
#2949=EDGE_CURVE('',#2391,#2391,#2002,.T.);
#2950=EDGE_CURVE('',#2391,#2392,#733,.T.);
#2951=EDGE_CURVE('',#2392,#2392,#2003,.T.);
#2952=EDGE_CURVE('',#2393,#2393,#2004,.T.);
#2953=EDGE_CURVE('',#2393,#2394,#734,.T.);
#2954=EDGE_CURVE('',#2394,#2394,#2005,.T.);
#2955=EDGE_CURVE('',#2395,#2395,#2006,.T.);
#2956=EDGE_CURVE('',#2395,#2396,#735,.T.);
#2957=EDGE_CURVE('',#2396,#2396,#2007,.T.);
#2958=EDGE_CURVE('',#2397,#2397,#2008,.T.);
#2959=EDGE_CURVE('',#2397,#2398,#736,.T.);
#2960=EDGE_CURVE('',#2398,#2398,#2009,.T.);
#2961=EDGE_CURVE('',#2399,#2399,#2010,.T.);
#2962=EDGE_CURVE('',#2399,#2400,#737,.T.);
#2963=EDGE_CURVE('',#2400,#2400,#2011,.T.);
#2964=EDGE_CURVE('',#2401,#2401,#2012,.T.);
#2965=EDGE_CURVE('',#2401,#2402,#738,.T.);
#2966=EDGE_CURVE('',#2402,#2402,#2013,.T.);
#2967=EDGE_CURVE('',#2403,#2403,#2014,.T.);
#2968=EDGE_CURVE('',#2403,#2404,#739,.T.);
#2969=EDGE_CURVE('',#2404,#2404,#2015,.T.);
#2970=EDGE_CURVE('',#2405,#2406,#740,.T.);
#2971=EDGE_CURVE('',#2405,#2407,#741,.T.);
#2972=EDGE_CURVE('',#2408,#2407,#742,.T.);
#2973=EDGE_CURVE('',#2406,#2408,#743,.T.);
#2974=EDGE_CURVE('',#2409,#2406,#2016,.T.);
#2975=EDGE_CURVE('',#2410,#2408,#2017,.T.);
#2976=EDGE_CURVE('',#2409,#2410,#744,.T.);
#2977=EDGE_CURVE('',#2411,#2409,#745,.T.);
#2978=EDGE_CURVE('',#2412,#2410,#746,.T.);
#2979=EDGE_CURVE('',#2411,#2412,#747,.T.);
#2980=EDGE_CURVE('',#2405,#2411,#2018,.T.);
#2981=EDGE_CURVE('',#2407,#2412,#2019,.T.);
#2982=EDGE_CURVE('',#2413,#2413,#2020,.T.);
#2983=EDGE_CURVE('',#2413,#2414,#748,.T.);
#2984=EDGE_CURVE('',#2414,#2414,#2021,.T.);
#2985=EDGE_CURVE('',#2415,#2415,#2022,.T.);
#2986=EDGE_CURVE('',#2415,#2416,#749,.T.);
#2987=EDGE_CURVE('',#2416,#2416,#2023,.T.);
#2988=EDGE_CURVE('',#2417,#2417,#2024,.T.);
#2989=EDGE_CURVE('',#2417,#2418,#750,.T.);
#2990=EDGE_CURVE('',#2418,#2418,#2025,.T.);
#2991=EDGE_CURVE('',#2419,#2419,#2026,.T.);
#2992=EDGE_CURVE('',#2419,#2420,#751,.T.);
#2993=EDGE_CURVE('',#2420,#2420,#2027,.T.);
#2994=EDGE_CURVE('',#2421,#2421,#2028,.T.);
#2995=EDGE_CURVE('',#2421,#2422,#752,.T.);
#2996=EDGE_CURVE('',#2422,#2422,#2029,.T.);
#2997=EDGE_CURVE('',#2423,#2423,#2030,.T.);
#2998=EDGE_CURVE('',#2423,#2424,#753,.T.);
#2999=EDGE_CURVE('',#2424,#2424,#2031,.T.);
#3000=EDGE_CURVE('',#2425,#2425,#2032,.T.);
#3001=EDGE_CURVE('',#2425,#2426,#754,.T.);
#3002=EDGE_CURVE('',#2426,#2426,#2033,.T.);
#3003=EDGE_CURVE('',#2427,#2427,#2034,.T.);
#3004=EDGE_CURVE('',#2427,#2428,#755,.T.);
#3005=EDGE_CURVE('',#2428,#2428,#2035,.T.);
#3006=EDGE_CURVE('',#2429,#2429,#2036,.T.);
#3007=EDGE_CURVE('',#2429,#2430,#756,.T.);
#3008=EDGE_CURVE('',#2430,#2430,#2037,.T.);
#3009=EDGE_CURVE('',#2431,#2431,#2038,.T.);
#3010=EDGE_CURVE('',#2431,#2432,#757,.T.);
#3011=EDGE_CURVE('',#2432,#2432,#2039,.T.);
#3012=EDGE_CURVE('',#2433,#2433,#2040,.T.);
#3013=EDGE_CURVE('',#2434,#2434,#2041,.T.);
#3014=EDGE_CURVE('',#2435,#2435,#2042,.T.);
#3015=EDGE_CURVE('',#2436,#2436,#2043,.T.);
#3016=EDGE_CURVE('',#2437,#2437,#2044,.T.);
#3017=EDGE_CURVE('',#2438,#2438,#2045,.T.);
#3018=EDGE_CURVE('',#2439,#2439,#2046,.T.);
#3019=EDGE_CURVE('',#2440,#2440,#2047,.T.);
#3020=EDGE_CURVE('',#2441,#2441,#2048,.T.);
#3021=EDGE_CURVE('',#2442,#2442,#2049,.T.);
#3022=EDGE_CURVE('',#2434,#2443,#758,.T.);
#3023=EDGE_CURVE('',#2443,#2443,#2050,.T.);
#3024=EDGE_CURVE('',#2444,#2444,#2051,.T.);
#3025=EDGE_CURVE('',#2444,#2445,#759,.T.);
#3026=EDGE_CURVE('',#2445,#2445,#2052,.T.);
#3027=EDGE_CURVE('',#2435,#2446,#760,.T.);
#3028=EDGE_CURVE('',#2446,#2446,#2053,.T.);
#3029=EDGE_CURVE('',#2436,#2447,#761,.T.);
#3030=EDGE_CURVE('',#2447,#2447,#2054,.T.);
#3031=EDGE_CURVE('',#2437,#2448,#762,.T.);
#3032=EDGE_CURVE('',#2448,#2448,#2055,.T.);
#3033=EDGE_CURVE('',#2438,#2449,#763,.T.);
#3034=EDGE_CURVE('',#2449,#2449,#2056,.T.);
#3035=EDGE_CURVE('',#2439,#2450,#764,.T.);
#3036=EDGE_CURVE('',#2450,#2450,#2057,.T.);
#3037=EDGE_CURVE('',#2440,#2451,#765,.T.);
#3038=EDGE_CURVE('',#2451,#2451,#2058,.T.);
#3039=EDGE_CURVE('',#2441,#2452,#766,.T.);
#3040=EDGE_CURVE('',#2452,#2452,#2059,.T.);
#3041=EDGE_CURVE('',#2442,#2453,#767,.T.);
#3042=EDGE_CURVE('',#2453,#2453,#2060,.T.);
#3043=EDGE_CURVE('',#2454,#2454,#2061,.T.);
#3044=EDGE_CURVE('',#2454,#2433,#768,.T.);
#3045=ORIENTED_EDGE('',*,*,#2455,.F.);
#3046=ORIENTED_EDGE('',*,*,#2456,.T.);
#3047=ORIENTED_EDGE('',*,*,#2456,.F.);
#3048=ORIENTED_EDGE('',*,*,#2457,.F.);
#3049=ORIENTED_EDGE('',*,*,#2458,.T.);
#3050=ORIENTED_EDGE('',*,*,#2459,.T.);
#3051=ORIENTED_EDGE('',*,*,#2460,.F.);
#3052=ORIENTED_EDGE('',*,*,#2461,.F.);
#3053=ORIENTED_EDGE('',*,*,#2462,.T.);
#3054=ORIENTED_EDGE('',*,*,#2462,.F.);
#3055=ORIENTED_EDGE('',*,*,#2463,.F.);
#3056=ORIENTED_EDGE('',*,*,#2464,.T.);
#3057=ORIENTED_EDGE('',*,*,#2465,.F.);
#3058=ORIENTED_EDGE('',*,*,#2458,.F.);
#3059=ORIENTED_EDGE('',*,*,#2466,.F.);
#3060=ORIENTED_EDGE('',*,*,#2464,.F.);
#3061=ORIENTED_EDGE('',*,*,#2467,.F.);
#3062=ORIENTED_EDGE('',*,*,#2459,.F.);
#3063=ORIENTED_EDGE('',*,*,#2468,.T.);
#3064=ORIENTED_EDGE('',*,*,#2469,.F.);
#3065=ORIENTED_EDGE('',*,*,#2468,.F.);
#3066=ORIENTED_EDGE('',*,*,#2470,.T.);
#3067=ORIENTED_EDGE('',*,*,#2471,.T.);
#3068=ORIENTED_EDGE('',*,*,#2470,.F.);
#3069=ORIENTED_EDGE('',*,*,#2471,.F.);
#3070=ORIENTED_EDGE('',*,*,#2472,.T.);
#3071=ORIENTED_EDGE('',*,*,#2473,.F.);
#3072=ORIENTED_EDGE('',*,*,#2472,.F.);
#3073=ORIENTED_EDGE('',*,*,#2474,.T.);
#3074=ORIENTED_EDGE('',*,*,#2475,.T.);
#3075=ORIENTED_EDGE('',*,*,#2474,.F.);
#3076=ORIENTED_EDGE('',*,*,#2475,.F.);
#3077=ORIENTED_EDGE('',*,*,#2476,.T.);
#3078=ORIENTED_EDGE('',*,*,#2477,.F.);
#3079=ORIENTED_EDGE('',*,*,#2476,.F.);
#3080=ORIENTED_EDGE('',*,*,#2478,.T.);
#3081=ORIENTED_EDGE('',*,*,#2479,.T.);
#3082=ORIENTED_EDGE('',*,*,#2478,.F.);
#3083=ORIENTED_EDGE('',*,*,#2479,.F.);
#3084=ORIENTED_EDGE('',*,*,#2480,.T.);
#3085=ORIENTED_EDGE('',*,*,#2481,.F.);
#3086=ORIENTED_EDGE('',*,*,#2480,.F.);
#3087=ORIENTED_EDGE('',*,*,#2482,.T.);
#3088=ORIENTED_EDGE('',*,*,#2483,.T.);
#3089=ORIENTED_EDGE('',*,*,#2482,.F.);
#3090=ORIENTED_EDGE('',*,*,#2483,.F.);
#3091=ORIENTED_EDGE('',*,*,#2484,.T.);
#3092=ORIENTED_EDGE('',*,*,#2485,.F.);
#3093=ORIENTED_EDGE('',*,*,#2484,.F.);
#3094=ORIENTED_EDGE('',*,*,#2486,.T.);
#3095=ORIENTED_EDGE('',*,*,#2487,.T.);
#3096=ORIENTED_EDGE('',*,*,#2486,.F.);
#3097=ORIENTED_EDGE('',*,*,#2487,.F.);
#3098=ORIENTED_EDGE('',*,*,#2488,.T.);
#3099=ORIENTED_EDGE('',*,*,#2489,.F.);
#3100=ORIENTED_EDGE('',*,*,#2488,.F.);
#3101=ORIENTED_EDGE('',*,*,#2490,.T.);
#3102=ORIENTED_EDGE('',*,*,#2491,.T.);
#3103=ORIENTED_EDGE('',*,*,#2490,.F.);
#3104=ORIENTED_EDGE('',*,*,#2491,.F.);
#3105=ORIENTED_EDGE('',*,*,#2492,.T.);
#3106=ORIENTED_EDGE('',*,*,#2493,.F.);
#3107=ORIENTED_EDGE('',*,*,#2492,.F.);
#3108=ORIENTED_EDGE('',*,*,#2494,.F.);
#3109=ORIENTED_EDGE('',*,*,#2495,.T.);
#3110=ORIENTED_EDGE('',*,*,#2496,.F.);
#3111=ORIENTED_EDGE('',*,*,#2495,.F.);
#3112=ORIENTED_EDGE('',*,*,#2497,.F.);
#3113=ORIENTED_EDGE('',*,*,#2498,.T.);
#3114=ORIENTED_EDGE('',*,*,#2499,.F.);
#3115=ORIENTED_EDGE('',*,*,#2498,.F.);
#3116=ORIENTED_EDGE('',*,*,#2497,.T.);
#3117=ORIENTED_EDGE('',*,*,#2494,.T.);
#3118=ORIENTED_EDGE('',*,*,#2469,.T.);
#3119=ORIENTED_EDGE('',*,*,#2500,.T.);
#3120=ORIENTED_EDGE('',*,*,#2499,.T.);
#3121=ORIENTED_EDGE('',*,*,#2500,.F.);
#3122=ORIENTED_EDGE('',*,*,#2501,.F.);
#3123=ORIENTED_EDGE('',*,*,#2502,.F.);
#3124=ORIENTED_EDGE('',*,*,#2503,.F.);
#3125=ORIENTED_EDGE('',*,*,#2504,.F.);
#3126=ORIENTED_EDGE('',*,*,#2505,.F.);
#3127=ORIENTED_EDGE('',*,*,#2506,.F.);
#3128=ORIENTED_EDGE('',*,*,#2507,.F.);
#3129=ORIENTED_EDGE('',*,*,#2507,.T.);
#3130=ORIENTED_EDGE('',*,*,#2508,.F.);
#3131=ORIENTED_EDGE('',*,*,#2509,.T.);
#3132=ORIENTED_EDGE('',*,*,#2510,.T.);
#3133=ORIENTED_EDGE('',*,*,#2509,.F.);
#3134=ORIENTED_EDGE('',*,*,#2511,.F.);
#3135=ORIENTED_EDGE('',*,*,#2512,.T.);
#3136=ORIENTED_EDGE('',*,*,#2513,.F.);
#3137=ORIENTED_EDGE('',*,*,#2506,.T.);
#3138=ORIENTED_EDGE('',*,*,#2514,.F.);
#3139=ORIENTED_EDGE('',*,*,#2515,.T.);
#3140=ORIENTED_EDGE('',*,*,#2511,.T.);
#3141=ORIENTED_EDGE('',*,*,#2508,.T.);
#3142=ORIENTED_EDGE('',*,*,#2516,.T.);
#3143=ORIENTED_EDGE('',*,*,#2517,.T.);
#3144=ORIENTED_EDGE('',*,*,#2518,.T.);
#3145=ORIENTED_EDGE('',*,*,#2519,.T.);
#3146=ORIENTED_EDGE('',*,*,#2505,.T.);
#3147=ORIENTED_EDGE('',*,*,#2520,.T.);
#3148=ORIENTED_EDGE('',*,*,#2521,.T.);
#3149=ORIENTED_EDGE('',*,*,#2514,.T.);
#3150=ORIENTED_EDGE('',*,*,#2515,.F.);
#3151=ORIENTED_EDGE('',*,*,#2521,.F.);
#3152=ORIENTED_EDGE('',*,*,#2522,.F.);
#3153=ORIENTED_EDGE('',*,*,#2523,.F.);
#3154=ORIENTED_EDGE('',*,*,#2524,.F.);
#3155=ORIENTED_EDGE('',*,*,#2512,.F.);
#3156=ORIENTED_EDGE('',*,*,#2525,.F.);
#3157=ORIENTED_EDGE('',*,*,#2526,.T.);
#3158=ORIENTED_EDGE('',*,*,#2516,.F.);
#3159=ORIENTED_EDGE('',*,*,#2526,.F.);
#3160=ORIENTED_EDGE('',*,*,#2527,.F.);
#3161=ORIENTED_EDGE('',*,*,#2528,.T.);
#3162=ORIENTED_EDGE('',*,*,#2529,.F.);
#3163=ORIENTED_EDGE('',*,*,#2528,.F.);
#3164=ORIENTED_EDGE('',*,*,#2530,.F.);
#3165=ORIENTED_EDGE('',*,*,#2531,.T.);
#3166=ORIENTED_EDGE('',*,*,#2532,.F.);
#3167=ORIENTED_EDGE('',*,*,#2531,.F.);
#3168=ORIENTED_EDGE('',*,*,#2533,.F.);
#3169=ORIENTED_EDGE('',*,*,#2534,.T.);
#3170=ORIENTED_EDGE('',*,*,#2535,.F.);
#3171=ORIENTED_EDGE('',*,*,#2534,.F.);
#3172=ORIENTED_EDGE('',*,*,#2536,.F.);
#3173=ORIENTED_EDGE('',*,*,#2537,.T.);
#3174=ORIENTED_EDGE('',*,*,#2538,.F.);
#3175=ORIENTED_EDGE('',*,*,#2537,.F.);
#3176=ORIENTED_EDGE('',*,*,#2539,.F.);
#3177=ORIENTED_EDGE('',*,*,#2540,.T.);
#3178=ORIENTED_EDGE('',*,*,#2517,.F.);
#3179=ORIENTED_EDGE('',*,*,#2540,.F.);
#3180=ORIENTED_EDGE('',*,*,#2541,.F.);
#3181=ORIENTED_EDGE('',*,*,#2542,.T.);
#3182=ORIENTED_EDGE('',*,*,#2518,.F.);
#3183=ORIENTED_EDGE('',*,*,#2542,.F.);
#3184=ORIENTED_EDGE('',*,*,#2543,.F.);
#3185=ORIENTED_EDGE('',*,*,#2544,.T.);
#3186=ORIENTED_EDGE('',*,*,#2519,.F.);
#3187=ORIENTED_EDGE('',*,*,#2544,.F.);
#3188=ORIENTED_EDGE('',*,*,#2510,.F.);
#3189=ORIENTED_EDGE('',*,*,#2545,.T.);
#3190=ORIENTED_EDGE('',*,*,#2546,.T.);
#3191=ORIENTED_EDGE('',*,*,#2545,.F.);
#3192=ORIENTED_EDGE('',*,*,#2547,.T.);
#3193=ORIENTED_EDGE('',*,*,#2548,.T.);
#3194=ORIENTED_EDGE('',*,*,#2546,.F.);
#3195=ORIENTED_EDGE('',*,*,#2548,.F.);
#3196=ORIENTED_EDGE('',*,*,#2547,.F.);
#3197=ORIENTED_EDGE('',*,*,#2496,.T.);
#3198=ORIENTED_EDGE('',*,*,#2549,.T.);
#3199=ORIENTED_EDGE('',*,*,#2550,.T.);
#3200=ORIENTED_EDGE('',*,*,#2551,.T.);
#3201=ORIENTED_EDGE('',*,*,#2550,.F.);
#3202=ORIENTED_EDGE('',*,*,#2504,.T.);
#3203=ORIENTED_EDGE('',*,*,#2552,.T.);
#3204=ORIENTED_EDGE('',*,*,#2551,.F.);
#3205=ORIENTED_EDGE('',*,*,#2552,.F.);
#3206=ORIENTED_EDGE('',*,*,#2503,.T.);
#3207=ORIENTED_EDGE('',*,*,#2553,.F.);
#3208=ORIENTED_EDGE('',*,*,#2522,.T.);
#3209=ORIENTED_EDGE('',*,*,#2520,.F.);
#3210=ORIENTED_EDGE('',*,*,#2549,.F.);
#3211=ORIENTED_EDGE('',*,*,#2460,.T.);
#3212=ORIENTED_EDGE('',*,*,#2467,.T.);
#3213=ORIENTED_EDGE('',*,*,#2463,.T.);
#3214=ORIENTED_EDGE('',*,*,#2461,.T.);
#3215=ORIENTED_EDGE('',*,*,#2465,.T.);
#3216=ORIENTED_EDGE('',*,*,#2466,.T.);
#3217=ORIENTED_EDGE('',*,*,#2457,.T.);
#3218=ORIENTED_EDGE('',*,*,#2455,.T.);
#3219=ORIENTED_EDGE('',*,*,#2473,.T.);
#3220=ORIENTED_EDGE('',*,*,#2477,.T.);
#3221=ORIENTED_EDGE('',*,*,#2481,.T.);
#3222=ORIENTED_EDGE('',*,*,#2485,.T.);
#3223=ORIENTED_EDGE('',*,*,#2489,.T.);
#3224=ORIENTED_EDGE('',*,*,#2493,.T.);
#3225=ORIENTED_EDGE('',*,*,#2525,.T.);
#3226=ORIENTED_EDGE('',*,*,#2527,.T.);
#3227=ORIENTED_EDGE('',*,*,#2530,.T.);
#3228=ORIENTED_EDGE('',*,*,#2533,.T.);
#3229=ORIENTED_EDGE('',*,*,#2536,.T.);
#3230=ORIENTED_EDGE('',*,*,#2539,.T.);
#3231=ORIENTED_EDGE('',*,*,#2541,.T.);
#3232=ORIENTED_EDGE('',*,*,#2543,.T.);
#3233=ORIENTED_EDGE('',*,*,#2502,.T.);
#3234=ORIENTED_EDGE('',*,*,#2554,.T.);
#3235=ORIENTED_EDGE('',*,*,#2523,.T.);
#3236=ORIENTED_EDGE('',*,*,#2553,.T.);
#3237=ORIENTED_EDGE('',*,*,#2501,.T.);
#3238=ORIENTED_EDGE('',*,*,#2513,.T.);
#3239=ORIENTED_EDGE('',*,*,#2524,.T.);
#3240=ORIENTED_EDGE('',*,*,#2554,.F.);
#3241=ORIENTED_EDGE('',*,*,#2529,.T.);
#3242=ORIENTED_EDGE('',*,*,#2532,.T.);
#3243=ORIENTED_EDGE('',*,*,#2535,.T.);
#3244=ORIENTED_EDGE('',*,*,#2538,.T.);
#3245=ORIENTED_EDGE('',*,*,#2555,.F.);
#3246=ORIENTED_EDGE('',*,*,#2556,.F.);
#3247=ORIENTED_EDGE('',*,*,#2557,.F.);
#3248=ORIENTED_EDGE('',*,*,#2558,.F.);
#3249=ORIENTED_EDGE('',*,*,#2559,.F.);
#3250=ORIENTED_EDGE('',*,*,#2560,.F.);
#3251=ORIENTED_EDGE('',*,*,#2561,.F.);
#3252=ORIENTED_EDGE('',*,*,#2561,.T.);
#3253=ORIENTED_EDGE('',*,*,#2562,.F.);
#3254=ORIENTED_EDGE('',*,*,#2563,.T.);
#3255=ORIENTED_EDGE('',*,*,#2564,.T.);
#3256=ORIENTED_EDGE('',*,*,#2563,.F.);
#3257=ORIENTED_EDGE('',*,*,#2565,.F.);
#3258=ORIENTED_EDGE('',*,*,#2566,.T.);
#3259=ORIENTED_EDGE('',*,*,#2567,.F.);
#3260=ORIENTED_EDGE('',*,*,#2560,.T.);
#3261=ORIENTED_EDGE('',*,*,#2568,.F.);
#3262=ORIENTED_EDGE('',*,*,#2569,.T.);
#3263=ORIENTED_EDGE('',*,*,#2565,.T.);
#3264=ORIENTED_EDGE('',*,*,#2562,.T.);
#3265=ORIENTED_EDGE('',*,*,#2570,.T.);
#3266=ORIENTED_EDGE('',*,*,#2571,.T.);
#3267=ORIENTED_EDGE('',*,*,#2572,.T.);
#3268=ORIENTED_EDGE('',*,*,#2573,.T.);
#3269=ORIENTED_EDGE('',*,*,#2559,.T.);
#3270=ORIENTED_EDGE('',*,*,#2574,.T.);
#3271=ORIENTED_EDGE('',*,*,#2575,.T.);
#3272=ORIENTED_EDGE('',*,*,#2568,.T.);
#3273=ORIENTED_EDGE('',*,*,#2569,.F.);
#3274=ORIENTED_EDGE('',*,*,#2575,.F.);
#3275=ORIENTED_EDGE('',*,*,#2576,.F.);
#3276=ORIENTED_EDGE('',*,*,#2577,.F.);
#3277=ORIENTED_EDGE('',*,*,#2578,.F.);
#3278=ORIENTED_EDGE('',*,*,#2566,.F.);
#3279=ORIENTED_EDGE('',*,*,#2579,.F.);
#3280=ORIENTED_EDGE('',*,*,#2580,.T.);
#3281=ORIENTED_EDGE('',*,*,#2570,.F.);
#3282=ORIENTED_EDGE('',*,*,#2580,.F.);
#3283=ORIENTED_EDGE('',*,*,#2581,.F.);
#3284=ORIENTED_EDGE('',*,*,#2582,.T.);
#3285=ORIENTED_EDGE('',*,*,#2583,.F.);
#3286=ORIENTED_EDGE('',*,*,#2582,.F.);
#3287=ORIENTED_EDGE('',*,*,#2584,.F.);
#3288=ORIENTED_EDGE('',*,*,#2585,.T.);
#3289=ORIENTED_EDGE('',*,*,#2586,.F.);
#3290=ORIENTED_EDGE('',*,*,#2585,.F.);
#3291=ORIENTED_EDGE('',*,*,#2587,.F.);
#3292=ORIENTED_EDGE('',*,*,#2588,.T.);
#3293=ORIENTED_EDGE('',*,*,#2589,.F.);
#3294=ORIENTED_EDGE('',*,*,#2588,.F.);
#3295=ORIENTED_EDGE('',*,*,#2590,.F.);
#3296=ORIENTED_EDGE('',*,*,#2591,.T.);
#3297=ORIENTED_EDGE('',*,*,#2592,.F.);
#3298=ORIENTED_EDGE('',*,*,#2591,.F.);
#3299=ORIENTED_EDGE('',*,*,#2593,.F.);
#3300=ORIENTED_EDGE('',*,*,#2594,.T.);
#3301=ORIENTED_EDGE('',*,*,#2571,.F.);
#3302=ORIENTED_EDGE('',*,*,#2594,.F.);
#3303=ORIENTED_EDGE('',*,*,#2595,.F.);
#3304=ORIENTED_EDGE('',*,*,#2596,.T.);
#3305=ORIENTED_EDGE('',*,*,#2572,.F.);
#3306=ORIENTED_EDGE('',*,*,#2596,.F.);
#3307=ORIENTED_EDGE('',*,*,#2597,.F.);
#3308=ORIENTED_EDGE('',*,*,#2598,.T.);
#3309=ORIENTED_EDGE('',*,*,#2573,.F.);
#3310=ORIENTED_EDGE('',*,*,#2598,.F.);
#3311=ORIENTED_EDGE('',*,*,#2564,.F.);
#3312=ORIENTED_EDGE('',*,*,#2599,.T.);
#3313=ORIENTED_EDGE('',*,*,#2600,.T.);
#3314=ORIENTED_EDGE('',*,*,#2599,.F.);
#3315=ORIENTED_EDGE('',*,*,#2601,.T.);
#3316=ORIENTED_EDGE('',*,*,#2602,.T.);
#3317=ORIENTED_EDGE('',*,*,#2600,.F.);
#3318=ORIENTED_EDGE('',*,*,#2602,.F.);
#3319=ORIENTED_EDGE('',*,*,#2601,.F.);
#3320=ORIENTED_EDGE('',*,*,#2603,.T.);
#3321=ORIENTED_EDGE('',*,*,#2604,.T.);
#3322=ORIENTED_EDGE('',*,*,#2605,.T.);
#3323=ORIENTED_EDGE('',*,*,#2604,.F.);
#3324=ORIENTED_EDGE('',*,*,#2558,.T.);
#3325=ORIENTED_EDGE('',*,*,#2606,.T.);
#3326=ORIENTED_EDGE('',*,*,#2605,.F.);
#3327=ORIENTED_EDGE('',*,*,#2606,.F.);
#3328=ORIENTED_EDGE('',*,*,#2557,.T.);
#3329=ORIENTED_EDGE('',*,*,#2607,.F.);
#3330=ORIENTED_EDGE('',*,*,#2576,.T.);
#3331=ORIENTED_EDGE('',*,*,#2574,.F.);
#3332=ORIENTED_EDGE('',*,*,#2603,.F.);
#3333=ORIENTED_EDGE('',*,*,#2579,.T.);
#3334=ORIENTED_EDGE('',*,*,#2581,.T.);
#3335=ORIENTED_EDGE('',*,*,#2584,.T.);
#3336=ORIENTED_EDGE('',*,*,#2587,.T.);
#3337=ORIENTED_EDGE('',*,*,#2590,.T.);
#3338=ORIENTED_EDGE('',*,*,#2593,.T.);
#3339=ORIENTED_EDGE('',*,*,#2595,.T.);
#3340=ORIENTED_EDGE('',*,*,#2597,.T.);
#3341=ORIENTED_EDGE('',*,*,#2556,.T.);
#3342=ORIENTED_EDGE('',*,*,#2608,.T.);
#3343=ORIENTED_EDGE('',*,*,#2577,.T.);
#3344=ORIENTED_EDGE('',*,*,#2607,.T.);
#3345=ORIENTED_EDGE('',*,*,#2555,.T.);
#3346=ORIENTED_EDGE('',*,*,#2567,.T.);
#3347=ORIENTED_EDGE('',*,*,#2578,.T.);
#3348=ORIENTED_EDGE('',*,*,#2608,.F.);
#3349=ORIENTED_EDGE('',*,*,#2583,.T.);
#3350=ORIENTED_EDGE('',*,*,#2586,.T.);
#3351=ORIENTED_EDGE('',*,*,#2589,.T.);
#3352=ORIENTED_EDGE('',*,*,#2592,.T.);
#3353=ORIENTED_EDGE('',*,*,#2609,.F.);
#3354=ORIENTED_EDGE('',*,*,#2610,.T.);
#3355=ORIENTED_EDGE('',*,*,#2611,.T.);
#3356=ORIENTED_EDGE('',*,*,#2610,.F.);
#3357=ORIENTED_EDGE('',*,*,#2611,.F.);
#3358=ORIENTED_EDGE('',*,*,#2612,.F.);
#3359=ORIENTED_EDGE('',*,*,#2613,.T.);
#3360=ORIENTED_EDGE('',*,*,#2614,.T.);
#3361=ORIENTED_EDGE('',*,*,#2613,.F.);
#3362=ORIENTED_EDGE('',*,*,#2614,.F.);
#3363=ORIENTED_EDGE('',*,*,#2615,.F.);
#3364=ORIENTED_EDGE('',*,*,#2616,.T.);
#3365=ORIENTED_EDGE('',*,*,#2617,.T.);
#3366=ORIENTED_EDGE('',*,*,#2616,.F.);
#3367=ORIENTED_EDGE('',*,*,#2617,.F.);
#3368=ORIENTED_EDGE('',*,*,#2618,.F.);
#3369=ORIENTED_EDGE('',*,*,#2619,.T.);
#3370=ORIENTED_EDGE('',*,*,#2620,.T.);
#3371=ORIENTED_EDGE('',*,*,#2619,.F.);
#3372=ORIENTED_EDGE('',*,*,#2620,.F.);
#3373=ORIENTED_EDGE('',*,*,#2621,.T.);
#3374=ORIENTED_EDGE('',*,*,#2622,.T.);
#3375=ORIENTED_EDGE('',*,*,#2621,.F.);
#3376=ORIENTED_EDGE('',*,*,#2623,.F.);
#3377=ORIENTED_EDGE('',*,*,#2609,.T.);
#3378=ORIENTED_EDGE('',*,*,#2612,.T.);
#3379=ORIENTED_EDGE('',*,*,#2615,.T.);
#3380=ORIENTED_EDGE('',*,*,#2618,.T.);
#3381=ORIENTED_EDGE('',*,*,#2624,.T.);
#3382=ORIENTED_EDGE('',*,*,#2623,.T.);
#3383=ORIENTED_EDGE('',*,*,#2625,.T.);
#3384=ORIENTED_EDGE('',*,*,#2626,.F.);
#3385=ORIENTED_EDGE('',*,*,#2625,.F.);
#3386=ORIENTED_EDGE('',*,*,#2627,.F.);
#3387=ORIENTED_EDGE('',*,*,#2628,.T.);
#3388=ORIENTED_EDGE('',*,*,#2624,.F.);
#3389=ORIENTED_EDGE('',*,*,#2628,.F.);
#3390=ORIENTED_EDGE('',*,*,#2629,.F.);
#3391=ORIENTED_EDGE('',*,*,#2630,.T.);
#3392=ORIENTED_EDGE('',*,*,#2626,.T.);
#3393=ORIENTED_EDGE('',*,*,#2630,.F.);
#3394=ORIENTED_EDGE('',*,*,#2631,.T.);
#3395=ORIENTED_EDGE('',*,*,#2627,.T.);
#3396=ORIENTED_EDGE('',*,*,#2632,.T.);
#3397=ORIENTED_EDGE('',*,*,#2633,.F.);
#3398=ORIENTED_EDGE('',*,*,#2634,.T.);
#3399=ORIENTED_EDGE('',*,*,#2629,.T.);
#3400=ORIENTED_EDGE('',*,*,#2634,.F.);
#3401=ORIENTED_EDGE('',*,*,#2635,.F.);
#3402=ORIENTED_EDGE('',*,*,#2636,.T.);
#3403=ORIENTED_EDGE('',*,*,#2637,.F.);
#3404=ORIENTED_EDGE('',*,*,#2631,.F.);
#3405=ORIENTED_EDGE('',*,*,#2638,.T.);
#3406=ORIENTED_EDGE('',*,*,#2639,.F.);
#3407=ORIENTED_EDGE('',*,*,#2638,.F.);
#3408=ORIENTED_EDGE('',*,*,#2640,.T.);
#3409=ORIENTED_EDGE('',*,*,#2641,.T.);
#3410=ORIENTED_EDGE('',*,*,#2642,.T.);
#3411=ORIENTED_EDGE('',*,*,#2643,.T.);
#3412=ORIENTED_EDGE('',*,*,#2644,.F.);
#3413=ORIENTED_EDGE('',*,*,#2642,.F.);
#3414=ORIENTED_EDGE('',*,*,#2645,.F.);
#3415=ORIENTED_EDGE('',*,*,#2646,.F.);
#3416=ORIENTED_EDGE('',*,*,#2647,.F.);
#3417=ORIENTED_EDGE('',*,*,#2636,.F.);
#3418=ORIENTED_EDGE('',*,*,#2648,.T.);
#3419=ORIENTED_EDGE('',*,*,#2649,.T.);
#3420=ORIENTED_EDGE('',*,*,#2646,.T.);
#3421=ORIENTED_EDGE('',*,*,#2650,.T.);
#3422=ORIENTED_EDGE('',*,*,#2651,.F.);
#3423=ORIENTED_EDGE('',*,*,#2648,.F.);
#3424=ORIENTED_EDGE('',*,*,#2652,.F.);
#3425=ORIENTED_EDGE('',*,*,#2653,.F.);
#3426=ORIENTED_EDGE('',*,*,#2640,.F.);
#3427=ORIENTED_EDGE('',*,*,#2654,.F.);
#3428=ORIENTED_EDGE('',*,*,#2632,.F.);
#3429=ORIENTED_EDGE('',*,*,#2651,.T.);
#3430=ORIENTED_EDGE('',*,*,#2637,.T.);
#3431=ORIENTED_EDGE('',*,*,#2647,.T.);
#3432=ORIENTED_EDGE('',*,*,#2649,.F.);
#3433=ORIENTED_EDGE('',*,*,#2655,.T.);
#3434=ORIENTED_EDGE('',*,*,#2656,.T.);
#3435=ORIENTED_EDGE('',*,*,#2657,.T.);
#3436=ORIENTED_EDGE('',*,*,#2658,.T.);
#3437=ORIENTED_EDGE('',*,*,#2654,.T.);
#3438=ORIENTED_EDGE('',*,*,#2643,.F.);
#3439=ORIENTED_EDGE('',*,*,#2644,.T.);
#3440=ORIENTED_EDGE('',*,*,#2635,.T.);
#3441=ORIENTED_EDGE('',*,*,#2633,.T.);
#3442=ORIENTED_EDGE('',*,*,#2659,.T.);
#3443=ORIENTED_EDGE('',*,*,#2660,.T.);
#3444=ORIENTED_EDGE('',*,*,#2661,.T.);
#3445=ORIENTED_EDGE('',*,*,#2662,.T.);
#3446=ORIENTED_EDGE('',*,*,#2663,.T.);
#3447=ORIENTED_EDGE('',*,*,#2664,.T.);
#3448=ORIENTED_EDGE('',*,*,#2663,.F.);
#3449=ORIENTED_EDGE('',*,*,#2665,.T.);
#3450=ORIENTED_EDGE('',*,*,#2666,.T.);
#3451=ORIENTED_EDGE('',*,*,#2665,.F.);
#3452=ORIENTED_EDGE('',*,*,#2667,.T.);
#3453=ORIENTED_EDGE('',*,*,#2668,.T.);
#3454=ORIENTED_EDGE('',*,*,#2667,.F.);
#3455=ORIENTED_EDGE('',*,*,#2669,.T.);
#3456=ORIENTED_EDGE('',*,*,#2670,.T.);
#3457=ORIENTED_EDGE('',*,*,#2669,.F.);
#3458=ORIENTED_EDGE('',*,*,#2671,.T.);
#3459=ORIENTED_EDGE('',*,*,#2672,.T.);
#3460=ORIENTED_EDGE('',*,*,#2671,.F.);
#3461=ORIENTED_EDGE('',*,*,#2673,.T.);
#3462=ORIENTED_EDGE('',*,*,#2674,.T.);
#3463=ORIENTED_EDGE('',*,*,#2639,.T.);
#3464=ORIENTED_EDGE('',*,*,#2674,.F.);
#3465=ORIENTED_EDGE('',*,*,#2653,.T.);
#3466=ORIENTED_EDGE('',*,*,#2675,.T.);
#3467=ORIENTED_EDGE('',*,*,#2676,.F.);
#3468=ORIENTED_EDGE('',*,*,#2675,.F.);
#3469=ORIENTED_EDGE('',*,*,#2652,.T.);
#3470=ORIENTED_EDGE('',*,*,#2650,.F.);
#3471=ORIENTED_EDGE('',*,*,#2645,.T.);
#3472=ORIENTED_EDGE('',*,*,#2641,.F.);
#3473=ORIENTED_EDGE('',*,*,#2677,.F.);
#3474=ORIENTED_EDGE('',*,*,#2678,.T.);
#3475=ORIENTED_EDGE('',*,*,#2662,.F.);
#3476=ORIENTED_EDGE('',*,*,#2678,.F.);
#3477=ORIENTED_EDGE('',*,*,#2679,.F.);
#3478=ORIENTED_EDGE('',*,*,#2680,.T.);
#3479=ORIENTED_EDGE('',*,*,#2661,.F.);
#3480=ORIENTED_EDGE('',*,*,#2680,.F.);
#3481=ORIENTED_EDGE('',*,*,#2681,.F.);
#3482=ORIENTED_EDGE('',*,*,#2682,.T.);
#3483=ORIENTED_EDGE('',*,*,#2660,.F.);
#3484=ORIENTED_EDGE('',*,*,#2682,.F.);
#3485=ORIENTED_EDGE('',*,*,#2683,.F.);
#3486=ORIENTED_EDGE('',*,*,#2684,.T.);
#3487=ORIENTED_EDGE('',*,*,#2658,.F.);
#3488=ORIENTED_EDGE('',*,*,#2684,.F.);
#3489=ORIENTED_EDGE('',*,*,#2685,.F.);
#3490=ORIENTED_EDGE('',*,*,#2686,.T.);
#3491=ORIENTED_EDGE('',*,*,#2657,.F.);
#3492=ORIENTED_EDGE('',*,*,#2686,.F.);
#3493=ORIENTED_EDGE('',*,*,#2687,.F.);
#3494=ORIENTED_EDGE('',*,*,#2688,.T.);
#3495=ORIENTED_EDGE('',*,*,#2656,.F.);
#3496=ORIENTED_EDGE('',*,*,#2688,.F.);
#3497=ORIENTED_EDGE('',*,*,#2689,.F.);
#3498=ORIENTED_EDGE('',*,*,#2690,.T.);
#3499=ORIENTED_EDGE('',*,*,#2655,.F.);
#3500=ORIENTED_EDGE('',*,*,#2690,.F.);
#3501=ORIENTED_EDGE('',*,*,#2691,.F.);
#3502=ORIENTED_EDGE('',*,*,#2692,.T.);
#3503=ORIENTED_EDGE('',*,*,#2659,.F.);
#3504=ORIENTED_EDGE('',*,*,#2692,.F.);
#3505=ORIENTED_EDGE('',*,*,#2664,.F.);
#3506=ORIENTED_EDGE('',*,*,#2693,.T.);
#3507=ORIENTED_EDGE('',*,*,#2694,.F.);
#3508=ORIENTED_EDGE('',*,*,#2693,.F.);
#3509=ORIENTED_EDGE('',*,*,#2666,.F.);
#3510=ORIENTED_EDGE('',*,*,#2695,.T.);
#3511=ORIENTED_EDGE('',*,*,#2696,.F.);
#3512=ORIENTED_EDGE('',*,*,#2695,.F.);
#3513=ORIENTED_EDGE('',*,*,#2668,.F.);
#3514=ORIENTED_EDGE('',*,*,#2697,.T.);
#3515=ORIENTED_EDGE('',*,*,#2698,.F.);
#3516=ORIENTED_EDGE('',*,*,#2697,.F.);
#3517=ORIENTED_EDGE('',*,*,#2670,.F.);
#3518=ORIENTED_EDGE('',*,*,#2699,.T.);
#3519=ORIENTED_EDGE('',*,*,#2700,.F.);
#3520=ORIENTED_EDGE('',*,*,#2699,.F.);
#3521=ORIENTED_EDGE('',*,*,#2672,.F.);
#3522=ORIENTED_EDGE('',*,*,#2701,.T.);
#3523=ORIENTED_EDGE('',*,*,#2702,.F.);
#3524=ORIENTED_EDGE('',*,*,#2701,.F.);
#3525=ORIENTED_EDGE('',*,*,#2703,.F.);
#3526=ORIENTED_EDGE('',*,*,#2704,.T.);
#3527=ORIENTED_EDGE('',*,*,#2705,.F.);
#3528=ORIENTED_EDGE('',*,*,#2706,.T.);
#3529=ORIENTED_EDGE('',*,*,#2706,.F.);
#3530=ORIENTED_EDGE('',*,*,#2707,.F.);
#3531=ORIENTED_EDGE('',*,*,#2708,.T.);
#3532=ORIENTED_EDGE('',*,*,#2709,.F.);
#3533=ORIENTED_EDGE('',*,*,#2710,.F.);
#3534=ORIENTED_EDGE('',*,*,#2711,.F.);
#3535=ORIENTED_EDGE('',*,*,#2708,.F.);
#3536=ORIENTED_EDGE('',*,*,#2712,.F.);
#3537=ORIENTED_EDGE('',*,*,#2713,.F.);
#3538=ORIENTED_EDGE('',*,*,#2714,.T.);
#3539=ORIENTED_EDGE('',*,*,#2673,.F.);
#3540=ORIENTED_EDGE('',*,*,#2714,.F.);
#3541=ORIENTED_EDGE('',*,*,#2704,.F.);
#3542=ORIENTED_EDGE('',*,*,#2715,.F.);
#3543=ORIENTED_EDGE('',*,*,#2710,.T.);
#3544=ORIENTED_EDGE('',*,*,#2713,.T.);
#3545=ORIENTED_EDGE('',*,*,#2716,.F.);
#3546=ORIENTED_EDGE('',*,*,#2717,.T.);
#3547=ORIENTED_EDGE('',*,*,#2718,.T.);
#3548=ORIENTED_EDGE('',*,*,#2676,.T.);
#3549=ORIENTED_EDGE('',*,*,#2718,.F.);
#3550=ORIENTED_EDGE('',*,*,#2717,.F.);
#3551=ORIENTED_EDGE('',*,*,#2716,.T.);
#3552=ORIENTED_EDGE('',*,*,#2712,.T.);
#3553=ORIENTED_EDGE('',*,*,#2707,.T.);
#3554=ORIENTED_EDGE('',*,*,#2705,.T.);
#3555=ORIENTED_EDGE('',*,*,#2709,.T.);
#3556=ORIENTED_EDGE('',*,*,#2711,.T.);
#3557=ORIENTED_EDGE('',*,*,#2715,.T.);
#3558=ORIENTED_EDGE('',*,*,#2703,.T.);
#3559=ORIENTED_EDGE('',*,*,#2702,.T.);
#3560=ORIENTED_EDGE('',*,*,#2700,.T.);
#3561=ORIENTED_EDGE('',*,*,#2698,.T.);
#3562=ORIENTED_EDGE('',*,*,#2696,.T.);
#3563=ORIENTED_EDGE('',*,*,#2694,.T.);
#3564=ORIENTED_EDGE('',*,*,#2719,.T.);
#3565=ORIENTED_EDGE('',*,*,#2691,.T.);
#3566=ORIENTED_EDGE('',*,*,#2689,.T.);
#3567=ORIENTED_EDGE('',*,*,#2687,.T.);
#3568=ORIENTED_EDGE('',*,*,#2685,.T.);
#3569=ORIENTED_EDGE('',*,*,#2683,.T.);
#3570=ORIENTED_EDGE('',*,*,#2681,.T.);
#3571=ORIENTED_EDGE('',*,*,#2679,.T.);
#3572=ORIENTED_EDGE('',*,*,#2677,.T.);
#3573=ORIENTED_EDGE('',*,*,#2622,.F.);
#3574=ORIENTED_EDGE('',*,*,#2720,.T.);
#3575=ORIENTED_EDGE('',*,*,#2719,.F.);
#3576=ORIENTED_EDGE('',*,*,#2720,.F.);
#3577=ORIENTED_EDGE('',*,*,#2721,.F.);
#3578=ORIENTED_EDGE('',*,*,#2722,.T.);
#3579=ORIENTED_EDGE('',*,*,#2723,.F.);
#3580=ORIENTED_EDGE('',*,*,#2722,.F.);
#3581=ORIENTED_EDGE('',*,*,#2721,.T.);
#3582=ORIENTED_EDGE('',*,*,#2723,.T.);
#3583=ORIENTED_EDGE('',*,*,#2724,.T.);
#3584=ORIENTED_EDGE('',*,*,#2725,.T.);
#3585=ORIENTED_EDGE('',*,*,#2726,.F.);
#3586=ORIENTED_EDGE('',*,*,#2725,.F.);
#3587=ORIENTED_EDGE('',*,*,#2727,.F.);
#3588=ORIENTED_EDGE('',*,*,#2728,.T.);
#3589=ORIENTED_EDGE('',*,*,#2729,.F.);
#3590=ORIENTED_EDGE('',*,*,#2728,.F.);
#3591=ORIENTED_EDGE('',*,*,#2727,.T.);
#3592=ORIENTED_EDGE('',*,*,#2726,.T.);
#3593=ORIENTED_EDGE('',*,*,#2729,.T.);
#3594=ORIENTED_EDGE('',*,*,#2724,.F.);
#3595=ORIENTED_EDGE('',*,*,#2730,.F.);
#3596=ORIENTED_EDGE('',*,*,#2731,.T.);
#3597=ORIENTED_EDGE('',*,*,#2732,.T.);
#3598=ORIENTED_EDGE('',*,*,#2731,.F.);
#3599=ORIENTED_EDGE('',*,*,#2732,.F.);
#3600=ORIENTED_EDGE('',*,*,#2733,.F.);
#3601=ORIENTED_EDGE('',*,*,#2734,.T.);
#3602=ORIENTED_EDGE('',*,*,#2733,.T.);
#3603=ORIENTED_EDGE('',*,*,#2735,.T.);
#3604=ORIENTED_EDGE('',*,*,#2734,.F.);
#3605=ORIENTED_EDGE('',*,*,#2735,.F.);
#3606=ORIENTED_EDGE('',*,*,#2730,.T.);
#3607=ORIENTED_EDGE('',*,*,#2736,.F.);
#3608=ORIENTED_EDGE('',*,*,#2737,.T.);
#3609=ORIENTED_EDGE('',*,*,#2738,.T.);
#3610=ORIENTED_EDGE('',*,*,#2739,.T.);
#3611=ORIENTED_EDGE('',*,*,#2740,.F.);
#3612=ORIENTED_EDGE('',*,*,#2741,.T.);
#3613=ORIENTED_EDGE('',*,*,#2736,.T.);
#3614=ORIENTED_EDGE('',*,*,#2742,.T.);
#3615=ORIENTED_EDGE('',*,*,#2743,.F.);
#3616=ORIENTED_EDGE('',*,*,#2744,.T.);
#3617=ORIENTED_EDGE('',*,*,#2740,.T.);
#3618=ORIENTED_EDGE('',*,*,#2745,.T.);
#3619=ORIENTED_EDGE('',*,*,#2746,.F.);
#3620=ORIENTED_EDGE('',*,*,#2747,.T.);
#3621=ORIENTED_EDGE('',*,*,#2743,.T.);
#3622=ORIENTED_EDGE('',*,*,#2748,.T.);
#3623=ORIENTED_EDGE('',*,*,#2749,.F.);
#3624=ORIENTED_EDGE('',*,*,#2750,.T.);
#3625=ORIENTED_EDGE('',*,*,#2746,.T.);
#3626=ORIENTED_EDGE('',*,*,#2751,.T.);
#3627=ORIENTED_EDGE('',*,*,#2752,.F.);
#3628=ORIENTED_EDGE('',*,*,#2753,.T.);
#3629=ORIENTED_EDGE('',*,*,#2749,.T.);
#3630=ORIENTED_EDGE('',*,*,#2754,.T.);
#3631=ORIENTED_EDGE('',*,*,#2755,.F.);
#3632=ORIENTED_EDGE('',*,*,#2756,.T.);
#3633=ORIENTED_EDGE('',*,*,#2752,.T.);
#3634=ORIENTED_EDGE('',*,*,#2757,.T.);
#3635=ORIENTED_EDGE('',*,*,#2758,.F.);
#3636=ORIENTED_EDGE('',*,*,#2759,.T.);
#3637=ORIENTED_EDGE('',*,*,#2760,.F.);
#3638=ORIENTED_EDGE('',*,*,#2761,.F.);
#3639=ORIENTED_EDGE('',*,*,#2762,.F.);
#3640=ORIENTED_EDGE('',*,*,#2763,.T.);
#3641=ORIENTED_EDGE('',*,*,#2758,.T.);
#3642=ORIENTED_EDGE('',*,*,#2764,.F.);
#3643=ORIENTED_EDGE('',*,*,#2765,.F.);
#3644=ORIENTED_EDGE('',*,*,#2766,.T.);
#3645=ORIENTED_EDGE('',*,*,#2762,.T.);
#3646=ORIENTED_EDGE('',*,*,#2767,.F.);
#3647=ORIENTED_EDGE('',*,*,#2768,.F.);
#3648=ORIENTED_EDGE('',*,*,#2769,.T.);
#3649=ORIENTED_EDGE('',*,*,#2765,.T.);
#3650=ORIENTED_EDGE('',*,*,#2770,.F.);
#3651=ORIENTED_EDGE('',*,*,#2771,.F.);
#3652=ORIENTED_EDGE('',*,*,#2772,.T.);
#3653=ORIENTED_EDGE('',*,*,#2768,.T.);
#3654=ORIENTED_EDGE('',*,*,#2773,.F.);
#3655=ORIENTED_EDGE('',*,*,#2774,.F.);
#3656=ORIENTED_EDGE('',*,*,#2775,.T.);
#3657=ORIENTED_EDGE('',*,*,#2771,.T.);
#3658=ORIENTED_EDGE('',*,*,#2776,.F.);
#3659=ORIENTED_EDGE('',*,*,#2777,.F.);
#3660=ORIENTED_EDGE('',*,*,#2778,.T.);
#3661=ORIENTED_EDGE('',*,*,#2774,.T.);
#3662=ORIENTED_EDGE('',*,*,#2779,.F.);
#3663=ORIENTED_EDGE('',*,*,#2780,.F.);
#3664=ORIENTED_EDGE('',*,*,#2781,.F.);
#3665=ORIENTED_EDGE('',*,*,#2782,.T.);
#3666=ORIENTED_EDGE('',*,*,#2777,.T.);
#3667=ORIENTED_EDGE('',*,*,#2783,.F.);
#3668=ORIENTED_EDGE('',*,*,#2784,.F.);
#3669=ORIENTED_EDGE('',*,*,#2785,.T.);
#3670=ORIENTED_EDGE('',*,*,#2786,.T.);
#3671=ORIENTED_EDGE('',*,*,#2787,.T.);
#3672=ORIENTED_EDGE('',*,*,#2788,.T.);
#3673=ORIENTED_EDGE('',*,*,#2787,.F.);
#3674=ORIENTED_EDGE('',*,*,#2789,.T.);
#3675=ORIENTED_EDGE('',*,*,#2790,.T.);
#3676=ORIENTED_EDGE('',*,*,#2791,.F.);
#3677=ORIENTED_EDGE('',*,*,#2792,.T.);
#3678=ORIENTED_EDGE('',*,*,#2784,.T.);
#3679=ORIENTED_EDGE('',*,*,#2793,.T.);
#3680=ORIENTED_EDGE('',*,*,#2794,.F.);
#3681=ORIENTED_EDGE('',*,*,#2795,.T.);
#3682=ORIENTED_EDGE('',*,*,#2791,.T.);
#3683=ORIENTED_EDGE('',*,*,#2796,.T.);
#3684=ORIENTED_EDGE('',*,*,#2797,.F.);
#3685=ORIENTED_EDGE('',*,*,#2798,.T.);
#3686=ORIENTED_EDGE('',*,*,#2794,.T.);
#3687=ORIENTED_EDGE('',*,*,#2799,.T.);
#3688=ORIENTED_EDGE('',*,*,#2800,.F.);
#3689=ORIENTED_EDGE('',*,*,#2801,.T.);
#3690=ORIENTED_EDGE('',*,*,#2797,.T.);
#3691=ORIENTED_EDGE('',*,*,#2802,.T.);
#3692=ORIENTED_EDGE('',*,*,#2803,.F.);
#3693=ORIENTED_EDGE('',*,*,#2804,.T.);
#3694=ORIENTED_EDGE('',*,*,#2800,.T.);
#3695=ORIENTED_EDGE('',*,*,#2805,.T.);
#3696=ORIENTED_EDGE('',*,*,#2806,.F.);
#3697=ORIENTED_EDGE('',*,*,#2807,.T.);
#3698=ORIENTED_EDGE('',*,*,#2803,.T.);
#3699=ORIENTED_EDGE('',*,*,#2808,.T.);
#3700=ORIENTED_EDGE('',*,*,#2809,.F.);
#3701=ORIENTED_EDGE('',*,*,#2810,.T.);
#3702=ORIENTED_EDGE('',*,*,#2806,.T.);
#3703=ORIENTED_EDGE('',*,*,#2811,.T.);
#3704=ORIENTED_EDGE('',*,*,#2812,.F.);
#3705=ORIENTED_EDGE('',*,*,#2813,.T.);
#3706=ORIENTED_EDGE('',*,*,#2814,.F.);
#3707=ORIENTED_EDGE('',*,*,#2815,.F.);
#3708=ORIENTED_EDGE('',*,*,#2816,.F.);
#3709=ORIENTED_EDGE('',*,*,#2817,.T.);
#3710=ORIENTED_EDGE('',*,*,#2812,.T.);
#3711=ORIENTED_EDGE('',*,*,#2818,.F.);
#3712=ORIENTED_EDGE('',*,*,#2819,.F.);
#3713=ORIENTED_EDGE('',*,*,#2820,.T.);
#3714=ORIENTED_EDGE('',*,*,#2816,.T.);
#3715=ORIENTED_EDGE('',*,*,#2821,.F.);
#3716=ORIENTED_EDGE('',*,*,#2822,.F.);
#3717=ORIENTED_EDGE('',*,*,#2823,.T.);
#3718=ORIENTED_EDGE('',*,*,#2819,.T.);
#3719=ORIENTED_EDGE('',*,*,#2824,.F.);
#3720=ORIENTED_EDGE('',*,*,#2825,.F.);
#3721=ORIENTED_EDGE('',*,*,#2826,.T.);
#3722=ORIENTED_EDGE('',*,*,#2822,.T.);
#3723=ORIENTED_EDGE('',*,*,#2827,.F.);
#3724=ORIENTED_EDGE('',*,*,#2828,.F.);
#3725=ORIENTED_EDGE('',*,*,#2829,.T.);
#3726=ORIENTED_EDGE('',*,*,#2825,.T.);
#3727=ORIENTED_EDGE('',*,*,#2830,.F.);
#3728=ORIENTED_EDGE('',*,*,#2831,.F.);
#3729=ORIENTED_EDGE('',*,*,#2832,.T.);
#3730=ORIENTED_EDGE('',*,*,#2828,.T.);
#3731=ORIENTED_EDGE('',*,*,#2833,.F.);
#3732=ORIENTED_EDGE('',*,*,#2834,.F.);
#3733=ORIENTED_EDGE('',*,*,#2835,.T.);
#3734=ORIENTED_EDGE('',*,*,#2831,.T.);
#3735=ORIENTED_EDGE('',*,*,#2836,.F.);
#3736=ORIENTED_EDGE('',*,*,#2837,.F.);
#3737=ORIENTED_EDGE('',*,*,#2838,.T.);
#3738=ORIENTED_EDGE('',*,*,#2834,.T.);
#3739=ORIENTED_EDGE('',*,*,#2839,.F.);
#3740=ORIENTED_EDGE('',*,*,#2840,.F.);
#3741=ORIENTED_EDGE('',*,*,#2841,.T.);
#3742=ORIENTED_EDGE('',*,*,#2842,.T.);
#3743=ORIENTED_EDGE('',*,*,#2841,.F.);
#3744=ORIENTED_EDGE('',*,*,#2842,.F.);
#3745=ORIENTED_EDGE('',*,*,#2843,.F.);
#3746=ORIENTED_EDGE('',*,*,#2844,.F.);
#3747=ORIENTED_EDGE('',*,*,#2845,.T.);
#3748=ORIENTED_EDGE('',*,*,#2843,.T.);
#3749=ORIENTED_EDGE('',*,*,#2845,.F.);
#3750=ORIENTED_EDGE('',*,*,#2846,.F.);
#3751=ORIENTED_EDGE('',*,*,#2847,.F.);
#3752=ORIENTED_EDGE('',*,*,#2811,.F.);
#3753=ORIENTED_EDGE('',*,*,#2808,.F.);
#3754=ORIENTED_EDGE('',*,*,#2805,.F.);
#3755=ORIENTED_EDGE('',*,*,#2802,.F.);
#3756=ORIENTED_EDGE('',*,*,#2799,.F.);
#3757=ORIENTED_EDGE('',*,*,#2796,.F.);
#3758=ORIENTED_EDGE('',*,*,#2793,.F.);
#3759=ORIENTED_EDGE('',*,*,#2790,.F.);
#3760=ORIENTED_EDGE('',*,*,#2848,.F.);
#3761=ORIENTED_EDGE('',*,*,#2849,.T.);
#3762=ORIENTED_EDGE('',*,*,#2839,.T.);
#3763=ORIENTED_EDGE('',*,*,#2836,.T.);
#3764=ORIENTED_EDGE('',*,*,#2833,.T.);
#3765=ORIENTED_EDGE('',*,*,#2830,.T.);
#3766=ORIENTED_EDGE('',*,*,#2827,.T.);
#3767=ORIENTED_EDGE('',*,*,#2824,.T.);
#3768=ORIENTED_EDGE('',*,*,#2821,.T.);
#3769=ORIENTED_EDGE('',*,*,#2818,.T.);
#3770=ORIENTED_EDGE('',*,*,#2815,.T.);
#3771=ORIENTED_EDGE('',*,*,#2786,.F.);
#3772=ORIENTED_EDGE('',*,*,#2850,.T.);
#3773=ORIENTED_EDGE('',*,*,#2851,.T.);
#3774=ORIENTED_EDGE('',*,*,#2848,.T.);
#3775=ORIENTED_EDGE('',*,*,#2789,.F.);
#3776=ORIENTED_EDGE('',*,*,#2837,.T.);
#3777=ORIENTED_EDGE('',*,*,#2849,.F.);
#3778=ORIENTED_EDGE('',*,*,#2851,.F.);
#3779=ORIENTED_EDGE('',*,*,#2852,.T.);
#3780=ORIENTED_EDGE('',*,*,#2853,.F.);
#3781=ORIENTED_EDGE('',*,*,#2813,.F.);
#3782=ORIENTED_EDGE('',*,*,#2817,.F.);
#3783=ORIENTED_EDGE('',*,*,#2820,.F.);
#3784=ORIENTED_EDGE('',*,*,#2823,.F.);
#3785=ORIENTED_EDGE('',*,*,#2826,.F.);
#3786=ORIENTED_EDGE('',*,*,#2829,.F.);
#3787=ORIENTED_EDGE('',*,*,#2832,.F.);
#3788=ORIENTED_EDGE('',*,*,#2835,.F.);
#3789=ORIENTED_EDGE('',*,*,#2838,.F.);
#3790=ORIENTED_EDGE('',*,*,#2852,.F.);
#3791=ORIENTED_EDGE('',*,*,#2850,.F.);
#3792=ORIENTED_EDGE('',*,*,#2785,.F.);
#3793=ORIENTED_EDGE('',*,*,#2792,.F.);
#3794=ORIENTED_EDGE('',*,*,#2795,.F.);
#3795=ORIENTED_EDGE('',*,*,#2798,.F.);
#3796=ORIENTED_EDGE('',*,*,#2801,.F.);
#3797=ORIENTED_EDGE('',*,*,#2804,.F.);
#3798=ORIENTED_EDGE('',*,*,#2807,.F.);
#3799=ORIENTED_EDGE('',*,*,#2810,.F.);
#3800=ORIENTED_EDGE('',*,*,#2854,.F.);
#3801=ORIENTED_EDGE('',*,*,#2809,.T.);
#3802=ORIENTED_EDGE('',*,*,#2847,.T.);
#3803=ORIENTED_EDGE('',*,*,#2855,.T.);
#3804=ORIENTED_EDGE('',*,*,#2854,.T.);
#3805=ORIENTED_EDGE('',*,*,#2856,.F.);
#3806=ORIENTED_EDGE('',*,*,#2857,.F.);
#3807=ORIENTED_EDGE('',*,*,#2757,.F.);
#3808=ORIENTED_EDGE('',*,*,#2754,.F.);
#3809=ORIENTED_EDGE('',*,*,#2751,.F.);
#3810=ORIENTED_EDGE('',*,*,#2748,.F.);
#3811=ORIENTED_EDGE('',*,*,#2745,.F.);
#3812=ORIENTED_EDGE('',*,*,#2742,.F.);
#3813=ORIENTED_EDGE('',*,*,#2739,.F.);
#3814=ORIENTED_EDGE('',*,*,#2858,.F.);
#3815=ORIENTED_EDGE('',*,*,#2859,.T.);
#3816=ORIENTED_EDGE('',*,*,#2783,.T.);
#3817=ORIENTED_EDGE('',*,*,#2779,.T.);
#3818=ORIENTED_EDGE('',*,*,#2776,.T.);
#3819=ORIENTED_EDGE('',*,*,#2773,.T.);
#3820=ORIENTED_EDGE('',*,*,#2770,.T.);
#3821=ORIENTED_EDGE('',*,*,#2767,.T.);
#3822=ORIENTED_EDGE('',*,*,#2764,.T.);
#3823=ORIENTED_EDGE('',*,*,#2761,.T.);
#3824=ORIENTED_EDGE('',*,*,#2780,.T.);
#3825=ORIENTED_EDGE('',*,*,#2859,.F.);
#3826=ORIENTED_EDGE('',*,*,#2860,.F.);
#3827=ORIENTED_EDGE('',*,*,#2861,.F.);
#3828=ORIENTED_EDGE('',*,*,#2759,.F.);
#3829=ORIENTED_EDGE('',*,*,#2763,.F.);
#3830=ORIENTED_EDGE('',*,*,#2766,.F.);
#3831=ORIENTED_EDGE('',*,*,#2769,.F.);
#3832=ORIENTED_EDGE('',*,*,#2772,.F.);
#3833=ORIENTED_EDGE('',*,*,#2775,.F.);
#3834=ORIENTED_EDGE('',*,*,#2778,.F.);
#3835=ORIENTED_EDGE('',*,*,#2782,.F.);
#3836=ORIENTED_EDGE('',*,*,#2862,.F.);
#3837=ORIENTED_EDGE('',*,*,#2737,.F.);
#3838=ORIENTED_EDGE('',*,*,#2741,.F.);
#3839=ORIENTED_EDGE('',*,*,#2744,.F.);
#3840=ORIENTED_EDGE('',*,*,#2747,.F.);
#3841=ORIENTED_EDGE('',*,*,#2750,.F.);
#3842=ORIENTED_EDGE('',*,*,#2753,.F.);
#3843=ORIENTED_EDGE('',*,*,#2756,.F.);
#3844=ORIENTED_EDGE('',*,*,#2863,.F.);
#3845=ORIENTED_EDGE('',*,*,#2755,.T.);
#3846=ORIENTED_EDGE('',*,*,#2857,.T.);
#3847=ORIENTED_EDGE('',*,*,#2864,.T.);
#3848=ORIENTED_EDGE('',*,*,#2863,.T.);
#3849=ORIENTED_EDGE('',*,*,#2865,.F.);
#3850=ORIENTED_EDGE('',*,*,#2866,.T.);
#3851=ORIENTED_EDGE('',*,*,#2867,.F.);
#3852=ORIENTED_EDGE('',*,*,#2868,.F.);
#3853=ORIENTED_EDGE('',*,*,#2869,.F.);
#3854=ORIENTED_EDGE('',*,*,#2866,.F.);
#3855=ORIENTED_EDGE('',*,*,#2865,.T.);
#3856=ORIENTED_EDGE('',*,*,#2853,.T.);
#3857=ORIENTED_EDGE('',*,*,#2855,.F.);
#3858=ORIENTED_EDGE('',*,*,#2846,.T.);
#3859=ORIENTED_EDGE('',*,*,#2814,.T.);
#3860=ORIENTED_EDGE('',*,*,#2844,.T.);
#3861=ORIENTED_EDGE('',*,*,#2870,.F.);
#3862=ORIENTED_EDGE('',*,*,#2788,.F.);
#3863=ORIENTED_EDGE('',*,*,#2861,.T.);
#3864=ORIENTED_EDGE('',*,*,#2864,.F.);
#3865=ORIENTED_EDGE('',*,*,#2856,.T.);
#3866=ORIENTED_EDGE('',*,*,#2760,.T.);
#3867=ORIENTED_EDGE('',*,*,#2840,.T.);
#3868=ORIENTED_EDGE('',*,*,#2871,.F.);
#3869=ORIENTED_EDGE('',*,*,#2872,.F.);
#3870=ORIENTED_EDGE('',*,*,#2873,.F.);
#3871=ORIENTED_EDGE('',*,*,#2874,.F.);
#3872=ORIENTED_EDGE('',*,*,#2875,.F.);
#3873=ORIENTED_EDGE('',*,*,#2876,.F.);
#3874=ORIENTED_EDGE('',*,*,#2862,.T.);
#3875=ORIENTED_EDGE('',*,*,#2781,.T.);
#3876=ORIENTED_EDGE('',*,*,#2860,.T.);
#3877=ORIENTED_EDGE('',*,*,#2858,.T.);
#3878=ORIENTED_EDGE('',*,*,#2738,.F.);
#3879=ORIENTED_EDGE('',*,*,#2873,.T.);
#3880=ORIENTED_EDGE('',*,*,#2877,.F.);
#3881=ORIENTED_EDGE('',*,*,#2878,.T.);
#3882=ORIENTED_EDGE('',*,*,#2879,.T.);
#3883=ORIENTED_EDGE('',*,*,#2872,.T.);
#3884=ORIENTED_EDGE('',*,*,#2880,.F.);
#3885=ORIENTED_EDGE('',*,*,#2881,.T.);
#3886=ORIENTED_EDGE('',*,*,#2877,.T.);
#3887=ORIENTED_EDGE('',*,*,#2871,.T.);
#3888=ORIENTED_EDGE('',*,*,#2882,.F.);
#3889=ORIENTED_EDGE('',*,*,#2883,.T.);
#3890=ORIENTED_EDGE('',*,*,#2880,.T.);
#3891=ORIENTED_EDGE('',*,*,#2883,.F.);
#3892=ORIENTED_EDGE('',*,*,#2884,.F.);
#3893=ORIENTED_EDGE('',*,*,#2885,.F.);
#3894=ORIENTED_EDGE('',*,*,#2886,.F.);
#3895=ORIENTED_EDGE('',*,*,#2878,.F.);
#3896=ORIENTED_EDGE('',*,*,#2881,.F.);
#3897=ORIENTED_EDGE('',*,*,#2887,.F.);
#3898=ORIENTED_EDGE('',*,*,#2876,.T.);
#3899=ORIENTED_EDGE('',*,*,#2888,.F.);
#3900=ORIENTED_EDGE('',*,*,#2884,.T.);
#3901=ORIENTED_EDGE('',*,*,#2882,.T.);
#3902=ORIENTED_EDGE('',*,*,#2875,.T.);
#3903=ORIENTED_EDGE('',*,*,#2889,.F.);
#3904=ORIENTED_EDGE('',*,*,#2885,.T.);
#3905=ORIENTED_EDGE('',*,*,#2888,.T.);
#3906=ORIENTED_EDGE('',*,*,#2874,.T.);
#3907=ORIENTED_EDGE('',*,*,#2879,.F.);
#3908=ORIENTED_EDGE('',*,*,#2886,.T.);
#3909=ORIENTED_EDGE('',*,*,#2889,.T.);
#3910=ORIENTED_EDGE('',*,*,#2870,.T.);
#3911=ORIENTED_EDGE('',*,*,#2890,.T.);
#3912=ORIENTED_EDGE('',*,*,#2868,.T.);
#3913=ORIENTED_EDGE('',*,*,#2867,.T.);
#3914=ORIENTED_EDGE('',*,*,#2891,.T.);
#3915=ORIENTED_EDGE('',*,*,#2887,.T.);
#3916=ORIENTED_EDGE('',*,*,#2891,.F.);
#3917=ORIENTED_EDGE('',*,*,#2869,.T.);
#3918=ORIENTED_EDGE('',*,*,#2890,.F.);
#3919=ORIENTED_EDGE('',*,*,#2892,.T.);
#3920=ORIENTED_EDGE('',*,*,#2893,.T.);
#3921=ORIENTED_EDGE('',*,*,#2892,.F.);
#3922=ORIENTED_EDGE('',*,*,#2894,.T.);
#3923=ORIENTED_EDGE('',*,*,#2893,.F.);
#3924=ORIENTED_EDGE('',*,*,#2894,.F.);
#3925=ORIENTED_EDGE('',*,*,#2895,.T.);
#3926=ORIENTED_EDGE('',*,*,#2896,.T.);
#3927=ORIENTED_EDGE('',*,*,#2895,.F.);
#3928=ORIENTED_EDGE('',*,*,#2897,.T.);
#3929=ORIENTED_EDGE('',*,*,#2896,.F.);
#3930=ORIENTED_EDGE('',*,*,#2897,.F.);
#3931=ORIENTED_EDGE('',*,*,#2898,.T.);
#3932=ORIENTED_EDGE('',*,*,#2899,.T.);
#3933=ORIENTED_EDGE('',*,*,#2898,.F.);
#3934=ORIENTED_EDGE('',*,*,#2900,.T.);
#3935=ORIENTED_EDGE('',*,*,#2899,.F.);
#3936=ORIENTED_EDGE('',*,*,#2900,.F.);
#3937=ORIENTED_EDGE('',*,*,#2901,.T.);
#3938=ORIENTED_EDGE('',*,*,#2902,.T.);
#3939=ORIENTED_EDGE('',*,*,#2901,.F.);
#3940=ORIENTED_EDGE('',*,*,#2903,.T.);
#3941=ORIENTED_EDGE('',*,*,#2902,.F.);
#3942=ORIENTED_EDGE('',*,*,#2903,.F.);
#3943=ORIENTED_EDGE('',*,*,#2904,.F.);
#3944=ORIENTED_EDGE('',*,*,#2905,.T.);
#3945=ORIENTED_EDGE('',*,*,#2906,.F.);
#3946=ORIENTED_EDGE('',*,*,#2905,.F.);
#3947=ORIENTED_EDGE('',*,*,#2907,.F.);
#3948=ORIENTED_EDGE('',*,*,#2908,.T.);
#3949=ORIENTED_EDGE('',*,*,#2909,.F.);
#3950=ORIENTED_EDGE('',*,*,#2908,.F.);
#3951=ORIENTED_EDGE('',*,*,#2910,.F.);
#3952=ORIENTED_EDGE('',*,*,#2911,.T.);
#3953=ORIENTED_EDGE('',*,*,#2912,.F.);
#3954=ORIENTED_EDGE('',*,*,#2911,.F.);
#3955=ORIENTED_EDGE('',*,*,#2913,.F.);
#3956=ORIENTED_EDGE('',*,*,#2914,.T.);
#3957=ORIENTED_EDGE('',*,*,#2915,.F.);
#3958=ORIENTED_EDGE('',*,*,#2914,.F.);
#3959=ORIENTED_EDGE('',*,*,#2916,.F.);
#3960=ORIENTED_EDGE('',*,*,#2917,.T.);
#3961=ORIENTED_EDGE('',*,*,#2918,.F.);
#3962=ORIENTED_EDGE('',*,*,#2917,.F.);
#3963=ORIENTED_EDGE('',*,*,#2919,.F.);
#3964=ORIENTED_EDGE('',*,*,#2920,.T.);
#3965=ORIENTED_EDGE('',*,*,#2921,.F.);
#3966=ORIENTED_EDGE('',*,*,#2920,.F.);
#3967=ORIENTED_EDGE('',*,*,#2922,.F.);
#3968=ORIENTED_EDGE('',*,*,#2923,.T.);
#3969=ORIENTED_EDGE('',*,*,#2924,.F.);
#3970=ORIENTED_EDGE('',*,*,#2923,.F.);
#3971=ORIENTED_EDGE('',*,*,#2925,.F.);
#3972=ORIENTED_EDGE('',*,*,#2926,.T.);
#3973=ORIENTED_EDGE('',*,*,#2927,.F.);
#3974=ORIENTED_EDGE('',*,*,#2926,.F.);
#3975=ORIENTED_EDGE('',*,*,#2928,.F.);
#3976=ORIENTED_EDGE('',*,*,#2929,.T.);
#3977=ORIENTED_EDGE('',*,*,#2930,.F.);
#3978=ORIENTED_EDGE('',*,*,#2929,.F.);
#3979=ORIENTED_EDGE('',*,*,#2931,.F.);
#3980=ORIENTED_EDGE('',*,*,#2932,.T.);
#3981=ORIENTED_EDGE('',*,*,#2933,.F.);
#3982=ORIENTED_EDGE('',*,*,#2932,.F.);
#3983=ORIENTED_EDGE('',*,*,#2931,.T.);
#3984=ORIENTED_EDGE('',*,*,#2904,.T.);
#3985=ORIENTED_EDGE('',*,*,#2909,.T.);
#3986=ORIENTED_EDGE('',*,*,#2912,.T.);
#3987=ORIENTED_EDGE('',*,*,#2915,.T.);
#3988=ORIENTED_EDGE('',*,*,#2918,.T.);
#3989=ORIENTED_EDGE('',*,*,#2921,.T.);
#3990=ORIENTED_EDGE('',*,*,#2924,.T.);
#3991=ORIENTED_EDGE('',*,*,#2927,.T.);
#3992=ORIENTED_EDGE('',*,*,#2930,.T.);
#3993=ORIENTED_EDGE('',*,*,#2933,.T.);
#3994=ORIENTED_EDGE('',*,*,#2906,.T.);
#3995=ORIENTED_EDGE('',*,*,#2907,.T.);
#3996=ORIENTED_EDGE('',*,*,#2910,.T.);
#3997=ORIENTED_EDGE('',*,*,#2913,.T.);
#3998=ORIENTED_EDGE('',*,*,#2916,.T.);
#3999=ORIENTED_EDGE('',*,*,#2919,.T.);
#4000=ORIENTED_EDGE('',*,*,#2922,.T.);
#4001=ORIENTED_EDGE('',*,*,#2925,.T.);
#4002=ORIENTED_EDGE('',*,*,#2928,.T.);
#4003=ORIENTED_EDGE('',*,*,#2934,.F.);
#4004=ORIENTED_EDGE('',*,*,#2935,.T.);
#4005=ORIENTED_EDGE('',*,*,#2936,.F.);
#4006=ORIENTED_EDGE('',*,*,#2935,.F.);
#4007=ORIENTED_EDGE('',*,*,#2934,.T.);
#4008=ORIENTED_EDGE('',*,*,#2936,.T.);
#4009=ORIENTED_EDGE('',*,*,#2937,.F.);
#4010=ORIENTED_EDGE('',*,*,#2938,.T.);
#4011=ORIENTED_EDGE('',*,*,#2939,.F.);
#4012=ORIENTED_EDGE('',*,*,#2938,.F.);
#4013=ORIENTED_EDGE('',*,*,#2940,.F.);
#4014=ORIENTED_EDGE('',*,*,#2941,.T.);
#4015=ORIENTED_EDGE('',*,*,#2942,.F.);
#4016=ORIENTED_EDGE('',*,*,#2941,.F.);
#4017=ORIENTED_EDGE('',*,*,#2943,.F.);
#4018=ORIENTED_EDGE('',*,*,#2944,.T.);
#4019=ORIENTED_EDGE('',*,*,#2945,.F.);
#4020=ORIENTED_EDGE('',*,*,#2944,.F.);
#4021=ORIENTED_EDGE('',*,*,#2946,.F.);
#4022=ORIENTED_EDGE('',*,*,#2947,.T.);
#4023=ORIENTED_EDGE('',*,*,#2948,.F.);
#4024=ORIENTED_EDGE('',*,*,#2947,.F.);
#4025=ORIENTED_EDGE('',*,*,#2949,.F.);
#4026=ORIENTED_EDGE('',*,*,#2950,.T.);
#4027=ORIENTED_EDGE('',*,*,#2951,.F.);
#4028=ORIENTED_EDGE('',*,*,#2950,.F.);
#4029=ORIENTED_EDGE('',*,*,#2952,.F.);
#4030=ORIENTED_EDGE('',*,*,#2953,.T.);
#4031=ORIENTED_EDGE('',*,*,#2954,.F.);
#4032=ORIENTED_EDGE('',*,*,#2953,.F.);
#4033=ORIENTED_EDGE('',*,*,#2955,.F.);
#4034=ORIENTED_EDGE('',*,*,#2956,.T.);
#4035=ORIENTED_EDGE('',*,*,#2957,.F.);
#4036=ORIENTED_EDGE('',*,*,#2956,.F.);
#4037=ORIENTED_EDGE('',*,*,#2958,.F.);
#4038=ORIENTED_EDGE('',*,*,#2959,.T.);
#4039=ORIENTED_EDGE('',*,*,#2960,.F.);
#4040=ORIENTED_EDGE('',*,*,#2959,.F.);
#4041=ORIENTED_EDGE('',*,*,#2961,.F.);
#4042=ORIENTED_EDGE('',*,*,#2962,.T.);
#4043=ORIENTED_EDGE('',*,*,#2963,.F.);
#4044=ORIENTED_EDGE('',*,*,#2962,.F.);
#4045=ORIENTED_EDGE('',*,*,#2964,.F.);
#4046=ORIENTED_EDGE('',*,*,#2965,.T.);
#4047=ORIENTED_EDGE('',*,*,#2966,.F.);
#4048=ORIENTED_EDGE('',*,*,#2965,.F.);
#4049=ORIENTED_EDGE('',*,*,#2964,.T.);
#4050=ORIENTED_EDGE('',*,*,#2937,.T.);
#4051=ORIENTED_EDGE('',*,*,#2942,.T.);
#4052=ORIENTED_EDGE('',*,*,#2945,.T.);
#4053=ORIENTED_EDGE('',*,*,#2948,.T.);
#4054=ORIENTED_EDGE('',*,*,#2951,.T.);
#4055=ORIENTED_EDGE('',*,*,#2954,.T.);
#4056=ORIENTED_EDGE('',*,*,#2957,.T.);
#4057=ORIENTED_EDGE('',*,*,#2960,.T.);
#4058=ORIENTED_EDGE('',*,*,#2963,.T.);
#4059=ORIENTED_EDGE('',*,*,#2966,.T.);
#4060=ORIENTED_EDGE('',*,*,#2939,.T.);
#4061=ORIENTED_EDGE('',*,*,#2940,.T.);
#4062=ORIENTED_EDGE('',*,*,#2943,.T.);
#4063=ORIENTED_EDGE('',*,*,#2946,.T.);
#4064=ORIENTED_EDGE('',*,*,#2949,.T.);
#4065=ORIENTED_EDGE('',*,*,#2952,.T.);
#4066=ORIENTED_EDGE('',*,*,#2955,.T.);
#4067=ORIENTED_EDGE('',*,*,#2958,.T.);
#4068=ORIENTED_EDGE('',*,*,#2961,.T.);
#4069=ORIENTED_EDGE('',*,*,#2967,.F.);
#4070=ORIENTED_EDGE('',*,*,#2968,.T.);
#4071=ORIENTED_EDGE('',*,*,#2969,.F.);
#4072=ORIENTED_EDGE('',*,*,#2968,.F.);
#4073=ORIENTED_EDGE('',*,*,#2970,.F.);
#4074=ORIENTED_EDGE('',*,*,#2971,.T.);
#4075=ORIENTED_EDGE('',*,*,#2972,.F.);
#4076=ORIENTED_EDGE('',*,*,#2973,.F.);
#4077=ORIENTED_EDGE('',*,*,#2974,.T.);
#4078=ORIENTED_EDGE('',*,*,#2973,.T.);
#4079=ORIENTED_EDGE('',*,*,#2975,.F.);
#4080=ORIENTED_EDGE('',*,*,#2976,.F.);
#4081=ORIENTED_EDGE('',*,*,#2977,.T.);
#4082=ORIENTED_EDGE('',*,*,#2976,.T.);
#4083=ORIENTED_EDGE('',*,*,#2978,.F.);
#4084=ORIENTED_EDGE('',*,*,#2979,.F.);
#4085=ORIENTED_EDGE('',*,*,#2980,.T.);
#4086=ORIENTED_EDGE('',*,*,#2979,.T.);
#4087=ORIENTED_EDGE('',*,*,#2981,.F.);
#4088=ORIENTED_EDGE('',*,*,#2971,.F.);
#4089=ORIENTED_EDGE('',*,*,#2981,.T.);
#4090=ORIENTED_EDGE('',*,*,#2978,.T.);
#4091=ORIENTED_EDGE('',*,*,#2975,.T.);
#4092=ORIENTED_EDGE('',*,*,#2972,.T.);
#4093=ORIENTED_EDGE('',*,*,#2967,.T.);
#4094=ORIENTED_EDGE('',*,*,#2980,.F.);
#4095=ORIENTED_EDGE('',*,*,#2970,.T.);
#4096=ORIENTED_EDGE('',*,*,#2974,.F.);
#4097=ORIENTED_EDGE('',*,*,#2977,.F.);
#4098=ORIENTED_EDGE('',*,*,#2969,.T.);
#4099=ORIENTED_EDGE('',*,*,#2982,.F.);
#4100=ORIENTED_EDGE('',*,*,#2983,.T.);
#4101=ORIENTED_EDGE('',*,*,#2984,.F.);
#4102=ORIENTED_EDGE('',*,*,#2983,.F.);
#4103=ORIENTED_EDGE('',*,*,#2985,.F.);
#4104=ORIENTED_EDGE('',*,*,#2986,.T.);
#4105=ORIENTED_EDGE('',*,*,#2987,.F.);
#4106=ORIENTED_EDGE('',*,*,#2986,.F.);
#4107=ORIENTED_EDGE('',*,*,#2988,.F.);
#4108=ORIENTED_EDGE('',*,*,#2989,.T.);
#4109=ORIENTED_EDGE('',*,*,#2990,.F.);
#4110=ORIENTED_EDGE('',*,*,#2989,.F.);
#4111=ORIENTED_EDGE('',*,*,#2991,.F.);
#4112=ORIENTED_EDGE('',*,*,#2992,.T.);
#4113=ORIENTED_EDGE('',*,*,#2993,.F.);
#4114=ORIENTED_EDGE('',*,*,#2992,.F.);
#4115=ORIENTED_EDGE('',*,*,#2994,.F.);
#4116=ORIENTED_EDGE('',*,*,#2995,.T.);
#4117=ORIENTED_EDGE('',*,*,#2996,.F.);
#4118=ORIENTED_EDGE('',*,*,#2995,.F.);
#4119=ORIENTED_EDGE('',*,*,#2997,.F.);
#4120=ORIENTED_EDGE('',*,*,#2998,.T.);
#4121=ORIENTED_EDGE('',*,*,#2999,.F.);
#4122=ORIENTED_EDGE('',*,*,#2998,.F.);
#4123=ORIENTED_EDGE('',*,*,#3000,.F.);
#4124=ORIENTED_EDGE('',*,*,#3001,.T.);
#4125=ORIENTED_EDGE('',*,*,#3002,.F.);
#4126=ORIENTED_EDGE('',*,*,#3001,.F.);
#4127=ORIENTED_EDGE('',*,*,#3003,.F.);
#4128=ORIENTED_EDGE('',*,*,#3004,.T.);
#4129=ORIENTED_EDGE('',*,*,#3005,.F.);
#4130=ORIENTED_EDGE('',*,*,#3004,.F.);
#4131=ORIENTED_EDGE('',*,*,#3006,.F.);
#4132=ORIENTED_EDGE('',*,*,#3007,.T.);
#4133=ORIENTED_EDGE('',*,*,#3008,.F.);
#4134=ORIENTED_EDGE('',*,*,#3007,.F.);
#4135=ORIENTED_EDGE('',*,*,#3009,.F.);
#4136=ORIENTED_EDGE('',*,*,#3010,.T.);
#4137=ORIENTED_EDGE('',*,*,#3011,.F.);
#4138=ORIENTED_EDGE('',*,*,#3010,.F.);
#4139=ORIENTED_EDGE('',*,*,#3009,.T.);
#4140=ORIENTED_EDGE('',*,*,#2984,.T.);
#4141=ORIENTED_EDGE('',*,*,#2987,.T.);
#4142=ORIENTED_EDGE('',*,*,#2990,.T.);
#4143=ORIENTED_EDGE('',*,*,#2993,.T.);
#4144=ORIENTED_EDGE('',*,*,#2996,.T.);
#4145=ORIENTED_EDGE('',*,*,#2999,.T.);
#4146=ORIENTED_EDGE('',*,*,#3002,.T.);
#4147=ORIENTED_EDGE('',*,*,#3005,.T.);
#4148=ORIENTED_EDGE('',*,*,#3008,.T.);
#4149=ORIENTED_EDGE('',*,*,#3011,.T.);
#4150=ORIENTED_EDGE('',*,*,#2982,.T.);
#4151=ORIENTED_EDGE('',*,*,#2985,.T.);
#4152=ORIENTED_EDGE('',*,*,#2988,.T.);
#4153=ORIENTED_EDGE('',*,*,#2991,.T.);
#4154=ORIENTED_EDGE('',*,*,#2994,.T.);
#4155=ORIENTED_EDGE('',*,*,#2997,.T.);
#4156=ORIENTED_EDGE('',*,*,#3000,.T.);
#4157=ORIENTED_EDGE('',*,*,#3003,.T.);
#4158=ORIENTED_EDGE('',*,*,#3006,.T.);
#4159=ORIENTED_EDGE('',*,*,#3012,.F.);
#4160=ORIENTED_EDGE('',*,*,#3013,.F.);
#4161=ORIENTED_EDGE('',*,*,#3014,.F.);
#4162=ORIENTED_EDGE('',*,*,#3015,.F.);
#4163=ORIENTED_EDGE('',*,*,#3016,.F.);
#4164=ORIENTED_EDGE('',*,*,#3017,.F.);
#4165=ORIENTED_EDGE('',*,*,#3018,.F.);
#4166=ORIENTED_EDGE('',*,*,#3019,.F.);
#4167=ORIENTED_EDGE('',*,*,#3020,.F.);
#4168=ORIENTED_EDGE('',*,*,#3021,.F.);
#4169=ORIENTED_EDGE('',*,*,#3013,.T.);
#4170=ORIENTED_EDGE('',*,*,#3022,.T.);
#4171=ORIENTED_EDGE('',*,*,#3023,.T.);
#4172=ORIENTED_EDGE('',*,*,#3022,.F.);
#4173=ORIENTED_EDGE('',*,*,#3023,.F.);
#4174=ORIENTED_EDGE('',*,*,#3024,.F.);
#4175=ORIENTED_EDGE('',*,*,#3024,.T.);
#4176=ORIENTED_EDGE('',*,*,#3025,.T.);
#4177=ORIENTED_EDGE('',*,*,#3026,.F.);
#4178=ORIENTED_EDGE('',*,*,#3025,.F.);
#4179=ORIENTED_EDGE('',*,*,#3014,.T.);
#4180=ORIENTED_EDGE('',*,*,#3027,.T.);
#4181=ORIENTED_EDGE('',*,*,#3028,.F.);
#4182=ORIENTED_EDGE('',*,*,#3027,.F.);
#4183=ORIENTED_EDGE('',*,*,#3015,.T.);
#4184=ORIENTED_EDGE('',*,*,#3029,.T.);
#4185=ORIENTED_EDGE('',*,*,#3030,.F.);
#4186=ORIENTED_EDGE('',*,*,#3029,.F.);
#4187=ORIENTED_EDGE('',*,*,#3016,.T.);
#4188=ORIENTED_EDGE('',*,*,#3031,.T.);
#4189=ORIENTED_EDGE('',*,*,#3032,.F.);
#4190=ORIENTED_EDGE('',*,*,#3031,.F.);
#4191=ORIENTED_EDGE('',*,*,#3017,.T.);
#4192=ORIENTED_EDGE('',*,*,#3033,.T.);
#4193=ORIENTED_EDGE('',*,*,#3034,.F.);
#4194=ORIENTED_EDGE('',*,*,#3033,.F.);
#4195=ORIENTED_EDGE('',*,*,#3018,.T.);
#4196=ORIENTED_EDGE('',*,*,#3035,.T.);
#4197=ORIENTED_EDGE('',*,*,#3036,.F.);
#4198=ORIENTED_EDGE('',*,*,#3035,.F.);
#4199=ORIENTED_EDGE('',*,*,#3019,.T.);
#4200=ORIENTED_EDGE('',*,*,#3037,.T.);
#4201=ORIENTED_EDGE('',*,*,#3038,.F.);
#4202=ORIENTED_EDGE('',*,*,#3037,.F.);
#4203=ORIENTED_EDGE('',*,*,#3020,.T.);
#4204=ORIENTED_EDGE('',*,*,#3039,.T.);
#4205=ORIENTED_EDGE('',*,*,#3040,.F.);
#4206=ORIENTED_EDGE('',*,*,#3039,.F.);
#4207=ORIENTED_EDGE('',*,*,#3021,.T.);
#4208=ORIENTED_EDGE('',*,*,#3041,.T.);
#4209=ORIENTED_EDGE('',*,*,#3042,.F.);
#4210=ORIENTED_EDGE('',*,*,#3041,.F.);
#4211=ORIENTED_EDGE('',*,*,#3043,.F.);
#4212=ORIENTED_EDGE('',*,*,#3044,.T.);
#4213=ORIENTED_EDGE('',*,*,#3012,.T.);
#4214=ORIENTED_EDGE('',*,*,#3044,.F.);
#4215=ORIENTED_EDGE('',*,*,#3043,.T.);
#4216=ORIENTED_EDGE('',*,*,#3026,.T.);
#4217=ORIENTED_EDGE('',*,*,#3028,.T.);
#4218=ORIENTED_EDGE('',*,*,#3030,.T.);
#4219=ORIENTED_EDGE('',*,*,#3032,.T.);
#4220=ORIENTED_EDGE('',*,*,#3034,.T.);
#4221=ORIENTED_EDGE('',*,*,#3036,.T.);
#4222=ORIENTED_EDGE('',*,*,#3038,.T.);
#4223=ORIENTED_EDGE('',*,*,#3040,.T.);
#4224=ORIENTED_EDGE('',*,*,#3042,.T.);
#4225=SPHERICAL_SURFACE('',#4647,2.5);
#4226=SPHERICAL_SURFACE('',#4651,2.5);
#4227=SPHERICAL_SURFACE('',#4886,2.5);
#4228=SPHERICAL_SURFACE('',#4889,2.5);
#4229=ADVANCED_FACE('',(#1131),#4225,.F.);
#4230=ADVANCED_FACE('',(#1132),#977,.F.);
#4231=ADVANCED_FACE('',(#1133),#4226,.F.);
#4232=ADVANCED_FACE('',(#1134),#978,.F.);
#4233=ADVANCED_FACE('',(#1135),#979,.F.);
#4234=ADVANCED_FACE('',(#1136),#424,.F.);
#4235=ADVANCED_FACE('',(#1137),#980,.F.);
#4236=ADVANCED_FACE('',(#1138),#425,.F.);
#4237=ADVANCED_FACE('',(#1139),#981,.F.);
#4238=ADVANCED_FACE('',(#1140),#426,.F.);
#4239=ADVANCED_FACE('',(#1141),#982,.F.);
#4240=ADVANCED_FACE('',(#1142),#427,.F.);
#4241=ADVANCED_FACE('',(#1143),#983,.F.);
#4242=ADVANCED_FACE('',(#1144),#428,.F.);
#4243=ADVANCED_FACE('',(#1145),#984,.F.);
#4244=ADVANCED_FACE('',(#1146),#429,.F.);
#4245=ADVANCED_FACE('',(#1147),#985,.F.);
#4246=ADVANCED_FACE('',(#1148),#986,.F.);
#4247=ADVANCED_FACE('',(#1149),#430,.F.);
#4248=ADVANCED_FACE('',(#1150,#208),#362,.F.);
#4249=ADVANCED_FACE('',(#1151),#431,.T.);
#4250=ADVANCED_FACE('',(#1152),#987,.F.);
#4251=ADVANCED_FACE('',(#1153),#988,.F.);
#4252=ADVANCED_FACE('',(#1154,#209,#210,#211,#212),#363,.F.);
#4253=ADVANCED_FACE('',(#1155),#137,.T.);
#4254=ADVANCED_FACE('',(#1156),#989,.F.);
#4255=ADVANCED_FACE('',(#1157),#990,.F.);
#4256=ADVANCED_FACE('',(#1158),#991,.F.);
#4257=ADVANCED_FACE('',(#1159),#992,.F.);
#4258=ADVANCED_FACE('',(#1160),#993,.F.);
#4259=ADVANCED_FACE('',(#1161),#994,.F.);
#4260=ADVANCED_FACE('',(#1162),#995,.F.);
#4261=ADVANCED_FACE('',(#1163),#996,.F.);
#4262=ADVANCED_FACE('',(#1164),#997,.F.);
#4263=ADVANCED_FACE('',(#1165),#432,.T.);
#4264=ADVANCED_FACE('',(#1166),#433,.F.);
#4265=ADVANCED_FACE('',(#1167,#213),#364,.F.);
#4266=ADVANCED_FACE('',(#1168),#138,.T.);
#4267=ADVANCED_FACE('',(#1169),#998,.T.);
#4268=ADVANCED_FACE('',(#1170,#214,#215,#216,#217,#218,#219,#220,#221,#222,
#223,#224,#225,#226,#227,#228),#365,.T.);
#4269=ADVANCED_FACE('',(#1171),#139,.T.);
#4270=ADVANCED_FACE('',(#1172,#229,#230,#231,#232),#366,.F.);
#4271=ADVANCED_FACE('',(#1173),#999,.F.);
#4272=ADVANCED_FACE('',(#1174),#1000,.F.);
#4273=ADVANCED_FACE('',(#1175,#233,#234,#235,#236),#367,.F.);
#4274=ADVANCED_FACE('',(#1176),#140,.T.);
#4275=ADVANCED_FACE('',(#1177),#1001,.F.);
#4276=ADVANCED_FACE('',(#1178),#1002,.F.);
#4277=ADVANCED_FACE('',(#1179),#1003,.F.);
#4278=ADVANCED_FACE('',(#1180),#1004,.F.);
#4279=ADVANCED_FACE('',(#1181),#1005,.F.);
#4280=ADVANCED_FACE('',(#1182),#1006,.F.);
#4281=ADVANCED_FACE('',(#1183),#1007,.F.);
#4282=ADVANCED_FACE('',(#1184),#1008,.F.);
#4283=ADVANCED_FACE('',(#1185),#1009,.F.);
#4284=ADVANCED_FACE('',(#1186),#434,.T.);
#4285=ADVANCED_FACE('',(#1187),#435,.F.);
#4286=ADVANCED_FACE('',(#1188),#368,.F.);
#4287=ADVANCED_FACE('',(#1189),#141,.T.);
#4288=ADVANCED_FACE('',(#1190),#1010,.T.);
#4289=ADVANCED_FACE('',(#1191,#237,#238,#239,#240,#241,#242,#243,#244),
#369,.T.);
#4290=ADVANCED_FACE('',(#1192),#142,.T.);
#4291=ADVANCED_FACE('',(#1193,#245,#246,#247,#248),#370,.F.);
#4292=ADVANCED_FACE('',(#1194),#1011,.F.);
#4293=ADVANCED_FACE('',(#1195),#371,.T.);
#4294=ADVANCED_FACE('',(#1196),#1012,.F.);
#4295=ADVANCED_FACE('',(#1197),#372,.T.);
#4296=ADVANCED_FACE('',(#1198),#1013,.F.);
#4297=ADVANCED_FACE('',(#1199),#373,.T.);
#4298=ADVANCED_FACE('',(#1200),#1014,.F.);
#4299=ADVANCED_FACE('',(#1201),#374,.T.);
#4300=ADVANCED_FACE('',(#1202),#436,.F.);
#4301=ADVANCED_FACE('',(#1203,#249,#250,#251,#252,#253),#375,.F.);
#4302=ADVANCED_FACE('',(#1204),#437,.F.);
#4303=ADVANCED_FACE('',(#1205),#1015,.F.);
#4304=ADVANCED_FACE('',(#1206),#438,.T.);
#4305=ADVANCED_FACE('',(#1207,#254),#376,.F.);
#4306=ADVANCED_FACE('',(#1208),#1016,.F.);
#4307=ADVANCED_FACE('',(#1209),#439,.F.);
#4308=ADVANCED_FACE('',(#1210),#143,.T.);
#4309=ADVANCED_FACE('',(#1211),#1017,.F.);
#4310=ADVANCED_FACE('',(#1212),#144,.T.);
#4311=ADVANCED_FACE('',(#1213),#1018,.F.);
#4312=ADVANCED_FACE('',(#1214,#255,#256,#257,#258),#377,.F.);
#4313=ADVANCED_FACE('',(#1215,#259,#260,#261,#262),#378,.F.);
#4314=ADVANCED_FACE('',(#1216),#440,.F.);
#4315=ADVANCED_FACE('',(#1217),#441,.F.);
#4316=ADVANCED_FACE('',(#1218),#442,.F.);
#4317=ADVANCED_FACE('',(#1219),#443,.F.);
#4318=ADVANCED_FACE('',(#1220),#444,.F.);
#4319=ADVANCED_FACE('',(#1221),#445,.T.);
#4320=ADVANCED_FACE('',(#1222),#1019,.T.);
#4321=ADVANCED_FACE('',(#1223),#1020,.F.);
#4322=ADVANCED_FACE('',(#1224),#1021,.F.);
#4323=ADVANCED_FACE('',(#1225),#1022,.F.);
#4324=ADVANCED_FACE('',(#1226),#1023,.F.);
#4325=ADVANCED_FACE('',(#1227),#1024,.F.);
#4326=ADVANCED_FACE('',(#1228),#1025,.F.);
#4327=ADVANCED_FACE('',(#1229),#1026,.F.);
#4328=ADVANCED_FACE('',(#1230),#1027,.F.);
#4329=ADVANCED_FACE('',(#1231),#1028,.F.);
#4330=ADVANCED_FACE('',(#1232),#1029,.F.);
#4331=ADVANCED_FACE('',(#1233),#1030,.F.);
#4332=ADVANCED_FACE('',(#1234),#1031,.F.);
#4333=ADVANCED_FACE('',(#1235),#1032,.F.);
#4334=ADVANCED_FACE('',(#1236),#4227,.F.);
#4335=ADVANCED_FACE('',(#1237),#4228,.F.);
#4336=ADVANCED_FACE('',(#1238),#1033,.F.);
#4337=ADVANCED_FACE('',(#1239),#1034,.F.);
#4338=ADVANCED_FACE('',(#1240),#1035,.F.);
#4339=ADVANCED_FACE('',(#1241),#145,.T.);
#4340=ADVANCED_FACE('',(#1242,#263,#264,#265,#266,#267,#268,#269,#270,#271,
#272,#273,#274,#275,#276,#277),#379,.T.);
#4341=ADVANCED_FACE('',(#1243),#1036,.F.);
#4342=ADVANCED_FACE('',(#1244),#1037,.T.);
#4343=ADVANCED_FACE('',(#1245),#380,.T.);
#4344=ADVANCED_FACE('',(#1246),#381,.F.);
#4345=ADVANCED_FACE('',(#1247),#1038,.F.);
#4346=ADVANCED_FACE('',(#1248),#1039,.T.);
#4347=ADVANCED_FACE('',(#1249,#278),#382,.T.);
#4348=ADVANCED_FACE('',(#1250,#279),#383,.F.);
#4349=ADVANCED_FACE('',(#1251),#1040,.T.);
#4350=ADVANCED_FACE('',(#1252,#280),#384,.F.);
#4351=ADVANCED_FACE('',(#1253),#385,.F.);
#4352=ADVANCED_FACE('',(#1254),#1041,.T.);
#4353=ADVANCED_FACE('',(#1255),#386,.T.);
#4354=ADVANCED_FACE('',(#1256),#1042,.T.);
#4355=ADVANCED_FACE('',(#1257),#1043,.T.);
#4356=ADVANCED_FACE('',(#1258),#1044,.T.);
#4357=ADVANCED_FACE('',(#1259),#1045,.T.);
#4358=ADVANCED_FACE('',(#1260),#1046,.T.);
#4359=ADVANCED_FACE('',(#1261),#1047,.T.);
#4360=ADVANCED_FACE('',(#1262),#1048,.T.);
#4361=ADVANCED_FACE('',(#1263),#1049,.T.);
#4362=ADVANCED_FACE('',(#1264),#1050,.T.);
#4363=ADVANCED_FACE('',(#1265),#1051,.T.);
#4364=ADVANCED_FACE('',(#1266),#1052,.T.);
#4365=ADVANCED_FACE('',(#1267),#1053,.T.);
#4366=ADVANCED_FACE('',(#1268),#1054,.T.);
#4367=ADVANCED_FACE('',(#1269),#1055,.T.);
#4368=ADVANCED_FACE('',(#1270),#1056,.T.);
#4369=ADVANCED_FACE('',(#1271),#1057,.T.);
#4370=ADVANCED_FACE('',(#1272),#1058,.T.);
#4371=ADVANCED_FACE('',(#1273),#1059,.T.);
#4372=ADVANCED_FACE('',(#1274),#1060,.T.);
#4373=ADVANCED_FACE('',(#1275),#1061,.T.);
#4374=ADVANCED_FACE('',(#1276),#1062,.T.);
#4375=ADVANCED_FACE('',(#1277),#1063,.T.);
#4376=ADVANCED_FACE('',(#1278),#1064,.T.);
#4377=ADVANCED_FACE('',(#1279),#1065,.T.);
#4378=ADVANCED_FACE('',(#1280),#1066,.T.);
#4379=ADVANCED_FACE('',(#1281),#1067,.T.);
#4380=ADVANCED_FACE('',(#1282),#1068,.T.);
#4381=ADVANCED_FACE('',(#1283),#1069,.T.);
#4382=ADVANCED_FACE('',(#1284),#1070,.T.);
#4383=ADVANCED_FACE('',(#1285),#1071,.T.);
#4384=ADVANCED_FACE('',(#1286),#1072,.T.);
#4385=ADVANCED_FACE('',(#1287),#1073,.T.);
#4386=ADVANCED_FACE('',(#1288),#1074,.F.);
#4387=ADVANCED_FACE('',(#1289,#281),#387,.T.);
#4388=ADVANCED_FACE('',(#1290),#1075,.F.);
#4389=ADVANCED_FACE('',(#1291),#16,.F.);
#4390=ADVANCED_FACE('',(#1292),#388,.T.);
#4391=ADVANCED_FACE('',(#1293),#1076,.T.);
#4392=ADVANCED_FACE('',(#1294),#17,.F.);
#4393=ADVANCED_FACE('',(#1295),#1077,.T.);
#4394=ADVANCED_FACE('',(#1296),#18,.F.);
#4395=ADVANCED_FACE('',(#1297),#1078,.T.);
#4396=ADVANCED_FACE('',(#1298),#19,.F.);
#4397=ADVANCED_FACE('',(#1299),#1079,.T.);
#4398=ADVANCED_FACE('',(#1300),#1080,.T.);
#4399=ADVANCED_FACE('',(#1301),#389,.T.);
#4400=ADVANCED_FACE('',(#1302,#282),#390,.T.);
#4401=ADVANCED_FACE('',(#1303,#283),#391,.T.);
#4402=ADVANCED_FACE('',(#1304,#284),#392,.T.);
#4403=ADVANCED_FACE('',(#1305,#285),#393,.T.);
#4404=ADVANCED_FACE('',(#1306),#394,.T.);
#4405=ADVANCED_FACE('',(#1307),#395,.T.);
#4406=ADVANCED_FACE('',(#1308),#396,.T.);
#4407=ADVANCED_FACE('',(#1309,#286),#397,.F.);
#4408=ADVANCED_FACE('',(#1310),#398,.T.);
#4409=ADVANCED_FACE('',(#1311),#399,.T.);
#4410=ADVANCED_FACE('',(#1312),#400,.T.);
#4411=ADVANCED_FACE('',(#1313),#1081,.T.);
#4412=ADVANCED_FACE('',(#1314),#401,.T.);
#4413=ADVANCED_FACE('',(#1315),#402,.F.);
#4414=ADVANCED_FACE('',(#1316),#1082,.T.);
#4415=ADVANCED_FACE('',(#1317),#403,.T.);
#4416=ADVANCED_FACE('',(#1318),#404,.F.);
#4417=ADVANCED_FACE('',(#1319),#1083,.T.);
#4418=ADVANCED_FACE('',(#1320),#405,.T.);
#4419=ADVANCED_FACE('',(#1321),#406,.F.);
#4420=ADVANCED_FACE('',(#1322),#1084,.T.);
#4421=ADVANCED_FACE('',(#1323),#407,.T.);
#4422=ADVANCED_FACE('',(#1324),#408,.F.);
#4423=ADVANCED_FACE('',(#1325),#1085,.T.);
#4424=ADVANCED_FACE('',(#1326),#1086,.F.);
#4425=ADVANCED_FACE('',(#1327),#1087,.F.);
#4426=ADVANCED_FACE('',(#1328),#1088,.F.);
#4427=ADVANCED_FACE('',(#1329),#1089,.F.);
#4428=ADVANCED_FACE('',(#1330),#1090,.F.);
#4429=ADVANCED_FACE('',(#1331),#1091,.F.);
#4430=ADVANCED_FACE('',(#1332),#1092,.F.);
#4431=ADVANCED_FACE('',(#1333),#1093,.F.);
#4432=ADVANCED_FACE('',(#1334),#1094,.F.);
#4433=ADVANCED_FACE('',(#1335),#1095,.T.);
#4434=ADVANCED_FACE('',(#1336,#287,#288,#289,#290,#291,#292,#293,#294,#295),
#409,.T.);
#4435=ADVANCED_FACE('',(#1337,#296,#297,#298,#299,#300,#301,#302,#303,#304),
#410,.F.);
#4436=ADVANCED_FACE('',(#1338),#1096,.T.);
#4437=ADVANCED_FACE('',(#1339),#411,.T.);
#4438=ADVANCED_FACE('',(#1340),#412,.F.);
#4439=ADVANCED_FACE('',(#1341),#1097,.F.);
#4440=ADVANCED_FACE('',(#1342),#1098,.F.);
#4441=ADVANCED_FACE('',(#1343),#1099,.F.);
#4442=ADVANCED_FACE('',(#1344),#1100,.F.);
#4443=ADVANCED_FACE('',(#1345),#1101,.F.);
#4444=ADVANCED_FACE('',(#1346),#1102,.F.);
#4445=ADVANCED_FACE('',(#1347),#1103,.F.);
#4446=ADVANCED_FACE('',(#1348),#1104,.F.);
#4447=ADVANCED_FACE('',(#1349),#1105,.F.);
#4448=ADVANCED_FACE('',(#1350),#1106,.T.);
#4449=ADVANCED_FACE('',(#1351,#305,#306,#307,#308,#309,#310,#311,#312,#313),
#413,.T.);
#4450=ADVANCED_FACE('',(#1352,#314,#315,#316,#317,#318,#319,#320,#321,#322),
#414,.F.);
#4451=ADVANCED_FACE('',(#1353),#1107,.F.);
#4452=ADVANCED_FACE('',(#1354),#415,.T.);
#4453=ADVANCED_FACE('',(#1355),#1108,.T.);
#4454=ADVANCED_FACE('',(#1356),#416,.T.);
#4455=ADVANCED_FACE('',(#1357),#1109,.T.);
#4456=ADVANCED_FACE('',(#1358,#323),#417,.T.);
#4457=ADVANCED_FACE('',(#1359,#324),#418,.F.);
#4458=ADVANCED_FACE('',(#1360),#1110,.F.);
#4459=ADVANCED_FACE('',(#1361),#1111,.F.);
#4460=ADVANCED_FACE('',(#1362),#1112,.F.);
#4461=ADVANCED_FACE('',(#1363),#1113,.F.);
#4462=ADVANCED_FACE('',(#1364),#1114,.F.);
#4463=ADVANCED_FACE('',(#1365),#1115,.F.);
#4464=ADVANCED_FACE('',(#1366),#1116,.F.);
#4465=ADVANCED_FACE('',(#1367),#1117,.F.);
#4466=ADVANCED_FACE('',(#1368),#1118,.F.);
#4467=ADVANCED_FACE('',(#1369),#1119,.T.);
#4468=ADVANCED_FACE('',(#1370,#325,#326,#327,#328,#329,#330,#331,#332,#333),
#419,.T.);
#4469=ADVANCED_FACE('',(#1371,#334,#335,#336,#337,#338,#339,#340,#341,#342),
#420,.F.);
#4470=ADVANCED_FACE('',(#1372,#343,#344,#345,#346,#347,#348,#349,#350,#351),
#421,.F.);
#4471=ADVANCED_FACE('',(#1373),#1120,.F.);
#4472=ADVANCED_FACE('',(#1374,#352),#422,.T.);
#4473=ADVANCED_FACE('',(#1375),#1121,.F.);
#4474=ADVANCED_FACE('',(#1376),#1122,.F.);
#4475=ADVANCED_FACE('',(#1377),#1123,.F.);
#4476=ADVANCED_FACE('',(#1378),#1124,.F.);
#4477=ADVANCED_FACE('',(#1379),#1125,.F.);
#4478=ADVANCED_FACE('',(#1380),#1126,.F.);
#4479=ADVANCED_FACE('',(#1381),#1127,.F.);
#4480=ADVANCED_FACE('',(#1382),#1128,.F.);
#4481=ADVANCED_FACE('',(#1383),#1129,.F.);
#4482=ADVANCED_FACE('',(#1384),#1130,.T.);
#4483=ADVANCED_FACE('',(#1385,#353,#354,#355,#356,#357,#358,#359,#360,#361),
#423,.T.);
#4484=CLOSED_SHELL('',(#4229,#4230,#4231,#4232,#4233,#4234,#4235,#4236,
#4237,#4238,#4239,#4240,#4241,#4242,#4243,#4244,#4245,#4246,#4247,#4248,
#4249,#4250,#4251,#4252,#4253,#4254,#4255,#4256,#4257,#4258,#4259,#4260,
#4261,#4262,#4263,#4264,#4265,#4266,#4267,#4268,#4269,#4270));
#4485=CLOSED_SHELL('',(#4271,#4272,#4273,#4274,#4275,#4276,#4277,#4278,
#4279,#4280,#4281,#4282,#4283,#4284,#4285,#4286,#4287,#4288,#4289,#4290,
#4291));
#4486=CLOSED_SHELL('',(#4292,#4293,#4294,#4295,#4296,#4297,#4298,#4299,
#4300,#4301,#4302,#4303,#4304,#4305,#4306,#4307,#4308,#4309,#4310,#4311,
#4312,#4313,#4314,#4315,#4316,#4317,#4318,#4319,#4320,#4321,#4322,#4323,
#4324,#4325,#4326,#4327,#4328,#4329,#4330,#4331,#4332,#4333,#4334,#4335,
#4336,#4337,#4338,#4339,#4340,#4341));
#4487=CLOSED_SHELL('',(#4342,#4343,#4344));
#4488=CLOSED_SHELL('',(#4345,#4346,#4347,#4348));
#4489=CLOSED_SHELL('',(#4349,#4350,#4351,#4352,#4353));
#4490=CLOSED_SHELL('',(#4354,#4355,#4356,#4357,#4358,#4359,#4360,#4361,
#4362,#4363,#4364,#4365,#4366,#4367,#4368,#4369,#4370,#4371,#4372,#4373,
#4374,#4375,#4376,#4377,#4378,#4379,#4380,#4381,#4382,#4383,#4384,#4385,
#4386,#4387,#4388,#4389,#4390,#4391,#4392,#4393,#4394,#4395,#4396,#4397,
#4398,#4399,#4400,#4401,#4402,#4403,#4404,#4405,#4406,#4407,#4408,#4409,
#4410,#4411));
#4491=CLOSED_SHELL('',(#4412,#4413,#4414));
#4492=CLOSED_SHELL('',(#4415,#4416,#4417));
#4493=CLOSED_SHELL('',(#4418,#4419,#4420));
#4494=CLOSED_SHELL('',(#4421,#4422,#4423));
#4495=CLOSED_SHELL('',(#4424,#4425,#4426,#4427,#4428,#4429,#4430,#4431,
#4432,#4433,#4434,#4435));
#4496=CLOSED_SHELL('',(#4436,#4437,#4438));
#4497=CLOSED_SHELL('',(#4439,#4440,#4441,#4442,#4443,#4444,#4445,#4446,
#4447,#4448,#4449,#4450));
#4498=CLOSED_SHELL('',(#4451,#4452,#4453,#4454,#4455,#4456,#4457));
#4499=CLOSED_SHELL('',(#4458,#4459,#4460,#4461,#4462,#4463,#4464,#4465,
#4466,#4467,#4468,#4469));
#4500=CLOSED_SHELL('',(#4470,#4471,#4472,#4473,#4474,#4475,#4476,#4477,
#4478,#4479,#4480,#4481,#4482,#4483));
#4501=DERIVED_UNIT_ELEMENT(#4527,1.);
#4502=DERIVED_UNIT_ELEMENT(#10794,-3.);
#4503=DERIVED_UNIT_ELEMENT(#4527,1.);
#4504=DERIVED_UNIT_ELEMENT(#10794,-3.);
#4505=DERIVED_UNIT_ELEMENT(#4527,1.);
#4506=DERIVED_UNIT_ELEMENT(#10794,-3.);
#4507=DERIVED_UNIT_ELEMENT(#4527,1.);
#4508=DERIVED_UNIT_ELEMENT(#10794,-3.);
#4509=DERIVED_UNIT_ELEMENT(#4527,1.);
#4510=DERIVED_UNIT_ELEMENT(#10794,-3.);
#4511=DERIVED_UNIT_ELEMENT(#4527,1.);
#4512=DERIVED_UNIT_ELEMENT(#10794,-3.);
#4513=DERIVED_UNIT_ELEMENT(#4527,1.);
#4514=DERIVED_UNIT_ELEMENT(#10794,-3.);
#4515=DERIVED_UNIT_ELEMENT(#4527,1.);
#4516=DERIVED_UNIT_ELEMENT(#10794,-3.);
#4517=DERIVED_UNIT_ELEMENT(#4527,1.);
#4518=DERIVED_UNIT_ELEMENT(#10794,-3.);
#4519=DERIVED_UNIT_ELEMENT(#4527,1.);
#4520=DERIVED_UNIT_ELEMENT(#10794,-3.);
#4521=DERIVED_UNIT_ELEMENT(#4527,1.);
#4522=DERIVED_UNIT_ELEMENT(#10794,-3.);
#4523=DERIVED_UNIT_ELEMENT(#4527,1.);
#4524=DERIVED_UNIT_ELEMENT(#10794,-3.);
#4525=DERIVED_UNIT_ELEMENT(#4527,1.);
#4526=DERIVED_UNIT_ELEMENT(#10794,-3.);
#4527=(
MASS_UNIT()
NAMED_UNIT(*)
SI_UNIT(.KILO.,.GRAM.)
);
#4528=DERIVED_UNIT((#4501,#4502));
#4529=DERIVED_UNIT((#4503,#4504));
#4530=DERIVED_UNIT((#4505,#4506));
#4531=DERIVED_UNIT((#4507,#4508));
#4532=DERIVED_UNIT((#4509,#4510));
#4533=DERIVED_UNIT((#4511,#4512));
#4534=DERIVED_UNIT((#4513,#4514));
#4535=DERIVED_UNIT((#4515,#4516));
#4536=DERIVED_UNIT((#4517,#4518));
#4537=DERIVED_UNIT((#4519,#4520));
#4538=DERIVED_UNIT((#4521,#4522));
#4539=DERIVED_UNIT((#4523,#4524));
#4540=DERIVED_UNIT((#4525,#4526));
#4541=MEASURE_REPRESENTATION_ITEM('density measure',
POSITIVE_RATIO_MEASURE(7850.),#4528);
#4542=MEASURE_REPRESENTATION_ITEM('density measure',
POSITIVE_RATIO_MEASURE(7850.),#4529);
#4543=MEASURE_REPRESENTATION_ITEM('density measure',
POSITIVE_RATIO_MEASURE(7850.),#4530);
#4544=MEASURE_REPRESENTATION_ITEM('density measure',
POSITIVE_RATIO_MEASURE(7850.),#4531);
#4545=MEASURE_REPRESENTATION_ITEM('density measure',
POSITIVE_RATIO_MEASURE(7850.),#4532);
#4546=MEASURE_REPRESENTATION_ITEM('density measure',
POSITIVE_RATIO_MEASURE(7850.),#4533);
#4547=MEASURE_REPRESENTATION_ITEM('density measure',
POSITIVE_RATIO_MEASURE(7850.),#4534);
#4548=MEASURE_REPRESENTATION_ITEM('density measure',
POSITIVE_RATIO_MEASURE(7850.),#4535);
#4549=MEASURE_REPRESENTATION_ITEM('density measure',
POSITIVE_RATIO_MEASURE(7850.),#4536);
#4550=MEASURE_REPRESENTATION_ITEM('density measure',
POSITIVE_RATIO_MEASURE(7850.),#4537);
#4551=MEASURE_REPRESENTATION_ITEM('density measure',
POSITIVE_RATIO_MEASURE(7850.),#4538);
#4552=MEASURE_REPRESENTATION_ITEM('density measure',
POSITIVE_RATIO_MEASURE(7850.),#4539);
#4553=MEASURE_REPRESENTATION_ITEM('density measure',
POSITIVE_RATIO_MEASURE(7850.),#4540);
#4554=PROPERTY_DEFINITION_REPRESENTATION(#4619,#4580);
#4555=PROPERTY_DEFINITION_REPRESENTATION(#4620,#4581);
#4556=PROPERTY_DEFINITION_REPRESENTATION(#4621,#4582);
#4557=PROPERTY_DEFINITION_REPRESENTATION(#4622,#4583);
#4558=PROPERTY_DEFINITION_REPRESENTATION(#4623,#4584);
#4559=PROPERTY_DEFINITION_REPRESENTATION(#4624,#4585);
#4560=PROPERTY_DEFINITION_REPRESENTATION(#4625,#4586);
#4561=PROPERTY_DEFINITION_REPRESENTATION(#4626,#4587);
#4562=PROPERTY_DEFINITION_REPRESENTATION(#4627,#4588);
#4563=PROPERTY_DEFINITION_REPRESENTATION(#4628,#4589);
#4564=PROPERTY_DEFINITION_REPRESENTATION(#4629,#4590);
#4565=PROPERTY_DEFINITION_REPRESENTATION(#4630,#4591);
#4566=PROPERTY_DEFINITION_REPRESENTATION(#4631,#4592);
#4567=PROPERTY_DEFINITION_REPRESENTATION(#4632,#4593);
#4568=PROPERTY_DEFINITION_REPRESENTATION(#4633,#4594);
#4569=PROPERTY_DEFINITION_REPRESENTATION(#4634,#4595);
#4570=PROPERTY_DEFINITION_REPRESENTATION(#4635,#4596);
#4571=PROPERTY_DEFINITION_REPRESENTATION(#4636,#4597);
#4572=PROPERTY_DEFINITION_REPRESENTATION(#4637,#4598);
#4573=PROPERTY_DEFINITION_REPRESENTATION(#4638,#4599);
#4574=PROPERTY_DEFINITION_REPRESENTATION(#4639,#4600);
#4575=PROPERTY_DEFINITION_REPRESENTATION(#4640,#4601);
#4576=PROPERTY_DEFINITION_REPRESENTATION(#4641,#4602);
#4577=PROPERTY_DEFINITION_REPRESENTATION(#4642,#4603);
#4578=PROPERTY_DEFINITION_REPRESENTATION(#4643,#4604);
#4579=PROPERTY_DEFINITION_REPRESENTATION(#4644,#4605);
#4580=REPRESENTATION('material name',(#4606),#10777);
#4581=REPRESENTATION('density',(#4541),#10777);
#4582=REPRESENTATION('material name',(#4607),#10778);
#4583=REPRESENTATION('density',(#4542),#10778);
#4584=REPRESENTATION('material name',(#4608),#10779);
#4585=REPRESENTATION('density',(#4543),#10779);
#4586=REPRESENTATION('material name',(#4609),#10781);
#4587=REPRESENTATION('density',(#4544),#10781);
#4588=REPRESENTATION('material name',(#4610),#10783);
#4589=REPRESENTATION('density',(#4545),#10783);
#4590=REPRESENTATION('material name',(#4611),#10784);
#4591=REPRESENTATION('density',(#4546),#10784);
#4592=REPRESENTATION('material name',(#4612),#10785);
#4593=REPRESENTATION('density',(#4547),#10785);
#4594=REPRESENTATION('material name',(#4613),#10786);
#4595=REPRESENTATION('density',(#4548),#10786);
#4596=REPRESENTATION('material name',(#4614),#10787);
#4597=REPRESENTATION('density',(#4549),#10787);
#4598=REPRESENTATION('material name',(#4615),#10788);
#4599=REPRESENTATION('density',(#4550),#10788);
#4600=REPRESENTATION('material name',(#4616),#10789);
#4601=REPRESENTATION('density',(#4551),#10789);
#4602=REPRESENTATION('material name',(#4617),#10790);
#4603=REPRESENTATION('density',(#4552),#10790);
#4604=REPRESENTATION('material name',(#4618),#10791);
#4605=REPRESENTATION('density',(#4553),#10791);
#4606=DESCRIPTIVE_REPRESENTATION_ITEM('Steel','Steel');
#4607=DESCRIPTIVE_REPRESENTATION_ITEM('Steel','Steel');
#4608=DESCRIPTIVE_REPRESENTATION_ITEM('Steel','Steel');
#4609=DESCRIPTIVE_REPRESENTATION_ITEM('Steel','Steel');
#4610=DESCRIPTIVE_REPRESENTATION_ITEM('Steel','Steel');
#4611=DESCRIPTIVE_REPRESENTATION_ITEM('Steel','Steel');
#4612=DESCRIPTIVE_REPRESENTATION_ITEM('Steel','Steel');
#4613=DESCRIPTIVE_REPRESENTATION_ITEM('Steel','Steel');
#4614=DESCRIPTIVE_REPRESENTATION_ITEM('Steel','Steel');
#4615=DESCRIPTIVE_REPRESENTATION_ITEM('Steel','Steel');
#4616=DESCRIPTIVE_REPRESENTATION_ITEM('Steel','Steel');
#4617=DESCRIPTIVE_REPRESENTATION_ITEM('Steel','Steel');
#4618=DESCRIPTIVE_REPRESENTATION_ITEM('Steel','Steel');
#4619=PROPERTY_DEFINITION('material property','material name',#10865);
#4620=PROPERTY_DEFINITION('material property','density of part',#10865);
#4621=PROPERTY_DEFINITION('material property','material name',#10866);
#4622=PROPERTY_DEFINITION('material property','density of part',#10866);
#4623=PROPERTY_DEFINITION('material property','material name',#10867);
#4624=PROPERTY_DEFINITION('material property','density of part',#10867);
#4625=PROPERTY_DEFINITION('material property','material name',#10869);
#4626=PROPERTY_DEFINITION('material property','density of part',#10869);
#4627=PROPERTY_DEFINITION('material property','material name',#10871);
#4628=PROPERTY_DEFINITION('material property','density of part',#10871);
#4629=PROPERTY_DEFINITION('material property','material name',#10872);
#4630=PROPERTY_DEFINITION('material property','density of part',#10872);
#4631=PROPERTY_DEFINITION('material property','material name',#10873);
#4632=PROPERTY_DEFINITION('material property','density of part',#10873);
#4633=PROPERTY_DEFINITION('material property','material name',#10874);
#4634=PROPERTY_DEFINITION('material property','density of part',#10874);
#4635=PROPERTY_DEFINITION('material property','material name',#10875);
#4636=PROPERTY_DEFINITION('material property','density of part',#10875);
#4637=PROPERTY_DEFINITION('material property','material name',#10876);
#4638=PROPERTY_DEFINITION('material property','density of part',#10876);
#4639=PROPERTY_DEFINITION('material property','material name',#10877);
#4640=PROPERTY_DEFINITION('material property','density of part',#10877);
#4641=PROPERTY_DEFINITION('material property','material name',#10878);
#4642=PROPERTY_DEFINITION('material property','density of part',#10878);
#4643=PROPERTY_DEFINITION('material property','material name',#10879);
#4644=PROPERTY_DEFINITION('material property','density of part',#10879);
#4645=AXIS2_PLACEMENT_3D('',#6512,#5198,#5199);
#4646=AXIS2_PLACEMENT_3D('',#6513,#5200,#5201);
#4647=AXIS2_PLACEMENT_3D('',#6514,#5202,#5203);
#4648=AXIS2_PLACEMENT_3D('',#6517,#5204,#5205);
#4649=AXIS2_PLACEMENT_3D('',#6518,#5206,#5207);
#4650=AXIS2_PLACEMENT_3D('',#6519,#5208,#5209);
#4651=AXIS2_PLACEMENT_3D('',#6541,#5212,#5213);
#4652=AXIS2_PLACEMENT_3D('',#6544,#5214,#5215);
#4653=AXIS2_PLACEMENT_3D('',#6545,#5216,#5217);
#4654=AXIS2_PLACEMENT_3D('',#6546,#5218,#5219);
#4655=AXIS2_PLACEMENT_3D('',#6565,#5222,#5223);
#4656=AXIS2_PLACEMENT_3D('',#6566,#5224,#5225);
#4657=AXIS2_PLACEMENT_3D('',#6567,#5226,#5227);
#4658=AXIS2_PLACEMENT_3D('',#6570,#5229,#5230);
#4659=AXIS2_PLACEMENT_3D('',#6571,#5231,#5232);
#4660=AXIS2_PLACEMENT_3D('',#6575,#5234,#5235);
#4661=AXIS2_PLACEMENT_3D('',#6576,#5236,#5237);
#4662=AXIS2_PLACEMENT_3D('',#6579,#5239,#5240);
#4663=AXIS2_PLACEMENT_3D('',#6580,#5241,#5242);
#4664=AXIS2_PLACEMENT_3D('',#6584,#5244,#5245);
#4665=AXIS2_PLACEMENT_3D('',#6585,#5246,#5247);
#4666=AXIS2_PLACEMENT_3D('',#6588,#5249,#5250);
#4667=AXIS2_PLACEMENT_3D('',#6589,#5251,#5252);
#4668=AXIS2_PLACEMENT_3D('',#6593,#5254,#5255);
#4669=AXIS2_PLACEMENT_3D('',#6594,#5256,#5257);
#4670=AXIS2_PLACEMENT_3D('',#6597,#5259,#5260);
#4671=AXIS2_PLACEMENT_3D('',#6598,#5261,#5262);
#4672=AXIS2_PLACEMENT_3D('',#6602,#5264,#5265);
#4673=AXIS2_PLACEMENT_3D('',#6603,#5266,#5267);
#4674=AXIS2_PLACEMENT_3D('',#6606,#5269,#5270);
#4675=AXIS2_PLACEMENT_3D('',#6607,#5271,#5272);
#4676=AXIS2_PLACEMENT_3D('',#6611,#5274,#5275);
#4677=AXIS2_PLACEMENT_3D('',#6612,#5276,#5277);
#4678=AXIS2_PLACEMENT_3D('',#6615,#5279,#5280);
#4679=AXIS2_PLACEMENT_3D('',#6616,#5281,#5282);
#4680=AXIS2_PLACEMENT_3D('',#6620,#5284,#5285);
#4681=AXIS2_PLACEMENT_3D('',#6621,#5286,#5287);
#4682=AXIS2_PLACEMENT_3D('',#6624,#5289,#5290);
#4683=AXIS2_PLACEMENT_3D('',#6625,#5291,#5292);
#4684=AXIS2_PLACEMENT_3D('',#6627,#5293,#5294);
#4685=AXIS2_PLACEMENT_3D('',#6630,#5296,#5297);
#4686=AXIS2_PLACEMENT_3D('',#6631,#5298,#5299);
#4687=AXIS2_PLACEMENT_3D('',#6633,#5300,#5301);
#4688=AXIS2_PLACEMENT_3D('',#6636,#5303,#5304);
#4689=AXIS2_PLACEMENT_3D('',#6637,#5305,#5306);
#4690=AXIS2_PLACEMENT_3D('',#6638,#5307,#5308);
#4691=AXIS2_PLACEMENT_3D('',#6640,#5310,#5311);
#4692=AXIS2_PLACEMENT_3D('',#6700,#5314,#5315);
#4693=AXIS2_PLACEMENT_3D('',#6702,#5316,#5317);
#4694=AXIS2_PLACEMENT_3D('',#6705,#5319,#5320);
#4695=AXIS2_PLACEMENT_3D('',#6707,#5321,#5322);
#4696=AXIS2_PLACEMENT_3D('',#6723,#5323,#5324);
#4697=AXIS2_PLACEMENT_3D('',#6724,#5325,#5326);
#4698=AXIS2_PLACEMENT_3D('',#6726,#5327,#5328);
#4699=AXIS2_PLACEMENT_3D('',#6729,#5330,#5331);
#4700=AXIS2_PLACEMENT_3D('',#6731,#5332,#5333);
#4701=AXIS2_PLACEMENT_3D('',#6733,#5334,#5335);
#4702=AXIS2_PLACEMENT_3D('',#6735,#5336,#5337);
#4703=AXIS2_PLACEMENT_3D('',#6736,#5338,#5339);
#4704=AXIS2_PLACEMENT_3D('',#6738,#5340,#5341);
#4705=AXIS2_PLACEMENT_3D('',#6751,#5342,#5343);
#4706=AXIS2_PLACEMENT_3D('',#6777,#5345,#5346);
#4707=AXIS2_PLACEMENT_3D('',#6779,#5347,#5348);
#4708=AXIS2_PLACEMENT_3D('',#6781,#5350,#5351);
#4709=AXIS2_PLACEMENT_3D('',#6783,#5352,#5353);
#4710=AXIS2_PLACEMENT_3D('',#6786,#5355,#5356);
#4711=AXIS2_PLACEMENT_3D('',#6787,#5357,#5358);
#4712=AXIS2_PLACEMENT_3D('',#6789,#5359,#5360);
#4713=AXIS2_PLACEMENT_3D('',#6792,#5362,#5363);
#4714=AXIS2_PLACEMENT_3D('',#6793,#5364,#5365);
#4715=AXIS2_PLACEMENT_3D('',#6795,#5366,#5367);
#4716=AXIS2_PLACEMENT_3D('',#6798,#5369,#5370);
#4717=AXIS2_PLACEMENT_3D('',#6799,#5371,#5372);
#4718=AXIS2_PLACEMENT_3D('',#6801,#5373,#5374);
#4719=AXIS2_PLACEMENT_3D('',#6804,#5376,#5377);
#4720=AXIS2_PLACEMENT_3D('',#6805,#5378,#5379);
#4721=AXIS2_PLACEMENT_3D('',#6807,#5380,#5381);
#4722=AXIS2_PLACEMENT_3D('',#6809,#5383,#5384);
#4723=AXIS2_PLACEMENT_3D('',#6811,#5385,#5386);
#4724=AXIS2_PLACEMENT_3D('',#6813,#5388,#5389);
#4725=AXIS2_PLACEMENT_3D('',#6815,#5390,#5391);
#4726=AXIS2_PLACEMENT_3D('',#6817,#5393,#5394);
#4727=AXIS2_PLACEMENT_3D('',#6820,#5396,#5397);
#4728=AXIS2_PLACEMENT_3D('',#6821,#5398,#5399);
#4729=AXIS2_PLACEMENT_3D('',#6823,#5400,#5401);
#4730=AXIS2_PLACEMENT_3D('',#6825,#5403,#5404);
#4731=AXIS2_PLACEMENT_3D('',#6826,#5405,#5406);
#4732=AXIS2_PLACEMENT_3D('',#6828,#5407,#5408);
#4733=AXIS2_PLACEMENT_3D('',#6830,#5409,#5410);
#4734=AXIS2_PLACEMENT_3D('',#6831,#5411,#5412);
#4735=AXIS2_PLACEMENT_3D('',#6832,#5413,#5414);
#4736=AXIS2_PLACEMENT_3D('',#6834,#5416,#5417);
#4737=AXIS2_PLACEMENT_3D('',#6835,#5418,#5419);
#4738=AXIS2_PLACEMENT_3D('',#6836,#5420,#5421);
#4739=AXIS2_PLACEMENT_3D('',#6837,#5422,#5423);
#4740=AXIS2_PLACEMENT_3D('',#6838,#5424,#5425);
#4741=AXIS2_PLACEMENT_3D('',#6839,#5426,#5427);
#4742=AXIS2_PLACEMENT_3D('',#6840,#5428,#5429);
#4743=AXIS2_PLACEMENT_3D('',#6900,#5432,#5433);
#4744=AXIS2_PLACEMENT_3D('',#6902,#5434,#5435);
#4745=AXIS2_PLACEMENT_3D('',#6905,#5437,#5438);
#4746=AXIS2_PLACEMENT_3D('',#6907,#5439,#5440);
#4747=AXIS2_PLACEMENT_3D('',#6923,#5441,#5442);
#4748=AXIS2_PLACEMENT_3D('',#6924,#5443,#5444);
#4749=AXIS2_PLACEMENT_3D('',#6926,#5445,#5446);
#4750=AXIS2_PLACEMENT_3D('',#6929,#5448,#5449);
#4751=AXIS2_PLACEMENT_3D('',#6931,#5450,#5451);
#4752=AXIS2_PLACEMENT_3D('',#6933,#5452,#5453);
#4753=AXIS2_PLACEMENT_3D('',#6935,#5454,#5455);
#4754=AXIS2_PLACEMENT_3D('',#6936,#5456,#5457);
#4755=AXIS2_PLACEMENT_3D('',#6938,#5458,#5459);
#4756=AXIS2_PLACEMENT_3D('',#6951,#5460,#5461);
#4757=AXIS2_PLACEMENT_3D('',#6977,#5463,#5464);
#4758=AXIS2_PLACEMENT_3D('',#6979,#5465,#5466);
#4759=AXIS2_PLACEMENT_3D('',#6981,#5468,#5469);
#4760=AXIS2_PLACEMENT_3D('',#6983,#5470,#5471);
#4761=AXIS2_PLACEMENT_3D('',#6986,#5473,#5474);
#4762=AXIS2_PLACEMENT_3D('',#6987,#5475,#5476);
#4763=AXIS2_PLACEMENT_3D('',#6989,#5477,#5478);
#4764=AXIS2_PLACEMENT_3D('',#6992,#5480,#5481);
#4765=AXIS2_PLACEMENT_3D('',#6993,#5482,#5483);
#4766=AXIS2_PLACEMENT_3D('',#6995,#5484,#5485);
#4767=AXIS2_PLACEMENT_3D('',#6998,#5487,#5488);
#4768=AXIS2_PLACEMENT_3D('',#6999,#5489,#5490);
#4769=AXIS2_PLACEMENT_3D('',#7001,#5491,#5492);
#4770=AXIS2_PLACEMENT_3D('',#7004,#5494,#5495);
#4771=AXIS2_PLACEMENT_3D('',#7005,#5496,#5497);
#4772=AXIS2_PLACEMENT_3D('',#7007,#5498,#5499);
#4773=AXIS2_PLACEMENT_3D('',#7009,#5501,#5502);
#4774=AXIS2_PLACEMENT_3D('',#7011,#5503,#5504);
#4775=AXIS2_PLACEMENT_3D('',#7013,#5506,#5507);
#4776=AXIS2_PLACEMENT_3D('',#7015,#5508,#5509);
#4777=AXIS2_PLACEMENT_3D('',#7017,#5511,#5512);
#4778=AXIS2_PLACEMENT_3D('',#7020,#5514,#5515);
#4779=AXIS2_PLACEMENT_3D('',#7021,#5516,#5517);
#4780=AXIS2_PLACEMENT_3D('',#7023,#5518,#5519);
#4781=AXIS2_PLACEMENT_3D('',#7025,#5521,#5522);
#4782=AXIS2_PLACEMENT_3D('',#7026,#5523,#5524);
#4783=AXIS2_PLACEMENT_3D('',#7028,#5525,#5526);
#4784=AXIS2_PLACEMENT_3D('',#7030,#5527,#5528);
#4785=AXIS2_PLACEMENT_3D('',#7031,#5529,#5530);
#4786=AXIS2_PLACEMENT_3D('',#7032,#5531,#5532);
#4787=AXIS2_PLACEMENT_3D('',#7034,#5534,#5535);
#4788=AXIS2_PLACEMENT_3D('',#7035,#5536,#5537);
#4789=AXIS2_PLACEMENT_3D('',#7036,#5538,#5539);
#4790=AXIS2_PLACEMENT_3D('',#7037,#5540,#5541);
#4791=AXIS2_PLACEMENT_3D('',#7038,#5542,#5543);
#4792=AXIS2_PLACEMENT_3D('',#7039,#5544,#5545);
#4793=AXIS2_PLACEMENT_3D('',#7040,#5546,#5547);
#4794=AXIS2_PLACEMENT_3D('',#7042,#5548,#5549);
#4795=AXIS2_PLACEMENT_3D('',#7045,#5551,#5552);
#4796=AXIS2_PLACEMENT_3D('',#7046,#5553,#5554);
#4797=AXIS2_PLACEMENT_3D('',#7047,#5555,#5556);
#4798=AXIS2_PLACEMENT_3D('',#7049,#5557,#5558);
#4799=AXIS2_PLACEMENT_3D('',#7052,#5560,#5561);
#4800=AXIS2_PLACEMENT_3D('',#7053,#5562,#5563);
#4801=AXIS2_PLACEMENT_3D('',#7054,#5564,#5565);
#4802=AXIS2_PLACEMENT_3D('',#7056,#5566,#5567);
#4803=AXIS2_PLACEMENT_3D('',#7059,#5569,#5570);
#4804=AXIS2_PLACEMENT_3D('',#7060,#5571,#5572);
#4805=AXIS2_PLACEMENT_3D('',#7061,#5573,#5574);
#4806=AXIS2_PLACEMENT_3D('',#7063,#5575,#5576);
#4807=AXIS2_PLACEMENT_3D('',#7066,#5578,#5579);
#4808=AXIS2_PLACEMENT_3D('',#7067,#5580,#5581);
#4809=AXIS2_PLACEMENT_3D('',#7068,#5582,#5583);
#4810=AXIS2_PLACEMENT_3D('',#7072,#5585,#5586);
#4811=AXIS2_PLACEMENT_3D('',#7073,#5587,#5588);
#4812=AXIS2_PLACEMENT_3D('',#7075,#5589,#5590);
#4813=AXIS2_PLACEMENT_3D('',#7077,#5591,#5592);
#4814=AXIS2_PLACEMENT_3D('',#7078,#5593,#5594);
#4815=AXIS2_PLACEMENT_3D('',#7081,#5596,#5597);
#4816=AXIS2_PLACEMENT_3D('',#7082,#5598,#5599);
#4817=AXIS2_PLACEMENT_3D('',#7084,#5600,#5601);
#4818=AXIS2_PLACEMENT_3D('',#7086,#5603,#5604);
#4819=AXIS2_PLACEMENT_3D('',#7088,#5605,#5606);
#4820=AXIS2_PLACEMENT_3D('',#7090,#5608,#5609);
#4821=AXIS2_PLACEMENT_3D('',#7092,#5610,#5611);
#4822=AXIS2_PLACEMENT_3D('',#7093,#5612,#5613);
#4823=AXIS2_PLACEMENT_3D('',#7111,#5614,#5615);
#4824=AXIS2_PLACEMENT_3D('',#7114,#5617,#5618);
#4825=AXIS2_PLACEMENT_3D('',#7130,#5619,#5620);
#4826=AXIS2_PLACEMENT_3D('',#7131,#5621,#5622);
#4827=AXIS2_PLACEMENT_3D('',#7134,#5624,#5625);
#4828=AXIS2_PLACEMENT_3D('',#7135,#5626,#5627);
#4829=AXIS2_PLACEMENT_3D('',#7151,#5628,#5629);
#4830=AXIS2_PLACEMENT_3D('',#7165,#5630,#5631);
#4831=AXIS2_PLACEMENT_3D('',#7166,#5632,#5633);
#4832=AXIS2_PLACEMENT_3D('',#7193,#5636,#5637);
#4833=AXIS2_PLACEMENT_3D('',#7208,#5638,#5639);
#4834=AXIS2_PLACEMENT_3D('',#7209,#5640,#5641);
#4835=AXIS2_PLACEMENT_3D('',#7210,#5642,#5643);
#4836=AXIS2_PLACEMENT_3D('',#7226,#5646,#5647);
#4837=AXIS2_PLACEMENT_3D('',#7228,#5648,#5649);
#4838=AXIS2_PLACEMENT_3D('',#7230,#5650,#5651);
#4839=AXIS2_PLACEMENT_3D('',#7232,#5652,#5653);
#4840=AXIS2_PLACEMENT_3D('',#7234,#5654,#5655);
#4841=AXIS2_PLACEMENT_3D('',#7235,#5656,#5657);
#4842=AXIS2_PLACEMENT_3D('',#7237,#5658,#5659);
#4843=AXIS2_PLACEMENT_3D('',#7239,#5660,#5661);
#4844=AXIS2_PLACEMENT_3D('',#7241,#5662,#5663);
#4845=AXIS2_PLACEMENT_3D('',#7243,#5664,#5665);
#4846=AXIS2_PLACEMENT_3D('',#7244,#5666,#5667);
#4847=AXIS2_PLACEMENT_3D('',#7248,#5669,#5670);
#4848=AXIS2_PLACEMENT_3D('',#7249,#5671,#5672);
#4849=AXIS2_PLACEMENT_3D('',#7253,#5674,#5675);
#4850=AXIS2_PLACEMENT_3D('',#7254,#5676,#5677);
#4851=AXIS2_PLACEMENT_3D('',#7258,#5679,#5680);
#4852=AXIS2_PLACEMENT_3D('',#7259,#5681,#5682);
#4853=AXIS2_PLACEMENT_3D('',#7263,#5684,#5685);
#4854=AXIS2_PLACEMENT_3D('',#7264,#5686,#5687);
#4855=AXIS2_PLACEMENT_3D('',#7268,#5689,#5690);
#4856=AXIS2_PLACEMENT_3D('',#7269,#5691,#5692);
#4857=AXIS2_PLACEMENT_3D('',#7271,#5693,#5694);
#4858=AXIS2_PLACEMENT_3D('',#7273,#5696,#5697);
#4859=AXIS2_PLACEMENT_3D('',#7276,#5699,#5700);
#4860=AXIS2_PLACEMENT_3D('',#7277,#5701,#5702);
#4861=AXIS2_PLACEMENT_3D('',#7279,#5703,#5704);
#4862=AXIS2_PLACEMENT_3D('',#7281,#5706,#5707);
#4863=AXIS2_PLACEMENT_3D('',#7283,#5708,#5709);
#4864=AXIS2_PLACEMENT_3D('',#7285,#5711,#5712);
#4865=AXIS2_PLACEMENT_3D('',#7287,#5713,#5714);
#4866=AXIS2_PLACEMENT_3D('',#7289,#5716,#5717);
#4867=AXIS2_PLACEMENT_3D('',#7291,#5718,#5719);
#4868=AXIS2_PLACEMENT_3D('',#7293,#5721,#5722);
#4869=AXIS2_PLACEMENT_3D('',#7295,#5723,#5724);
#4870=AXIS2_PLACEMENT_3D('',#7297,#5726,#5727);
#4871=AXIS2_PLACEMENT_3D('',#7299,#5728,#5729);
#4872=AXIS2_PLACEMENT_3D('',#7301,#5731,#5732);
#4873=AXIS2_PLACEMENT_3D('',#7303,#5733,#5734);
#4874=AXIS2_PLACEMENT_3D('',#7305,#5736,#5737);
#4875=AXIS2_PLACEMENT_3D('',#7307,#5738,#5739);
#4876=AXIS2_PLACEMENT_3D('',#7309,#5741,#5742);
#4877=AXIS2_PLACEMENT_3D('',#7312,#5744,#5745);
#4878=AXIS2_PLACEMENT_3D('',#7313,#5746,#5747);
#4879=AXIS2_PLACEMENT_3D('',#7316,#5749,#5750);
#4880=AXIS2_PLACEMENT_3D('',#7317,#5751,#5752);
#4881=AXIS2_PLACEMENT_3D('',#7320,#5754,#5755);
#4882=AXIS2_PLACEMENT_3D('',#7321,#5756,#5757);
#4883=AXIS2_PLACEMENT_3D('',#7324,#5759,#5760);
#4884=AXIS2_PLACEMENT_3D('',#7325,#5761,#5762);
#4885=AXIS2_PLACEMENT_3D('',#7328,#5764,#5765);
#4886=AXIS2_PLACEMENT_3D('',#7329,#5766,#5767);
#4887=AXIS2_PLACEMENT_3D('',#7332,#5768,#5769);
#4888=AXIS2_PLACEMENT_3D('',#7333,#5770,#5771);
#4889=AXIS2_PLACEMENT_3D('',#7334,#5772,#5773);
#4890=AXIS2_PLACEMENT_3D('',#7337,#5774,#5775);
#4891=AXIS2_PLACEMENT_3D('',#7338,#5776,#5777);
#4892=AXIS2_PLACEMENT_3D('',#7339,#5778,#5779);
#4893=AXIS2_PLACEMENT_3D('',#7358,#5782,#5783);
#4894=AXIS2_PLACEMENT_3D('',#7369,#5784,#5785);
#4895=AXIS2_PLACEMENT_3D('',#7371,#5786,#5787);
#4896=AXIS2_PLACEMENT_3D('',#7381,#5789,#5790);
#4897=AXIS2_PLACEMENT_3D('',#7384,#5793,#5794);
#4898=AXIS2_PLACEMENT_3D('',#7386,#5795,#5796);
#4899=AXIS2_PLACEMENT_3D('',#7387,#5797,#5798);
#4900=AXIS2_PLACEMENT_3D('',#7388,#5799,#5800);
#4901=AXIS2_PLACEMENT_3D('',#7390,#5801,#5802);
#4902=AXIS2_PLACEMENT_3D('',#7391,#5803,#5804);
#4903=AXIS2_PLACEMENT_3D('',#7393,#5806,#5807);
#4904=AXIS2_PLACEMENT_3D('',#7394,#5808,#5809);
#4905=AXIS2_PLACEMENT_3D('',#7395,#5810,#5811);
#4906=AXIS2_PLACEMENT_3D('',#7397,#5812,#5813);
#4907=AXIS2_PLACEMENT_3D('',#7400,#5815,#5816);
#4908=AXIS2_PLACEMENT_3D('',#7401,#5817,#5818);
#4909=AXIS2_PLACEMENT_3D('',#7402,#5819,#5820);
#4910=AXIS2_PLACEMENT_3D('',#7403,#5821,#5822);
#4911=AXIS2_PLACEMENT_3D('',#7405,#5823,#5824);
#4912=AXIS2_PLACEMENT_3D('',#7408,#5826,#5827);
#4913=AXIS2_PLACEMENT_3D('',#7409,#5828,#5829);
#4914=AXIS2_PLACEMENT_3D('',#7411,#5830,#5831);
#4915=AXIS2_PLACEMENT_3D('',#7414,#5833,#5834);
#4916=AXIS2_PLACEMENT_3D('',#7415,#5835,#5836);
#4917=AXIS2_PLACEMENT_3D('',#7416,#5837,#5838);
#4918=AXIS2_PLACEMENT_3D('',#7417,#5839,#5840);
#4919=AXIS2_PLACEMENT_3D('',#7418,#5841,#5842);
#4920=AXIS2_PLACEMENT_3D('',#7419,#5843,#5844);
#4921=AXIS2_PLACEMENT_3D('',#7420,#5845,#5846);
#4922=AXIS2_PLACEMENT_3D('',#7422,#5847,#5848);
#4923=AXIS2_PLACEMENT_3D('',#7425,#5850,#5851);
#4924=AXIS2_PLACEMENT_3D('',#7426,#5852,#5853);
#4925=AXIS2_PLACEMENT_3D('',#7428,#5854,#5855);
#4926=AXIS2_PLACEMENT_3D('',#7429,#5856,#5857);
#4927=AXIS2_PLACEMENT_3D('',#7431,#5858,#5859);
#4928=AXIS2_PLACEMENT_3D('',#7432,#5860,#5861);
#4929=AXIS2_PLACEMENT_3D('',#7434,#5863,#5864);
#4930=AXIS2_PLACEMENT_3D('',#7435,#5865,#5866);
#4931=AXIS2_PLACEMENT_3D('',#7436,#5867,#5868);
#4932=AXIS2_PLACEMENT_3D('',#7455,#5870,#5871);
#4933=AXIS2_PLACEMENT_3D('',#7469,#5872,#5873);
#4934=AXIS2_PLACEMENT_3D('',#7517,#5875,#5876);
#4935=AXIS2_PLACEMENT_3D('',#7568,#5878,#5879);
#4936=AXIS2_PLACEMENT_3D('',#7619,#5881,#5882);
#4937=AXIS2_PLACEMENT_3D('',#7667,#5884,#5885);
#4938=AXIS2_PLACEMENT_3D('',#7718,#5887,#5888);
#4939=AXIS2_PLACEMENT_3D('',#7769,#5890,#5891);
#4940=AXIS2_PLACEMENT_3D('',#7780,#5893,#5894);
#4941=AXIS2_PLACEMENT_3D('',#7785,#5895,#5896);
#4942=AXIS2_PLACEMENT_3D('',#7811,#5898,#5899);
#4943=AXIS2_PLACEMENT_3D('',#7835,#5901,#5902);
#4944=AXIS2_PLACEMENT_3D('',#7860,#5904,#5905);
#4945=AXIS2_PLACEMENT_3D('',#7885,#5907,#5908);
#4946=AXIS2_PLACEMENT_3D('',#7909,#5910,#5911);
#4947=AXIS2_PLACEMENT_3D('',#7934,#5913,#5914);
#4948=AXIS2_PLACEMENT_3D('',#7939,#5916,#5917);
#4949=AXIS2_PLACEMENT_3D('',#7960,#5918,#5919);
#4950=AXIS2_PLACEMENT_3D('',#7985,#5921,#5922);
#4951=AXIS2_PLACEMENT_3D('',#7988,#5924,#5925);
#4952=AXIS2_PLACEMENT_3D('',#7990,#5926,#5927);
#4953=AXIS2_PLACEMENT_3D('',#8007,#5928,#5929);
#4954=AXIS2_PLACEMENT_3D('',#8055,#5931,#5932);
#4955=AXIS2_PLACEMENT_3D('',#8106,#5934,#5935);
#4956=AXIS2_PLACEMENT_3D('',#8157,#5937,#5938);
#4957=AXIS2_PLACEMENT_3D('',#8205,#5940,#5941);
#4958=AXIS2_PLACEMENT_3D('',#8259,#5943,#5944);
#4959=AXIS2_PLACEMENT_3D('',#8307,#5946,#5947);
#4960=AXIS2_PLACEMENT_3D('',#8355,#5949,#5950);
#4961=AXIS2_PLACEMENT_3D('',#8368,#5952,#5953);
#4962=AXIS2_PLACEMENT_3D('',#8373,#5954,#5955);
#4963=AXIS2_PLACEMENT_3D('',#8398,#5957,#5958);
#4964=AXIS2_PLACEMENT_3D('',#8422,#5960,#5961);
#4965=AXIS2_PLACEMENT_3D('',#8447,#5963,#5964);
#4966=AXIS2_PLACEMENT_3D('',#8472,#5966,#5967);
#4967=AXIS2_PLACEMENT_3D('',#8497,#5969,#5970);
#4968=AXIS2_PLACEMENT_3D('',#8521,#5972,#5973);
#4969=AXIS2_PLACEMENT_3D('',#8546,#5975,#5976);
#4970=AXIS2_PLACEMENT_3D('',#8571,#5978,#5979);
#4971=AXIS2_PLACEMENT_3D('',#8573,#5980,#5981);
#4972=AXIS2_PLACEMENT_3D('',#8576,#5983,#5984);
#4973=AXIS2_PLACEMENT_3D('',#8577,#5985,#5986);
#4974=AXIS2_PLACEMENT_3D('',#8579,#5987,#5988);
#4975=AXIS2_PLACEMENT_3D('',#8580,#5989,#5990);
#4976=AXIS2_PLACEMENT_3D('',#8582,#5991,#5992);
#4977=AXIS2_PLACEMENT_3D('',#9018,#5994,#5995);
#4978=AXIS2_PLACEMENT_3D('',#9108,#5996,#5997);
#4979=AXIS2_PLACEMENT_3D('',#9109,#5998,#5999);
#4980=AXIS2_PLACEMENT_3D('',#9461,#6000,#6001);
#4981=AXIS2_PLACEMENT_3D('',#9462,#6002,#6003);
#4982=AXIS2_PLACEMENT_3D('',#9887,#6004,#6005);
#4983=AXIS2_PLACEMENT_3D('',#9888,#6006,#6007);
#4984=AXIS2_PLACEMENT_3D('',#10311,#6008,#6009);
#4985=AXIS2_PLACEMENT_3D('',#10312,#6010,#6011);
#4986=AXIS2_PLACEMENT_3D('',#10313,#6012,#6013);
#4987=AXIS2_PLACEMENT_3D('',#10315,#6014,#6015);
#4988=AXIS2_PLACEMENT_3D('',#10358,#6017,#6018);
#4989=AXIS2_PLACEMENT_3D('',#10359,#6019,#6020);
#4990=AXIS2_PLACEMENT_3D('',#10360,#6021,#6022);
#4991=AXIS2_PLACEMENT_3D('',#10362,#6023,#6024);
#4992=AXIS2_PLACEMENT_3D('',#10363,#6025,#6026);
#4993=AXIS2_PLACEMENT_3D('',#10364,#6027,#6028);
#4994=AXIS2_PLACEMENT_3D('',#10377,#6035,#6036);
#4995=AXIS2_PLACEMENT_3D('',#10383,#6040,#6041);
#4996=AXIS2_PLACEMENT_3D('',#10387,#6044,#6045);
#4997=AXIS2_PLACEMENT_3D('',#10391,#6048,#6049);
#4998=AXIS2_PLACEMENT_3D('',#10398,#6053,#6054);
#4999=AXIS2_PLACEMENT_3D('',#10399,#6055,#6056);
#5000=AXIS2_PLACEMENT_3D('',#10401,#6058,#6059);
#5001=AXIS2_PLACEMENT_3D('',#10403,#6061,#6062);
#5002=AXIS2_PLACEMENT_3D('',#10404,#6063,#6064);
#5003=AXIS2_PLACEMENT_3D('',#10407,#6067,#6068);
#5004=AXIS2_PLACEMENT_3D('',#10408,#6069,#6070);
#5005=AXIS2_PLACEMENT_3D('',#10409,#6071,#6072);
#5006=AXIS2_PLACEMENT_3D('',#10410,#6073,#6074);
#5007=AXIS2_PLACEMENT_3D('',#10412,#6075,#6076);
#5008=AXIS2_PLACEMENT_3D('',#10413,#6077,#6078);
#5009=AXIS2_PLACEMENT_3D('',#10415,#6079,#6080);
#5010=AXIS2_PLACEMENT_3D('',#10416,#6081,#6082);
#5011=AXIS2_PLACEMENT_3D('',#10418,#6084,#6085);
#5012=AXIS2_PLACEMENT_3D('',#10420,#6086,#6087);
#5013=AXIS2_PLACEMENT_3D('',#10421,#6088,#6089);
#5014=AXIS2_PLACEMENT_3D('',#10423,#6090,#6091);
#5015=AXIS2_PLACEMENT_3D('',#10424,#6092,#6093);
#5016=AXIS2_PLACEMENT_3D('',#10426,#6095,#6096);
#5017=AXIS2_PLACEMENT_3D('',#10428,#6097,#6098);
#5018=AXIS2_PLACEMENT_3D('',#10429,#6099,#6100);
#5019=AXIS2_PLACEMENT_3D('',#10431,#6101,#6102);
#5020=AXIS2_PLACEMENT_3D('',#10432,#6103,#6104);
#5021=AXIS2_PLACEMENT_3D('',#10434,#6106,#6107);
#5022=AXIS2_PLACEMENT_3D('',#10436,#6108,#6109);
#5023=AXIS2_PLACEMENT_3D('',#10437,#6110,#6111);
#5024=AXIS2_PLACEMENT_3D('',#10439,#6112,#6113);
#5025=AXIS2_PLACEMENT_3D('',#10440,#6114,#6115);
#5026=AXIS2_PLACEMENT_3D('',#10442,#6117,#6118);
#5027=AXIS2_PLACEMENT_3D('',#10443,#6119,#6120);
#5028=AXIS2_PLACEMENT_3D('',#10445,#6121,#6122);
#5029=AXIS2_PLACEMENT_3D('',#10448,#6124,#6125);
#5030=AXIS2_PLACEMENT_3D('',#10449,#6126,#6127);
#5031=AXIS2_PLACEMENT_3D('',#10451,#6128,#6129);
#5032=AXIS2_PLACEMENT_3D('',#10454,#6131,#6132);
#5033=AXIS2_PLACEMENT_3D('',#10455,#6133,#6134);
#5034=AXIS2_PLACEMENT_3D('',#10457,#6135,#6136);
#5035=AXIS2_PLACEMENT_3D('',#10460,#6138,#6139);
#5036=AXIS2_PLACEMENT_3D('',#10461,#6140,#6141);
#5037=AXIS2_PLACEMENT_3D('',#10463,#6142,#6143);
#5038=AXIS2_PLACEMENT_3D('',#10466,#6145,#6146);
#5039=AXIS2_PLACEMENT_3D('',#10467,#6147,#6148);
#5040=AXIS2_PLACEMENT_3D('',#10469,#6149,#6150);
#5041=AXIS2_PLACEMENT_3D('',#10472,#6152,#6153);
#5042=AXIS2_PLACEMENT_3D('',#10473,#6154,#6155);
#5043=AXIS2_PLACEMENT_3D('',#10475,#6156,#6157);
#5044=AXIS2_PLACEMENT_3D('',#10478,#6159,#6160);
#5045=AXIS2_PLACEMENT_3D('',#10479,#6161,#6162);
#5046=AXIS2_PLACEMENT_3D('',#10481,#6163,#6164);
#5047=AXIS2_PLACEMENT_3D('',#10484,#6166,#6167);
#5048=AXIS2_PLACEMENT_3D('',#10485,#6168,#6169);
#5049=AXIS2_PLACEMENT_3D('',#10487,#6170,#6171);
#5050=AXIS2_PLACEMENT_3D('',#10490,#6173,#6174);
#5051=AXIS2_PLACEMENT_3D('',#10491,#6175,#6176);
#5052=AXIS2_PLACEMENT_3D('',#10493,#6177,#6178);
#5053=AXIS2_PLACEMENT_3D('',#10496,#6180,#6181);
#5054=AXIS2_PLACEMENT_3D('',#10497,#6182,#6183);
#5055=AXIS2_PLACEMENT_3D('',#10499,#6184,#6185);
#5056=AXIS2_PLACEMENT_3D('',#10502,#6187,#6188);
#5057=AXIS2_PLACEMENT_3D('',#10503,#6189,#6190);
#5058=AXIS2_PLACEMENT_3D('',#10504,#6191,#6192);
#5059=AXIS2_PLACEMENT_3D('',#10505,#6193,#6194);
#5060=AXIS2_PLACEMENT_3D('',#10506,#6195,#6196);
#5061=AXIS2_PLACEMENT_3D('',#10508,#6197,#6198);
#5062=AXIS2_PLACEMENT_3D('',#10511,#6200,#6201);
#5063=AXIS2_PLACEMENT_3D('',#10512,#6202,#6203);
#5064=AXIS2_PLACEMENT_3D('',#10513,#6204,#6205);
#5065=AXIS2_PLACEMENT_3D('',#10514,#6206,#6207);
#5066=AXIS2_PLACEMENT_3D('',#10515,#6208,#6209);
#5067=AXIS2_PLACEMENT_3D('',#10517,#6210,#6211);
#5068=AXIS2_PLACEMENT_3D('',#10520,#6213,#6214);
#5069=AXIS2_PLACEMENT_3D('',#10521,#6215,#6216);
#5070=AXIS2_PLACEMENT_3D('',#10523,#6217,#6218);
#5071=AXIS2_PLACEMENT_3D('',#10526,#6220,#6221);
#5072=AXIS2_PLACEMENT_3D('',#10527,#6222,#6223);
#5073=AXIS2_PLACEMENT_3D('',#10529,#6224,#6225);
#5074=AXIS2_PLACEMENT_3D('',#10532,#6227,#6228);
#5075=AXIS2_PLACEMENT_3D('',#10533,#6229,#6230);
#5076=AXIS2_PLACEMENT_3D('',#10535,#6231,#6232);
#5077=AXIS2_PLACEMENT_3D('',#10538,#6234,#6235);
#5078=AXIS2_PLACEMENT_3D('',#10539,#6236,#6237);
#5079=AXIS2_PLACEMENT_3D('',#10541,#6238,#6239);
#5080=AXIS2_PLACEMENT_3D('',#10544,#6241,#6242);
#5081=AXIS2_PLACEMENT_3D('',#10545,#6243,#6244);
#5082=AXIS2_PLACEMENT_3D('',#10547,#6245,#6246);
#5083=AXIS2_PLACEMENT_3D('',#10550,#6248,#6249);
#5084=AXIS2_PLACEMENT_3D('',#10551,#6250,#6251);
#5085=AXIS2_PLACEMENT_3D('',#10553,#6252,#6253);
#5086=AXIS2_PLACEMENT_3D('',#10556,#6255,#6256);
#5087=AXIS2_PLACEMENT_3D('',#10557,#6257,#6258);
#5088=AXIS2_PLACEMENT_3D('',#10559,#6259,#6260);
#5089=AXIS2_PLACEMENT_3D('',#10562,#6262,#6263);
#5090=AXIS2_PLACEMENT_3D('',#10563,#6264,#6265);
#5091=AXIS2_PLACEMENT_3D('',#10565,#6266,#6267);
#5092=AXIS2_PLACEMENT_3D('',#10568,#6269,#6270);
#5093=AXIS2_PLACEMENT_3D('',#10569,#6271,#6272);
#5094=AXIS2_PLACEMENT_3D('',#10571,#6273,#6274);
#5095=AXIS2_PLACEMENT_3D('',#10574,#6276,#6277);
#5096=AXIS2_PLACEMENT_3D('',#10575,#6278,#6279);
#5097=AXIS2_PLACEMENT_3D('',#10576,#6280,#6281);
#5098=AXIS2_PLACEMENT_3D('',#10577,#6282,#6283);
#5099=AXIS2_PLACEMENT_3D('',#10578,#6284,#6285);
#5100=AXIS2_PLACEMENT_3D('',#10580,#6286,#6287);
#5101=AXIS2_PLACEMENT_3D('',#10583,#6289,#6290);
#5102=AXIS2_PLACEMENT_3D('',#10584,#6291,#6292);
#5103=AXIS2_PLACEMENT_3D('',#10593,#6297,#6298);
#5104=AXIS2_PLACEMENT_3D('',#10595,#6299,#6300);
#5105=AXIS2_PLACEMENT_3D('',#10597,#6301,#6302);
#5106=AXIS2_PLACEMENT_3D('',#10599,#6304,#6305);
#5107=AXIS2_PLACEMENT_3D('',#10605,#6309,#6310);
#5108=AXIS2_PLACEMENT_3D('',#10606,#6311,#6312);
#5109=AXIS2_PLACEMENT_3D('',#10607,#6313,#6314);
#5110=AXIS2_PLACEMENT_3D('',#10608,#6315,#6316);
#5111=AXIS2_PLACEMENT_3D('',#10609,#6317,#6318);
#5112=AXIS2_PLACEMENT_3D('',#10610,#6319,#6320);
#5113=AXIS2_PLACEMENT_3D('',#10611,#6321,#6322);
#5114=AXIS2_PLACEMENT_3D('',#10613,#6323,#6324);
#5115=AXIS2_PLACEMENT_3D('',#10616,#6326,#6327);
#5116=AXIS2_PLACEMENT_3D('',#10617,#6328,#6329);
#5117=AXIS2_PLACEMENT_3D('',#10619,#6330,#6331);
#5118=AXIS2_PLACEMENT_3D('',#10622,#6333,#6334);
#5119=AXIS2_PLACEMENT_3D('',#10623,#6335,#6336);
#5120=AXIS2_PLACEMENT_3D('',#10625,#6337,#6338);
#5121=AXIS2_PLACEMENT_3D('',#10628,#6340,#6341);
#5122=AXIS2_PLACEMENT_3D('',#10629,#6342,#6343);
#5123=AXIS2_PLACEMENT_3D('',#10631,#6344,#6345);
#5124=AXIS2_PLACEMENT_3D('',#10634,#6347,#6348);
#5125=AXIS2_PLACEMENT_3D('',#10635,#6349,#6350);
#5126=AXIS2_PLACEMENT_3D('',#10637,#6351,#6352);
#5127=AXIS2_PLACEMENT_3D('',#10640,#6354,#6355);
#5128=AXIS2_PLACEMENT_3D('',#10641,#6356,#6357);
#5129=AXIS2_PLACEMENT_3D('',#10643,#6358,#6359);
#5130=AXIS2_PLACEMENT_3D('',#10646,#6361,#6362);
#5131=AXIS2_PLACEMENT_3D('',#10647,#6363,#6364);
#5132=AXIS2_PLACEMENT_3D('',#10649,#6365,#6366);
#5133=AXIS2_PLACEMENT_3D('',#10652,#6368,#6369);
#5134=AXIS2_PLACEMENT_3D('',#10653,#6370,#6371);
#5135=AXIS2_PLACEMENT_3D('',#10655,#6372,#6373);
#5136=AXIS2_PLACEMENT_3D('',#10658,#6375,#6376);
#5137=AXIS2_PLACEMENT_3D('',#10659,#6377,#6378);
#5138=AXIS2_PLACEMENT_3D('',#10661,#6379,#6380);
#5139=AXIS2_PLACEMENT_3D('',#10664,#6382,#6383);
#5140=AXIS2_PLACEMENT_3D('',#10665,#6384,#6385);
#5141=AXIS2_PLACEMENT_3D('',#10667,#6386,#6387);
#5142=AXIS2_PLACEMENT_3D('',#10670,#6389,#6390);
#5143=AXIS2_PLACEMENT_3D('',#10671,#6391,#6392);
#5144=AXIS2_PLACEMENT_3D('',#10672,#6393,#6394);
#5145=AXIS2_PLACEMENT_3D('',#10673,#6395,#6396);
#5146=AXIS2_PLACEMENT_3D('',#10674,#6397,#6398);
#5147=AXIS2_PLACEMENT_3D('',#10676,#6399,#6400);
#5148=AXIS2_PLACEMENT_3D('',#10678,#6401,#6402);
#5149=AXIS2_PLACEMENT_3D('',#10680,#6403,#6404);
#5150=AXIS2_PLACEMENT_3D('',#10682,#6405,#6406);
#5151=AXIS2_PLACEMENT_3D('',#10684,#6407,#6408);
#5152=AXIS2_PLACEMENT_3D('',#10686,#6409,#6410);
#5153=AXIS2_PLACEMENT_3D('',#10688,#6411,#6412);
#5154=AXIS2_PLACEMENT_3D('',#10690,#6413,#6414);
#5155=AXIS2_PLACEMENT_3D('',#10692,#6415,#6416);
#5156=AXIS2_PLACEMENT_3D('',#10694,#6417,#6418);
#5157=AXIS2_PLACEMENT_3D('',#10695,#6419,#6420);
#5158=AXIS2_PLACEMENT_3D('',#10698,#6422,#6423);
#5159=AXIS2_PLACEMENT_3D('',#10699,#6424,#6425);
#5160=AXIS2_PLACEMENT_3D('',#10701,#6426,#6427);
#5161=AXIS2_PLACEMENT_3D('',#10702,#6428,#6429);
#5162=AXIS2_PLACEMENT_3D('',#10705,#6431,#6432);
#5163=AXIS2_PLACEMENT_3D('',#10706,#6433,#6434);
#5164=AXIS2_PLACEMENT_3D('',#10709,#6436,#6437);
#5165=AXIS2_PLACEMENT_3D('',#10710,#6438,#6439);
#5166=AXIS2_PLACEMENT_3D('',#10713,#6441,#6442);
#5167=AXIS2_PLACEMENT_3D('',#10714,#6443,#6444);
#5168=AXIS2_PLACEMENT_3D('',#10717,#6446,#6447);
#5169=AXIS2_PLACEMENT_3D('',#10718,#6448,#6449);
#5170=AXIS2_PLACEMENT_3D('',#10721,#6451,#6452);
#5171=AXIS2_PLACEMENT_3D('',#10722,#6453,#6454);
#5172=AXIS2_PLACEMENT_3D('',#10725,#6456,#6457);
#5173=AXIS2_PLACEMENT_3D('',#10726,#6458,#6459);
#5174=AXIS2_PLACEMENT_3D('',#10729,#6461,#6462);
#5175=AXIS2_PLACEMENT_3D('',#10730,#6463,#6464);
#5176=AXIS2_PLACEMENT_3D('',#10733,#6466,#6467);
#5177=AXIS2_PLACEMENT_3D('',#10734,#6468,#6469);
#5178=AXIS2_PLACEMENT_3D('',#10737,#6471,#6472);
#5179=AXIS2_PLACEMENT_3D('',#10738,#6473,#6474);
#5180=AXIS2_PLACEMENT_3D('',#10740,#6475,#6476);
#5181=AXIS2_PLACEMENT_3D('',#10742,#6478,#6479);
#5182=AXIS2_PLACEMENT_3D('',#10743,#6480,#6481);
#5183=AXIS2_PLACEMENT_3D('',#10744,#6482,#6483);
#5184=AXIS2_PLACEMENT_3D('',#10745,#6484,#6485);
#5185=AXIS2_PLACEMENT_3D('',#10746,#6486,#6487);
#5186=AXIS2_PLACEMENT_3D('',#10747,#6488,#6489);
#5187=AXIS2_PLACEMENT_3D('',#10748,#6490,#6491);
#5188=AXIS2_PLACEMENT_3D('',#10749,#6492,#6493);
#5189=AXIS2_PLACEMENT_3D('',#10750,#6494,#6495);
#5190=AXIS2_PLACEMENT_3D('',#10751,#6496,#6497);
#5191=AXIS2_PLACEMENT_3D('',#10752,#6498,#6499);
#5192=AXIS2_PLACEMENT_3D('',#10753,#6500,#6501);
#5193=AXIS2_PLACEMENT_3D('',#10754,#6502,#6503);
#5194=AXIS2_PLACEMENT_3D('',#10755,#6504,#6505);
#5195=AXIS2_PLACEMENT_3D('',#10756,#6506,#6507);
#5196=AXIS2_PLACEMENT_3D('',#10757,#6508,#6509);
#5197=AXIS2_PLACEMENT_3D('',#10758,#6510,#6511);
#5198=DIRECTION('axis',(0.,0.,1.));
#5199=DIRECTION('refdir',(1.,0.,0.));
#5200=DIRECTION('axis',(0.,0.,1.));
#5201=DIRECTION('refdir',(1.,0.,0.));
#5202=DIRECTION('center_axis',(0.,-1.,-1.03874242540769E-11));
#5203=DIRECTION('ref_axis',(0.,-1.038752E-11,1.));
#5204=DIRECTION('center_axis',(0.,0.,-1.));
#5205=DIRECTION('ref_axis',(0.,-1.,0.));
#5206=DIRECTION('center_axis',(1.,0.,0.));
#5207=DIRECTION('ref_axis',(0.,0.733212111192935,0.68));
#5208=DIRECTION('center_axis',(1.,1.946491E-16,0.));
#5209=DIRECTION('ref_axis',(-1.42719077552805E-16,0.733212111192935,0.68));
#5210=DIRECTION('',(-1.,0.,0.));
#5211=DIRECTION('',(1.,0.,0.));
#5212=DIRECTION('center_axis',(0.,-1.,-1.03920427818593E-11));
#5213=DIRECTION('ref_axis',(0.,-1.03921E-11,1.));
#5214=DIRECTION('center_axis',(0.,0.,-1.));
#5215=DIRECTION('ref_axis',(0.,-1.,0.));
#5216=DIRECTION('center_axis',(-1.,0.,0.));
#5217=DIRECTION('ref_axis',(0.,0.733212111192935,0.68));
#5218=DIRECTION('center_axis',(1.,1.946491E-16,0.));
#5219=DIRECTION('ref_axis',(-1.42719077552805E-16,0.733212111192935,0.68));
#5220=DIRECTION('',(1.,0.,0.));
#5221=DIRECTION('',(-1.,0.,0.));
#5222=DIRECTION('center_axis',(0.,0.,1.));
#5223=DIRECTION('ref_axis',(1.,0.,0.));
#5224=DIRECTION('center_axis',(0.,0.,1.));
#5225=DIRECTION('ref_axis',(1.,0.,0.));
#5226=DIRECTION('center_axis',(0.,0.,1.));
#5227=DIRECTION('ref_axis',(1.,0.,0.));
#5228=DIRECTION('',(0.,0.,1.));
#5229=DIRECTION('center_axis',(0.,0.,-1.));
#5230=DIRECTION('ref_axis',(1.,0.,0.));
#5231=DIRECTION('center_axis',(0.,0.,-1.));
#5232=DIRECTION('ref_axis',(-0.499999999999999,0.866025403784439,0.));
#5233=DIRECTION('',(0.428583650351055,-0.742328657701365,-0.515038074910054));
#5234=DIRECTION('center_axis',(0.,0.,-1.));
#5235=DIRECTION('ref_axis',(-0.499999999999999,0.866025403784439,0.));
#5236=DIRECTION('center_axis',(0.,0.,-1.));
#5237=DIRECTION('ref_axis',(-0.499999999999999,0.866025403784439,0.));
#5238=DIRECTION('',(0.,0.,-1.));
#5239=DIRECTION('center_axis',(0.,0.,1.));
#5240=DIRECTION('ref_axis',(-0.499999999999999,0.866025403784439,0.));
#5241=DIRECTION('center_axis',(0.,0.,-1.));
#5242=DIRECTION('ref_axis',(0.5,0.866025403784438,0.));
#5243=DIRECTION('',(-0.428583650351057,-0.742328657701364,-0.515038074910054));
#5244=DIRECTION('center_axis',(0.,0.,-1.));
#5245=DIRECTION('ref_axis',(0.5,0.866025403784438,0.));
#5246=DIRECTION('center_axis',(0.,0.,-1.));
#5247=DIRECTION('ref_axis',(0.5,0.866025403784438,0.));
#5248=DIRECTION('',(0.,0.,-1.));
#5249=DIRECTION('center_axis',(0.,0.,1.));
#5250=DIRECTION('ref_axis',(0.5,0.866025403784438,0.));
#5251=DIRECTION('center_axis',(0.,0.,-1.));
#5252=DIRECTION('ref_axis',(1.,0.,0.));
#5253=DIRECTION('',(-0.857167300702112,1.04972719113862E-16,-0.515038074910054));
#5254=DIRECTION('center_axis',(0.,0.,-1.));
#5255=DIRECTION('ref_axis',(1.,0.,0.));
#5256=DIRECTION('center_axis',(0.,0.,-1.));
#5257=DIRECTION('ref_axis',(1.,0.,0.));
#5258=DIRECTION('',(0.,0.,-1.));
#5259=DIRECTION('center_axis',(0.,0.,1.));
#5260=DIRECTION('ref_axis',(1.,0.,0.));
#5261=DIRECTION('center_axis',(0.,0.,-1.));
#5262=DIRECTION('ref_axis',(0.5,-0.866025403784439,0.));
#5263=DIRECTION('',(-0.428583650351056,0.742328657701364,-0.515038074910054));
#5264=DIRECTION('center_axis',(0.,0.,-1.));
#5265=DIRECTION('ref_axis',(0.5,-0.866025403784439,0.));
#5266=DIRECTION('center_axis',(0.,0.,-1.));
#5267=DIRECTION('ref_axis',(0.5,-0.866025403784439,0.));
#5268=DIRECTION('',(0.,0.,-1.));
#5269=DIRECTION('center_axis',(0.,0.,1.));
#5270=DIRECTION('ref_axis',(0.5,-0.866025403784439,0.));
#5271=DIRECTION('center_axis',(0.,0.,-1.));
#5272=DIRECTION('ref_axis',(-0.5,-0.866025403784439,0.));
#5273=DIRECTION('',(0.428583650351056,0.742328657701364,-0.515038074910054));
#5274=DIRECTION('center_axis',(0.,0.,-1.));
#5275=DIRECTION('ref_axis',(-0.5,-0.866025403784439,0.));
#5276=DIRECTION('center_axis',(0.,0.,-1.));
#5277=DIRECTION('ref_axis',(-0.5,-0.866025403784439,0.));
#5278=DIRECTION('',(0.,0.,-1.));
#5279=DIRECTION('center_axis',(0.,0.,1.));
#5280=DIRECTION('ref_axis',(-0.5,-0.866025403784439,0.));
#5281=DIRECTION('center_axis',(0.,0.,-1.));
#5282=DIRECTION('ref_axis',(-1.,0.,0.));
#5283=DIRECTION('',(0.857167300702112,-1.04972719113862E-16,-0.515038074910054));
#5284=DIRECTION('center_axis',(0.,0.,-1.));
#5285=DIRECTION('ref_axis',(-1.,0.,0.));
#5286=DIRECTION('center_axis',(0.,0.,-1.));
#5287=DIRECTION('ref_axis',(-1.,0.,0.));
#5288=DIRECTION('',(0.,0.,-1.));
#5289=DIRECTION('center_axis',(0.,0.,1.));
#5290=DIRECTION('ref_axis',(-1.,0.,0.));
#5291=DIRECTION('center_axis',(0.,0.,1.));
#5292=DIRECTION('ref_axis',(1.,0.,0.));
#5293=DIRECTION('center_axis',(0.,0.,1.));
#5294=DIRECTION('ref_axis',(1.,0.,0.));
#5295=DIRECTION('',(0.,0.,1.));
#5296=DIRECTION('center_axis',(0.,0.,-1.));
#5297=DIRECTION('ref_axis',(1.,0.,0.));
#5298=DIRECTION('center_axis',(0.,0.,-1.));
#5299=DIRECTION('ref_axis',(1.,0.,0.));
#5300=DIRECTION('center_axis',(0.,0.,-1.));
#5301=DIRECTION('ref_axis',(1.,0.,0.));
#5302=DIRECTION('',(-0.342020143325669,4.18853873767699E-17,-0.939692620785908));
#5303=DIRECTION('center_axis',(0.,0.,1.));
#5304=DIRECTION('ref_axis',(1.,0.,0.));
#5305=DIRECTION('center_axis',(0.,0.,1.));
#5306=DIRECTION('ref_axis',(1.,0.,0.));
#5307=DIRECTION('center_axis',(0.,0.,1.));
#5308=DIRECTION('ref_axis',(1.,0.,0.));
#5309=DIRECTION('',(0.939692620785908,1.15079156022785E-16,-0.342020143325669));
#5310=DIRECTION('center_axis',(-1.,0.,0.));
#5311=DIRECTION('ref_axis',(0.,-1.,0.));
#5312=DIRECTION('',(-1.,0.,0.));
#5313=DIRECTION('',(1.,0.,0.));
#5314=DIRECTION('center_axis',(0.,2.199769E-16,-1.));
#5315=DIRECTION('ref_axis',(0.,-1.,-2.199769E-16));
#5316=DIRECTION('center_axis',(0.,0.,-1.));
#5317=DIRECTION('ref_axis',(0.,-1.,0.));
#5318=DIRECTION('',(0.,2.199769E-16,-1.));
#5319=DIRECTION('center_axis',(0.,0.,-1.));
#5320=DIRECTION('ref_axis',(0.,-1.,0.));
#5321=DIRECTION('center_axis',(0.,0.,-1.));
#5322=DIRECTION('ref_axis',(0.,-1.,0.));
#5323=DIRECTION('center_axis',(0.,0.,-1.));
#5324=DIRECTION('ref_axis',(0.,-1.,0.));
#5325=DIRECTION('center_axis',(0.,0.,-1.));
#5326=DIRECTION('ref_axis',(-1.,0.,0.));
#5327=DIRECTION('center_axis',(0.,0.,-1.));
#5328=DIRECTION('ref_axis',(-1.,0.,0.));
#5329=DIRECTION('',(1.,0.,0.));
#5330=DIRECTION('center_axis',(0.,0.,-1.));
#5331=DIRECTION('ref_axis',(0.,-1.,0.));
#5332=DIRECTION('center_axis',(0.,0.,-1.));
#5333=DIRECTION('ref_axis',(0.707106781186547,0.707106781186548,0.));
#5334=DIRECTION('center_axis',(0.,0.,-1.));
#5335=DIRECTION('ref_axis',(0.707106781186547,-0.707106781186548,0.));
#5336=DIRECTION('center_axis',(0.,0.,-1.));
#5337=DIRECTION('ref_axis',(1.,0.,0.));
#5338=DIRECTION('center_axis',(0.,0.,-1.));
#5339=DIRECTION('ref_axis',(-1.,0.,0.));
#5340=DIRECTION('center_axis',(0.,0.,1.));
#5341=DIRECTION('ref_axis',(-1.,0.,0.));
#5342=DIRECTION('center_axis',(-1.,0.,0.));
#5343=DIRECTION('ref_axis',(0.,-1.,0.));
#5344=DIRECTION('',(-1.,0.,0.));
#5345=DIRECTION('center_axis',(0.,0.,1.));
#5346=DIRECTION('ref_axis',(0.,-1.,0.));
#5347=DIRECTION('center_axis',(0.,0.,1.));
#5348=DIRECTION('ref_axis',(0.,-1.,0.));
#5349=DIRECTION('',(0.,0.,1.));
#5350=DIRECTION('center_axis',(0.,0.,1.));
#5351=DIRECTION('ref_axis',(-0.707106781186548,-0.707106781186548,0.));
#5352=DIRECTION('center_axis',(0.,0.,1.));
#5353=DIRECTION('ref_axis',(-0.707106781186548,-0.707106781186548,0.));
#5354=DIRECTION('',(0.,0.,1.));
#5355=DIRECTION('center_axis',(0.,0.,-1.));
#5356=DIRECTION('ref_axis',(-0.707106781186548,-0.707106781186548,0.));
#5357=DIRECTION('center_axis',(0.,0.,1.));
#5358=DIRECTION('ref_axis',(-1.,0.,0.));
#5359=DIRECTION('center_axis',(0.,0.,1.));
#5360=DIRECTION('ref_axis',(-1.,0.,0.));
#5361=DIRECTION('',(0.,0.,1.));
#5362=DIRECTION('center_axis',(0.,0.,-1.));
#5363=DIRECTION('ref_axis',(-1.,0.,0.));
#5364=DIRECTION('center_axis',(0.,0.,1.));
#5365=DIRECTION('ref_axis',(-0.707106781186547,0.707106781186548,0.));
#5366=DIRECTION('center_axis',(0.,0.,1.));
#5367=DIRECTION('ref_axis',(-0.707106781186547,0.707106781186548,0.));
#5368=DIRECTION('',(0.,0.,1.));
#5369=DIRECTION('center_axis',(0.,0.,-1.));
#5370=DIRECTION('ref_axis',(-0.707106781186547,0.707106781186548,0.));
#5371=DIRECTION('center_axis',(0.,0.,1.));
#5372=DIRECTION('ref_axis',(0.,1.,0.));
#5373=DIRECTION('center_axis',(0.,0.,1.));
#5374=DIRECTION('ref_axis',(0.,1.,0.));
#5375=DIRECTION('',(0.,0.,1.));
#5376=DIRECTION('center_axis',(0.,0.,-1.));
#5377=DIRECTION('ref_axis',(0.,1.,0.));
#5378=DIRECTION('center_axis',(0.,0.,1.));
#5379=DIRECTION('ref_axis',(0.707106781186547,0.707106781186548,0.));
#5380=DIRECTION('center_axis',(0.,0.,1.));
#5381=DIRECTION('ref_axis',(0.707106781186547,0.707106781186548,0.));
#5382=DIRECTION('',(0.,0.,1.));
#5383=DIRECTION('center_axis',(0.,0.,1.));
#5384=DIRECTION('ref_axis',(0.707106781186547,-0.707106781186548,0.));
#5385=DIRECTION('center_axis',(0.,0.,1.));
#5386=DIRECTION('ref_axis',(0.707106781186547,-0.707106781186548,0.));
#5387=DIRECTION('',(0.,0.,1.));
#5388=DIRECTION('center_axis',(0.,0.,1.));
#5389=DIRECTION('ref_axis',(1.,0.,0.));
#5390=DIRECTION('center_axis',(0.,0.,1.));
#5391=DIRECTION('ref_axis',(1.,0.,0.));
#5392=DIRECTION('',(0.,0.,1.));
#5393=DIRECTION('center_axis',(0.,2.199769E-16,-1.));
#5394=DIRECTION('ref_axis',(0.,-1.,-2.199769E-16));
#5395=DIRECTION('',(-1.15079156022785E-16,-0.939692620785908,0.34202014332567));
#5396=DIRECTION('center_axis',(0.,0.,-1.));
#5397=DIRECTION('ref_axis',(0.,-1.,0.));
#5398=DIRECTION('center_axis',(0.,-2.199769E-16,1.));
#5399=DIRECTION('ref_axis',(0.,-1.,-2.199769E-16));
#5400=DIRECTION('center_axis',(0.,0.,-1.));
#5401=DIRECTION('ref_axis',(0.,-1.,0.));
#5402=DIRECTION('',(-4.18853873767713E-17,0.34202014332568,0.939692620785904));
#5403=DIRECTION('center_axis',(0.,0.,-1.));
#5404=DIRECTION('ref_axis',(-1.,0.,0.));
#5405=DIRECTION('center_axis',(0.,0.,-1.));
#5406=DIRECTION('ref_axis',(-1.,0.,0.));
#5407=DIRECTION('center_axis',(0.,0.,1.));
#5408=DIRECTION('ref_axis',(-1.,0.,0.));
#5409=DIRECTION('center_axis',(-1.22464679914735E-16,-1.,0.));
#5410=DIRECTION('ref_axis',(1.,-1.22464679914735E-16,0.));
#5411=DIRECTION('center_axis',(0.,0.,-1.));
#5412=DIRECTION('ref_axis',(-1.,0.,0.));
#5413=DIRECTION('center_axis',(0.,0.,1.));
#5414=DIRECTION('ref_axis',(-1.,0.,0.));
#5415=DIRECTION('',(0.,0.,-1.));
#5416=DIRECTION('center_axis',(0.,0.,1.));
#5417=DIRECTION('ref_axis',(-1.,0.,0.));
#5418=DIRECTION('center_axis',(0.,0.,-1.));
#5419=DIRECTION('ref_axis',(-1.,0.,0.));
#5420=DIRECTION('center_axis',(0.,0.,-1.));
#5421=DIRECTION('ref_axis',(-1.,0.,0.));
#5422=DIRECTION('center_axis',(0.,0.,-1.));
#5423=DIRECTION('ref_axis',(-1.,0.,0.));
#5424=DIRECTION('center_axis',(0.,0.,-1.));
#5425=DIRECTION('ref_axis',(-1.,0.,0.));
#5426=DIRECTION('axis',(0.,0.,1.));
#5427=DIRECTION('refdir',(1.,0.,0.));
#5428=DIRECTION('center_axis',(-1.,0.,0.));
#5429=DIRECTION('ref_axis',(0.,-1.,0.));
#5430=DIRECTION('',(-1.,0.,0.));
#5431=DIRECTION('',(1.,0.,0.));
#5432=DIRECTION('center_axis',(0.,1.36460643333562E-16,-1.));
#5433=DIRECTION('ref_axis',(0.,-1.,-1.36460643333562E-16));
#5434=DIRECTION('center_axis',(0.,0.,-1.));
#5435=DIRECTION('ref_axis',(0.,-1.,0.));
#5436=DIRECTION('',(0.,1.36460643333562E-16,-1.));
#5437=DIRECTION('center_axis',(0.,1.36460643333562E-16,-1.));
#5438=DIRECTION('ref_axis',(0.,-1.,-1.36460643333562E-16));
#5439=DIRECTION('center_axis',(0.,0.,-1.));
#5440=DIRECTION('ref_axis',(0.,-1.,0.));
#5441=DIRECTION('center_axis',(0.,0.,-1.));
#5442=DIRECTION('ref_axis',(0.,-1.,0.));
#5443=DIRECTION('center_axis',(0.,0.,-1.));
#5444=DIRECTION('ref_axis',(-1.,0.,0.));
#5445=DIRECTION('center_axis',(0.,0.,-1.));
#5446=DIRECTION('ref_axis',(-1.,0.,0.));
#5447=DIRECTION('',(1.,0.,0.));
#5448=DIRECTION('center_axis',(0.,0.,-1.));
#5449=DIRECTION('ref_axis',(-2.22044604925031E-16,-1.,0.));
#5450=DIRECTION('center_axis',(0.,0.,-1.));
#5451=DIRECTION('ref_axis',(0.707106781186547,0.707106781186548,0.));
#5452=DIRECTION('center_axis',(0.,0.,-1.));
#5453=DIRECTION('ref_axis',(0.707106781186547,-0.707106781186548,0.));
#5454=DIRECTION('center_axis',(0.,0.,-1.));
#5455=DIRECTION('ref_axis',(1.,0.,0.));
#5456=DIRECTION('center_axis',(0.,0.,-1.));
#5457=DIRECTION('ref_axis',(-1.,0.,0.));
#5458=DIRECTION('center_axis',(0.,0.,1.));
#5459=DIRECTION('ref_axis',(-1.,0.,0.));
#5460=DIRECTION('center_axis',(-1.,0.,0.));
#5461=DIRECTION('ref_axis',(0.,-1.,0.));
#5462=DIRECTION('',(-1.,0.,0.));
#5463=DIRECTION('center_axis',(0.,0.,1.));
#5464=DIRECTION('ref_axis',(-2.22044604925031E-16,-1.,0.));
#5465=DIRECTION('center_axis',(0.,0.,1.));
#5466=DIRECTION('ref_axis',(-2.22044604925031E-16,-1.,0.));
#5467=DIRECTION('',(0.,0.,1.));
#5468=DIRECTION('center_axis',(0.,0.,1.));
#5469=DIRECTION('ref_axis',(-0.707106781186548,-0.707106781186548,0.));
#5470=DIRECTION('center_axis',(0.,0.,1.));
#5471=DIRECTION('ref_axis',(-0.707106781186548,-0.707106781186548,0.));
#5472=DIRECTION('',(0.,0.,1.));
#5473=DIRECTION('center_axis',(0.,0.,-1.));
#5474=DIRECTION('ref_axis',(-0.707106781186548,-0.707106781186548,0.));
#5475=DIRECTION('center_axis',(0.,0.,1.));
#5476=DIRECTION('ref_axis',(-1.,1.22464679914735E-16,0.));
#5477=DIRECTION('center_axis',(0.,0.,1.));
#5478=DIRECTION('ref_axis',(-1.,1.22464679914735E-16,0.));
#5479=DIRECTION('',(0.,0.,1.));
#5480=DIRECTION('center_axis',(0.,0.,-1.));
#5481=DIRECTION('ref_axis',(-1.,1.22464679914735E-16,0.));
#5482=DIRECTION('center_axis',(0.,0.,1.));
#5483=DIRECTION('ref_axis',(-0.707106781186547,0.707106781186548,0.));
#5484=DIRECTION('center_axis',(0.,0.,1.));
#5485=DIRECTION('ref_axis',(-0.707106781186547,0.707106781186548,0.));
#5486=DIRECTION('',(0.,0.,1.));
#5487=DIRECTION('center_axis',(0.,0.,-1.));
#5488=DIRECTION('ref_axis',(-0.707106781186547,0.707106781186548,0.));
#5489=DIRECTION('center_axis',(0.,0.,1.));
#5490=DIRECTION('ref_axis',(-2.22044604925031E-16,1.,0.));
#5491=DIRECTION('center_axis',(0.,0.,1.));
#5492=DIRECTION('ref_axis',(-2.22044604925031E-16,1.,0.));
#5493=DIRECTION('',(0.,0.,1.));
#5494=DIRECTION('center_axis',(0.,0.,-1.));
#5495=DIRECTION('ref_axis',(-2.22044604925031E-16,1.,0.));
#5496=DIRECTION('center_axis',(0.,0.,1.));
#5497=DIRECTION('ref_axis',(0.707106781186547,0.707106781186548,0.));
#5498=DIRECTION('center_axis',(0.,0.,1.));
#5499=DIRECTION('ref_axis',(0.707106781186547,0.707106781186548,0.));
#5500=DIRECTION('',(0.,0.,1.));
#5501=DIRECTION('center_axis',(0.,0.,1.));
#5502=DIRECTION('ref_axis',(0.707106781186547,-0.707106781186548,0.));
#5503=DIRECTION('center_axis',(0.,0.,1.));
#5504=DIRECTION('ref_axis',(0.707106781186547,-0.707106781186548,0.));
#5505=DIRECTION('',(0.,0.,1.));
#5506=DIRECTION('center_axis',(0.,0.,1.));
#5507=DIRECTION('ref_axis',(1.,0.,0.));
#5508=DIRECTION('center_axis',(0.,0.,1.));
#5509=DIRECTION('ref_axis',(1.,0.,0.));
#5510=DIRECTION('',(0.,0.,1.));
#5511=DIRECTION('center_axis',(0.,1.36460643333562E-16,-1.));
#5512=DIRECTION('ref_axis',(0.,-1.,-1.36460643333562E-16));
#5513=DIRECTION('',(-1.15079156022785E-16,-0.939692620785908,0.342020143325669));
#5514=DIRECTION('center_axis',(0.,1.36460643333562E-16,-1.));
#5515=DIRECTION('ref_axis',(0.,-1.,-1.36460643333562E-16));
#5516=DIRECTION('center_axis',(0.,-1.36460643333562E-16,1.));
#5517=DIRECTION('ref_axis',(0.,-1.,-1.36460643333562E-16));
#5518=DIRECTION('center_axis',(0.,1.36460643333562E-16,-1.));
#5519=DIRECTION('ref_axis',(0.,-1.,-1.36460643333562E-16));
#5520=DIRECTION('',(-4.18853873767701E-17,0.34202014332567,0.939692620785908));
#5521=DIRECTION('center_axis',(0.,1.36460643333562E-16,-1.));
#5522=DIRECTION('ref_axis',(-1.,0.,0.));
#5523=DIRECTION('center_axis',(0.,0.,-1.));
#5524=DIRECTION('ref_axis',(-1.,0.,0.));
#5525=DIRECTION('center_axis',(0.,0.,1.));
#5526=DIRECTION('ref_axis',(-1.,0.,0.));
#5527=DIRECTION('center_axis',(-1.22464679914735E-16,-1.,0.));
#5528=DIRECTION('ref_axis',(1.,-1.22464679914735E-16,0.));
#5529=DIRECTION('center_axis',(0.,0.,-1.));
#5530=DIRECTION('ref_axis',(-1.,0.,0.));
#5531=DIRECTION('center_axis',(0.,0.,1.));
#5532=DIRECTION('ref_axis',(-1.,0.,0.));
#5533=DIRECTION('',(0.,0.,-1.));
#5534=DIRECTION('center_axis',(0.,0.,1.));
#5535=DIRECTION('ref_axis',(-1.,0.,0.));
#5536=DIRECTION('center_axis',(0.,0.,-1.));
#5537=DIRECTION('ref_axis',(-1.,0.,0.));
#5538=DIRECTION('center_axis',(0.,0.,-1.));
#5539=DIRECTION('ref_axis',(-1.,0.,0.));
#5540=DIRECTION('center_axis',(0.,0.,-1.));
#5541=DIRECTION('ref_axis',(-1.,0.,0.));
#5542=DIRECTION('center_axis',(0.,0.,-1.));
#5543=DIRECTION('ref_axis',(-1.,0.,0.));
#5544=DIRECTION('axis',(0.,0.,1.));
#5545=DIRECTION('refdir',(1.,0.,0.));
#5546=DIRECTION('center_axis',(0.,0.,-1.));
#5547=DIRECTION('ref_axis',(1.,-1.83670992315983E-40,0.));
#5548=DIRECTION('center_axis',(0.,0.,-1.));
#5549=DIRECTION('ref_axis',(1.,-1.83670992315983E-40,0.));
#5550=DIRECTION('',(0.,0.,-1.));
#5551=DIRECTION('center_axis',(-2.52435489670724E-29,4.81349354830706E-48,
-1.));
#5552=DIRECTION('ref_axis',(1.,-1.83670992315983E-40,-2.36658271566303E-29));
#5553=DIRECTION('center_axis',(2.52435489670724E-29,-4.81349354830706E-48,
1.));
#5554=DIRECTION('ref_axis',(1.,-1.83670992315983E-40,-2.52435489670724E-29));
#5555=DIRECTION('center_axis',(0.,0.,-1.));
#5556=DIRECTION('ref_axis',(1.,-1.83670992315983E-40,0.));
#5557=DIRECTION('center_axis',(0.,0.,-1.));
#5558=DIRECTION('ref_axis',(1.,-1.83670992315983E-40,0.));
#5559=DIRECTION('',(0.,0.,-1.));
#5560=DIRECTION('center_axis',(-2.52435489670724E-29,4.81349354830706E-48,
-1.));
#5561=DIRECTION('ref_axis',(1.,-1.83670992315983E-40,-3.15544362088405E-29));
#5562=DIRECTION('center_axis',(2.52435489670724E-29,-4.81349354830706E-48,
1.));
#5563=DIRECTION('ref_axis',(1.,-1.83670992315983E-40,-2.52435489670724E-29));
#5564=DIRECTION('center_axis',(0.,0.,-1.));
#5565=DIRECTION('ref_axis',(1.,-1.83670992315983E-40,0.));
#5566=DIRECTION('center_axis',(0.,0.,-1.));
#5567=DIRECTION('ref_axis',(1.,-1.83670992315983E-40,0.));
#5568=DIRECTION('',(0.,0.,-1.));
#5569=DIRECTION('center_axis',(-2.52435489670724E-29,4.81349354830706E-48,
-1.));
#5570=DIRECTION('ref_axis',(1.,-1.83670992315983E-40,-3.15544362088405E-29));
#5571=DIRECTION('center_axis',(2.52435489670724E-29,-4.81349354830706E-48,
1.));
#5572=DIRECTION('ref_axis',(1.,-1.83670992315983E-40,-2.52435489670724E-29));
#5573=DIRECTION('center_axis',(0.,0.,-1.));
#5574=DIRECTION('ref_axis',(1.,-1.83670992315983E-40,0.));
#5575=DIRECTION('center_axis',(0.,0.,-1.));
#5576=DIRECTION('ref_axis',(1.,-1.83670992315983E-40,0.));
#5577=DIRECTION('',(0.,0.,-1.));
#5578=DIRECTION('center_axis',(-2.52435489670724E-29,4.81349354830706E-48,
-1.));
#5579=DIRECTION('ref_axis',(1.,-1.83670992315983E-40,-2.36658271566304E-29));
#5580=DIRECTION('center_axis',(2.52435489670724E-29,-4.81349354830706E-48,
1.));
#5581=DIRECTION('ref_axis',(1.,-1.83670992315983E-40,-2.52435489670724E-29));
#5582=DIRECTION('center_axis',(0.,0.,-1.));
#5583=DIRECTION('ref_axis',(-1.,0.,0.));
#5584=DIRECTION('',(0.857167300702112,-1.04972719113862E-16,-0.515038074910054));
#5585=DIRECTION('center_axis',(0.,0.,-1.));
#5586=DIRECTION('ref_axis',(-1.,0.,0.));
#5587=DIRECTION('center_axis',(0.,0.,-1.));
#5588=DIRECTION('ref_axis',(-1.,0.,0.));
#5589=DIRECTION('center_axis',(0.,0.,-1.));
#5590=DIRECTION('ref_axis',(0.,-1.,0.));
#5591=DIRECTION('center_axis',(0.,0.,-1.));
#5592=DIRECTION('ref_axis',(1.,0.,0.));
#5593=DIRECTION('center_axis',(0.,-2.199769E-16,1.));
#5594=DIRECTION('ref_axis',(0.,-1.,-2.199769E-16));
#5595=DIRECTION('',(-4.18853873767713E-17,0.34202014332568,0.939692620785904));
#5596=DIRECTION('center_axis',(0.,0.,-1.));
#5597=DIRECTION('ref_axis',(0.,-1.,0.));
#5598=DIRECTION('center_axis',(0.,0.,1.));
#5599=DIRECTION('ref_axis',(1.,0.,0.));
#5600=DIRECTION('center_axis',(0.,0.,1.));
#5601=DIRECTION('ref_axis',(1.,0.,0.));
#5602=DIRECTION('',(0.,0.,1.));
#5603=DIRECTION('center_axis',(0.,2.199769E-16,-1.));
#5604=DIRECTION('ref_axis',(0.,-1.,-2.199769E-16));
#5605=DIRECTION('center_axis',(0.,0.,-1.));
#5606=DIRECTION('ref_axis',(0.,-1.,0.));
#5607=DIRECTION('',(-1.15079156022785E-16,-0.939692620785908,0.34202014332567));
#5608=DIRECTION('center_axis',(0.,0.,1.));
#5609=DIRECTION('ref_axis',(1.,0.,0.));
#5610=DIRECTION('center_axis',(0.,0.,-1.));
#5611=DIRECTION('ref_axis',(1.,0.,0.));
#5612=DIRECTION('center_axis',(0.,2.199769E-16,-1.));
#5613=DIRECTION('ref_axis',(0.,-1.,-2.199769E-16));
#5614=DIRECTION('center_axis',(0.,0.,-1.));
#5615=DIRECTION('ref_axis',(0.,-1.,0.));
#5616=DIRECTION('',(0.,2.199769E-16,-1.));
#5617=DIRECTION('center_axis',(0.,0.,-1.));
#5618=DIRECTION('ref_axis',(0.,-1.,0.));
#5619=DIRECTION('center_axis',(0.,0.,-1.));
#5620=DIRECTION('ref_axis',(0.,-1.,0.));
#5621=DIRECTION('center_axis',(0.,0.,-1.));
#5622=DIRECTION('ref_axis',(1.,0.,0.));
#5623=DIRECTION('',(-0.342020143325669,4.18853873767699E-17,-0.939692620785908));
#5624=DIRECTION('center_axis',(0.,0.,1.));
#5625=DIRECTION('ref_axis',(1.,0.,0.));
#5626=DIRECTION('center_axis',(0.,0.,-1.));
#5627=DIRECTION('ref_axis',(-1.,0.,0.));
#5628=DIRECTION('center_axis',(0.,0.,1.));
#5629=DIRECTION('ref_axis',(-1.,0.,0.));
#5630=DIRECTION('center_axis',(0.,0.,-1.));
#5631=DIRECTION('ref_axis',(-1.,0.,0.));
#5632=DIRECTION('center_axis',(-1.,0.,0.));
#5633=DIRECTION('ref_axis',(0.,-1.,0.));
#5634=DIRECTION('',(1.,0.,0.));
#5635=DIRECTION('',(-1.,0.,0.));
#5636=DIRECTION('center_axis',(0.,0.,-1.));
#5637=DIRECTION('ref_axis',(-1.,0.,0.));
#5638=DIRECTION('center_axis',(0.,0.,-1.));
#5639=DIRECTION('ref_axis',(-1.,0.,0.));
#5640=DIRECTION('center_axis',(0.,0.,1.));
#5641=DIRECTION('ref_axis',(-1.,0.,0.));
#5642=DIRECTION('center_axis',(-1.,0.,0.));
#5643=DIRECTION('ref_axis',(0.,-1.,0.));
#5644=DIRECTION('',(-1.,0.,0.));
#5645=DIRECTION('',(1.,0.,0.));
#5646=DIRECTION('center_axis',(0.,0.,-1.));
#5647=DIRECTION('ref_axis',(-1.,0.,0.));
#5648=DIRECTION('center_axis',(0.,0.,-1.));
#5649=DIRECTION('ref_axis',(-0.707106781186548,-0.707106781186548,0.));
#5650=DIRECTION('center_axis',(0.,0.,-1.));
#5651=DIRECTION('ref_axis',(-1.,0.,0.));
#5652=DIRECTION('center_axis',(0.,0.,-1.));
#5653=DIRECTION('ref_axis',(-0.707106781186547,0.707106781186548,0.));
#5654=DIRECTION('center_axis',(0.,0.,-1.));
#5655=DIRECTION('ref_axis',(0.,1.,0.));
#5656=DIRECTION('center_axis',(0.,0.,-1.));
#5657=DIRECTION('ref_axis',(-1.,0.,0.));
#5658=DIRECTION('center_axis',(0.,0.,-1.));
#5659=DIRECTION('ref_axis',(0.,-1.,0.));
#5660=DIRECTION('center_axis',(0.,0.,-1.));
#5661=DIRECTION('ref_axis',(0.707106781186547,0.707106781186548,0.));
#5662=DIRECTION('center_axis',(0.,0.,-1.));
#5663=DIRECTION('ref_axis',(0.707106781186547,-0.707106781186548,0.));
#5664=DIRECTION('center_axis',(0.,0.,-1.));
#5665=DIRECTION('ref_axis',(1.,0.,0.));
#5666=DIRECTION('center_axis',(0.,0.,-1.));
#5667=DIRECTION('ref_axis',(-0.5,-0.866025403784439,0.));
#5668=DIRECTION('',(0.428583650351056,0.742328657701364,-0.515038074910054));
#5669=DIRECTION('center_axis',(0.,0.,-1.));
#5670=DIRECTION('ref_axis',(-0.5,-0.866025403784439,0.));
#5671=DIRECTION('center_axis',(0.,0.,-1.));
#5672=DIRECTION('ref_axis',(0.5,-0.866025403784439,0.));
#5673=DIRECTION('',(-0.428583650351056,0.742328657701364,-0.515038074910054));
#5674=DIRECTION('center_axis',(0.,0.,-1.));
#5675=DIRECTION('ref_axis',(0.5,-0.866025403784439,0.));
#5676=DIRECTION('center_axis',(0.,0.,-1.));
#5677=DIRECTION('ref_axis',(1.,0.,0.));
#5678=DIRECTION('',(-0.857167300702112,1.04972719113862E-16,-0.515038074910054));
#5679=DIRECTION('center_axis',(0.,0.,-1.));
#5680=DIRECTION('ref_axis',(1.,0.,0.));
#5681=DIRECTION('center_axis',(0.,0.,-1.));
#5682=DIRECTION('ref_axis',(0.5,0.866025403784438,0.));
#5683=DIRECTION('',(-0.428583650351057,-0.742328657701364,-0.515038074910054));
#5684=DIRECTION('center_axis',(0.,0.,-1.));
#5685=DIRECTION('ref_axis',(0.5,0.866025403784438,0.));
#5686=DIRECTION('center_axis',(0.,0.,-1.));
#5687=DIRECTION('ref_axis',(-0.499999999999999,0.866025403784439,0.));
#5688=DIRECTION('',(0.428583650351055,-0.742328657701365,-0.515038074910054));
#5689=DIRECTION('center_axis',(0.,0.,-1.));
#5690=DIRECTION('ref_axis',(-0.499999999999999,0.866025403784439,0.));
#5691=DIRECTION('center_axis',(0.,0.,1.));
#5692=DIRECTION('ref_axis',(1.,0.,0.));
#5693=DIRECTION('center_axis',(0.,0.,-1.));
#5694=DIRECTION('ref_axis',(1.,0.,0.));
#5695=DIRECTION('',(0.939692620785908,1.15079156022785E-16,-0.342020143325669));
#5696=DIRECTION('center_axis',(0.,0.,1.));
#5697=DIRECTION('ref_axis',(-1.,0.,0.));
#5698=DIRECTION('',(0.,0.,-1.));
#5699=DIRECTION('center_axis',(0.,0.,-1.));
#5700=DIRECTION('ref_axis',(-1.,0.,0.));
#5701=DIRECTION('center_axis',(0.,0.,1.));
#5702=DIRECTION('ref_axis',(1.,0.,0.));
#5703=DIRECTION('center_axis',(0.,0.,1.));
#5704=DIRECTION('ref_axis',(1.,0.,0.));
#5705=DIRECTION('',(0.,0.,1.));
#5706=DIRECTION('center_axis',(0.,0.,1.));
#5707=DIRECTION('ref_axis',(0.707106781186547,-0.707106781186548,0.));
#5708=DIRECTION('center_axis',(0.,0.,1.));
#5709=DIRECTION('ref_axis',(0.707106781186547,-0.707106781186548,0.));
#5710=DIRECTION('',(0.,0.,1.));
#5711=DIRECTION('center_axis',(0.,0.,1.));
#5712=DIRECTION('ref_axis',(0.707106781186547,0.707106781186548,0.));
#5713=DIRECTION('center_axis',(0.,0.,1.));
#5714=DIRECTION('ref_axis',(0.707106781186547,0.707106781186548,0.));
#5715=DIRECTION('',(0.,0.,1.));
#5716=DIRECTION('center_axis',(0.,0.,1.));
#5717=DIRECTION('ref_axis',(0.,1.,0.));
#5718=DIRECTION('center_axis',(0.,0.,1.));
#5719=DIRECTION('ref_axis',(0.,1.,0.));
#5720=DIRECTION('',(0.,0.,1.));
#5721=DIRECTION('center_axis',(0.,0.,1.));
#5722=DIRECTION('ref_axis',(-0.707106781186547,0.707106781186548,0.));
#5723=DIRECTION('center_axis',(0.,0.,1.));
#5724=DIRECTION('ref_axis',(-0.707106781186547,0.707106781186548,0.));
#5725=DIRECTION('',(0.,0.,1.));
#5726=DIRECTION('center_axis',(0.,0.,1.));
#5727=DIRECTION('ref_axis',(-1.,0.,0.));
#5728=DIRECTION('center_axis',(0.,0.,1.));
#5729=DIRECTION('ref_axis',(-1.,0.,0.));
#5730=DIRECTION('',(0.,0.,1.));
#5731=DIRECTION('center_axis',(0.,0.,1.));
#5732=DIRECTION('ref_axis',(-0.707106781186548,-0.707106781186548,0.));
#5733=DIRECTION('center_axis',(0.,0.,1.));
#5734=DIRECTION('ref_axis',(-0.707106781186548,-0.707106781186548,0.));
#5735=DIRECTION('',(0.,0.,1.));
#5736=DIRECTION('center_axis',(0.,0.,1.));
#5737=DIRECTION('ref_axis',(0.,-1.,0.));
#5738=DIRECTION('center_axis',(0.,0.,1.));
#5739=DIRECTION('ref_axis',(0.,-1.,0.));
#5740=DIRECTION('',(0.,0.,1.));
#5741=DIRECTION('center_axis',(0.,0.,-1.));
#5742=DIRECTION('ref_axis',(-0.5,-0.866025403784439,0.));
#5743=DIRECTION('',(0.,0.,-1.));
#5744=DIRECTION('center_axis',(0.,0.,1.));
#5745=DIRECTION('ref_axis',(-0.5,-0.866025403784439,0.));
#5746=DIRECTION('center_axis',(0.,0.,-1.));
#5747=DIRECTION('ref_axis',(0.5,-0.866025403784439,0.));
#5748=DIRECTION('',(0.,0.,-1.));
#5749=DIRECTION('center_axis',(0.,0.,1.));
#5750=DIRECTION('ref_axis',(0.5,-0.866025403784439,0.));
#5751=DIRECTION('center_axis',(0.,0.,-1.));
#5752=DIRECTION('ref_axis',(1.,0.,0.));
#5753=DIRECTION('',(0.,0.,-1.));
#5754=DIRECTION('center_axis',(0.,0.,1.));
#5755=DIRECTION('ref_axis',(1.,0.,0.));
#5756=DIRECTION('center_axis',(0.,0.,-1.));
#5757=DIRECTION('ref_axis',(0.5,0.866025403784438,0.));
#5758=DIRECTION('',(0.,0.,-1.));
#5759=DIRECTION('center_axis',(0.,0.,1.));
#5760=DIRECTION('ref_axis',(0.5,0.866025403784438,0.));
#5761=DIRECTION('center_axis',(0.,0.,-1.));
#5762=DIRECTION('ref_axis',(-0.499999999999999,0.866025403784439,0.));
#5763=DIRECTION('',(0.,0.,-1.));
#5764=DIRECTION('center_axis',(0.,0.,1.));
#5765=DIRECTION('ref_axis',(-0.499999999999999,0.866025403784439,0.));
#5766=DIRECTION('center_axis',(0.,-1.,-1.03874242540769E-11));
#5767=DIRECTION('ref_axis',(0.,-1.038752E-11,1.));
#5768=DIRECTION('center_axis',(0.,0.,-1.));
#5769=DIRECTION('ref_axis',(0.,-1.,0.));
#5770=DIRECTION('center_axis',(1.,0.,0.));
#5771=DIRECTION('ref_axis',(0.,0.733212111192935,0.68));
#5772=DIRECTION('center_axis',(0.,-1.,-1.03920427818593E-11));
#5773=DIRECTION('ref_axis',(0.,-1.03921E-11,1.));
#5774=DIRECTION('center_axis',(0.,0.,-1.));
#5775=DIRECTION('ref_axis',(0.,-1.,0.));
#5776=DIRECTION('center_axis',(-1.,0.,0.));
#5777=DIRECTION('ref_axis',(0.,0.733212111192935,0.68));
#5778=DIRECTION('center_axis',(1.,1.946491E-16,0.));
#5779=DIRECTION('ref_axis',(-1.42719077552805E-16,0.733212111192935,0.68));
#5780=DIRECTION('',(1.,0.,0.));
#5781=DIRECTION('',(-1.,0.,0.));
#5782=DIRECTION('center_axis',(0.,0.,1.));
#5783=DIRECTION('ref_axis',(1.,0.,0.));
#5784=DIRECTION('center_axis',(0.,0.,1.));
#5785=DIRECTION('ref_axis',(1.,0.,0.));
#5786=DIRECTION('center_axis',(0.,0.,1.));
#5787=DIRECTION('ref_axis',(1.,0.,0.));
#5788=DIRECTION('',(0.,0.,1.));
#5789=DIRECTION('center_axis',(1.,1.946491E-16,0.));
#5790=DIRECTION('ref_axis',(-1.42719077552805E-16,0.733212111192935,0.68));
#5791=DIRECTION('',(-1.,0.,0.));
#5792=DIRECTION('',(1.,0.,0.));
#5793=DIRECTION('center_axis',(0.,0.,-1.));
#5794=DIRECTION('ref_axis',(-1.,0.,0.));
#5795=DIRECTION('center_axis',(0.,0.,1.));
#5796=DIRECTION('ref_axis',(-1.,0.,0.));
#5797=DIRECTION('center_axis',(-1.22464679914735E-16,-1.,0.));
#5798=DIRECTION('ref_axis',(1.,-1.22464679914735E-16,0.));
#5799=DIRECTION('center_axis',(0.,0.,-1.));
#5800=DIRECTION('ref_axis',(-1.,0.,0.));
#5801=DIRECTION('center_axis',(0.,0.,1.));
#5802=DIRECTION('ref_axis',(-1.,0.,0.));
#5803=DIRECTION('center_axis',(0.,0.,-1.));
#5804=DIRECTION('ref_axis',(-1.,0.,0.));
#5805=DIRECTION('',(0.,0.,-1.));
#5806=DIRECTION('axis',(0.,0.,1.));
#5807=DIRECTION('refdir',(1.,0.,0.));
#5808=DIRECTION('axis',(0.,0.,1.));
#5809=DIRECTION('refdir',(1.,0.,0.));
#5810=DIRECTION('center_axis',(6.21724893790086E-14,0.,1.));
#5811=DIRECTION('ref_axis',(-1.,0.,6.21724893790086E-14));
#5812=DIRECTION('center_axis',(-6.23251450448947E-14,1.14473212366333E-53,
-1.));
#5813=DIRECTION('ref_axis',(-1.,0.,6.21724893790086E-14));
#5814=DIRECTION('',(6.21724893790086E-14,0.,1.));
#5815=DIRECTION('center_axis',(6.23251450448947E-14,-1.14473212366333E-53,
1.));
#5816=DIRECTION('ref_axis',(-1.,0.,6.21724893790086E-14));
#5817=DIRECTION('center_axis',(-6.23251450448947E-14,1.14473212366333E-53,
-1.));
#5818=DIRECTION('ref_axis',(-1.,0.,6.23251450448947E-14));
#5819=DIRECTION('center_axis',(-6.23251450448947E-14,1.14473212366333E-53,
-1.));
#5820=DIRECTION('ref_axis',(-1.,0.,6.23251450448947E-14));
#5821=DIRECTION('center_axis',(6.2172489379009E-14,0.,1.));
#5822=DIRECTION('ref_axis',(-1.,0.,6.2172489379009E-14));
#5823=DIRECTION('center_axis',(6.23251450448947E-14,-1.14473212366333E-53,
1.));
#5824=DIRECTION('ref_axis',(-1.,0.,6.2172489379009E-14));
#5825=DIRECTION('',(-6.2172489379009E-14,0.,-1.));
#5826=DIRECTION('center_axis',(6.23251450448947E-14,-1.14473212366333E-53,
1.));
#5827=DIRECTION('ref_axis',(-1.,0.,6.23251450448947E-14));
#5828=DIRECTION('center_axis',(6.21724893790086E-14,0.,1.));
#5829=DIRECTION('ref_axis',(-1.,0.,6.21724893790086E-14));
#5830=DIRECTION('center_axis',(-6.23251450448947E-14,1.14473212366333E-53,
-1.));
#5831=DIRECTION('ref_axis',(-1.,0.,6.21724893790086E-14));
#5832=DIRECTION('',(6.21724893790086E-14,0.,1.));
#5833=DIRECTION('center_axis',(6.23251450448947E-14,-1.14473212366333E-53,
1.));
#5834=DIRECTION('ref_axis',(-1.,0.,6.21724893790086E-14));
#5835=DIRECTION('center_axis',(-6.23251450448947E-14,1.14473212366333E-53,
-1.));
#5836=DIRECTION('ref_axis',(1.,1.44485507089381E-82,-6.23251450448947E-14));
#5837=DIRECTION('center_axis',(-6.23251450448947E-14,1.14473212366333E-53,
-1.));
#5838=DIRECTION('ref_axis',(1.,1.44485507089381E-82,-6.23251450448947E-14));
#5839=DIRECTION('',(0.,0.,1.));
#5840=DIRECTION('',(1.,0.,0.));
#5841=DIRECTION('axis',(0.,0.,1.));
#5842=DIRECTION('refdir',(1.,0.,0.));
#5843=DIRECTION('axis',(0.,0.,1.));
#5844=DIRECTION('refdir',(1.,0.,0.));
#5845=DIRECTION('center_axis',(-1.,0.,0.));
#5846=DIRECTION('ref_axis',(0.,0.,1.));
#5847=DIRECTION('center_axis',(-1.,0.,0.));
#5848=DIRECTION('ref_axis',(0.,0.,1.));
#5849=DIRECTION('',(1.,0.,0.));
#5850=DIRECTION('center_axis',(-1.,0.,0.));
#5851=DIRECTION('ref_axis',(0.,0.,1.));
#5852=DIRECTION('center_axis',(-1.,0.,0.));
#5853=DIRECTION('ref_axis',(0.,0.,1.));
#5854=DIRECTION('center_axis',(1.,0.,0.));
#5855=DIRECTION('ref_axis',(0.,0.,1.));
#5856=DIRECTION('center_axis',(-1.,0.,0.));
#5857=DIRECTION('ref_axis',(0.,0.,1.));
#5858=DIRECTION('center_axis',(1.,0.,0.));
#5859=DIRECTION('ref_axis',(0.,0.,1.));
#5860=DIRECTION('center_axis',(-1.,0.,0.));
#5861=DIRECTION('ref_axis',(0.,0.,1.));
#5862=DIRECTION('',(1.,0.,0.));
#5863=DIRECTION('center_axis',(-1.,0.,0.));
#5864=DIRECTION('ref_axis',(0.,0.,1.));
#5865=DIRECTION('axis',(0.,0.,1.));
#5866=DIRECTION('refdir',(1.,0.,0.));
#5867=DIRECTION('center_axis',(-1.,0.,0.));
#5868=DIRECTION('ref_axis',(0.,0.,1.));
#5869=DIRECTION('',(1.,0.,0.));
#5870=DIRECTION('center_axis',(1.,0.,0.));
#5871=DIRECTION('ref_axis',(0.,0.,1.));
#5872=DIRECTION('center_axis',(-1.,0.,0.));
#5873=DIRECTION('ref_axis',(0.,0.,1.));
#5874=DIRECTION('',(1.,0.,0.));
#5875=DIRECTION('center_axis',(-1.,0.,0.));
#5876=DIRECTION('ref_axis',(0.,0.,1.));
#5877=DIRECTION('',(1.,0.,0.));
#5878=DIRECTION('center_axis',(-1.,0.,0.));
#5879=DIRECTION('ref_axis',(0.,0.,1.));
#5880=DIRECTION('',(1.,0.,0.));
#5881=DIRECTION('center_axis',(-1.,0.,0.));
#5882=DIRECTION('ref_axis',(0.,0.,1.));
#5883=DIRECTION('',(1.,0.,0.));
#5884=DIRECTION('center_axis',(-1.,0.,0.));
#5885=DIRECTION('ref_axis',(0.,0.,1.));
#5886=DIRECTION('',(1.,0.,0.));
#5887=DIRECTION('center_axis',(-1.,0.,0.));
#5888=DIRECTION('ref_axis',(0.,0.,1.));
#5889=DIRECTION('',(1.,0.,0.));
#5890=DIRECTION('center_axis',(-1.,0.,0.));
#5891=DIRECTION('ref_axis',(0.,-0.745636113977196,-0.666353348857036));
#5892=DIRECTION('',(-1.,0.,0.));
#5893=DIRECTION('center_axis',(-1.,0.,0.));
#5894=DIRECTION('ref_axis',(0.,2.05542595752096E-14,1.));
#5895=DIRECTION('center_axis',(-1.,0.,0.));
#5896=DIRECTION('ref_axis',(0.,2.05542595752096E-14,1.));
#5897=DIRECTION('',(-1.,0.,0.));
#5898=DIRECTION('center_axis',(-1.,0.,0.));
#5899=DIRECTION('ref_axis',(0.,2.05542595752096E-14,1.));
#5900=DIRECTION('',(-1.,0.,0.));
#5901=DIRECTION('center_axis',(-1.,0.,0.));
#5902=DIRECTION('ref_axis',(0.,2.05542595752096E-14,1.));
#5903=DIRECTION('',(-1.,0.,0.));
#5904=DIRECTION('center_axis',(-1.,0.,0.));
#5905=DIRECTION('ref_axis',(0.,2.05542595752096E-14,1.));
#5906=DIRECTION('',(-1.,0.,0.));
#5907=DIRECTION('center_axis',(-1.,0.,0.));
#5908=DIRECTION('ref_axis',(0.,2.05542595752096E-14,1.));
#5909=DIRECTION('',(-1.,0.,0.));
#5910=DIRECTION('center_axis',(-1.,0.,0.));
#5911=DIRECTION('ref_axis',(0.,2.05542595752096E-14,1.));
#5912=DIRECTION('',(-1.,0.,0.));
#5913=DIRECTION('center_axis',(-1.,0.,0.));
#5914=DIRECTION('ref_axis',(0.,2.05542595752096E-14,1.));
#5915=DIRECTION('',(-1.,0.,0.));
#5916=DIRECTION('center_axis',(1.,0.,0.));
#5917=DIRECTION('ref_axis',(0.,2.05542595752096E-14,1.));
#5918=DIRECTION('center_axis',(1.,0.,0.));
#5919=DIRECTION('ref_axis',(0.,0.,-1.));
#5920=DIRECTION('',(-1.,0.,0.));
#5921=DIRECTION('center_axis',(-1.,0.,0.));
#5922=DIRECTION('ref_axis',(0.,0.,-1.));
#5923=DIRECTION('',(-1.,0.,0.));
#5924=DIRECTION('center_axis',(-1.,0.,0.));
#5925=DIRECTION('ref_axis',(0.,0.,-1.));
#5926=DIRECTION('center_axis',(-1.,0.,0.));
#5927=DIRECTION('ref_axis',(0.,0.,-1.));
#5928=DIRECTION('center_axis',(1.,0.,0.));
#5929=DIRECTION('ref_axis',(0.,0.,-1.));
#5930=DIRECTION('',(-1.,0.,0.));
#5931=DIRECTION('center_axis',(1.,0.,0.));
#5932=DIRECTION('ref_axis',(0.,0.,-1.));
#5933=DIRECTION('',(-1.,0.,0.));
#5934=DIRECTION('center_axis',(1.,0.,0.));
#5935=DIRECTION('ref_axis',(0.,0.,-1.));
#5936=DIRECTION('',(-1.,0.,0.));
#5937=DIRECTION('center_axis',(1.,0.,0.));
#5938=DIRECTION('ref_axis',(0.,0.,-1.));
#5939=DIRECTION('',(-1.,0.,0.));
#5940=DIRECTION('center_axis',(1.,0.,0.));
#5941=DIRECTION('ref_axis',(0.,0.,-1.));
#5942=DIRECTION('',(-1.,0.,0.));
#5943=DIRECTION('center_axis',(1.,0.,0.));
#5944=DIRECTION('ref_axis',(0.,0.,-1.));
#5945=DIRECTION('',(-1.,0.,0.));
#5946=DIRECTION('center_axis',(1.,0.,0.));
#5947=DIRECTION('ref_axis',(0.,0.,-1.));
#5948=DIRECTION('',(-1.,0.,0.));
#5949=DIRECTION('center_axis',(1.,0.,0.));
#5950=DIRECTION('ref_axis',(0.,-0.902324810296701,0.431056767401955));
#5951=DIRECTION('',(1.,0.,0.));
#5952=DIRECTION('center_axis',(1.,0.,0.));
#5953=DIRECTION('ref_axis',(0.,8.73725431701783E-14,-1.));
#5954=DIRECTION('center_axis',(1.,0.,0.));
#5955=DIRECTION('ref_axis',(0.,8.73725431701783E-14,-1.));
#5956=DIRECTION('',(1.,0.,0.));
#5957=DIRECTION('center_axis',(1.,0.,0.));
#5958=DIRECTION('ref_axis',(0.,8.73725431701783E-14,-1.));
#5959=DIRECTION('',(1.,0.,0.));
#5960=DIRECTION('center_axis',(1.,0.,0.));
#5961=DIRECTION('ref_axis',(0.,8.73725431701783E-14,-1.));
#5962=DIRECTION('',(1.,0.,0.));
#5963=DIRECTION('center_axis',(1.,0.,0.));
#5964=DIRECTION('ref_axis',(0.,8.73725431701783E-14,-1.));
#5965=DIRECTION('',(1.,0.,0.));
#5966=DIRECTION('center_axis',(1.,0.,0.));
#5967=DIRECTION('ref_axis',(0.,8.73725431701783E-14,-1.));
#5968=DIRECTION('',(1.,0.,0.));
#5969=DIRECTION('center_axis',(1.,0.,0.));
#5970=DIRECTION('ref_axis',(0.,8.73725431701783E-14,-1.));
#5971=DIRECTION('',(1.,0.,0.));
#5972=DIRECTION('center_axis',(1.,0.,0.));
#5973=DIRECTION('ref_axis',(0.,8.73725431701783E-14,-1.));
#5974=DIRECTION('',(1.,0.,0.));
#5975=DIRECTION('center_axis',(1.,0.,0.));
#5976=DIRECTION('ref_axis',(0.,8.73725431701783E-14,-1.));
#5977=DIRECTION('',(1.,0.,0.));
#5978=DIRECTION('center_axis',(1.,0.,0.));
#5979=DIRECTION('ref_axis',(0.,0.,1.));
#5980=DIRECTION('center_axis',(1.,0.,0.));
#5981=DIRECTION('ref_axis',(0.,0.,1.));
#5982=DIRECTION('',(1.,0.,0.));
#5983=DIRECTION('center_axis',(1.,0.,0.));
#5984=DIRECTION('ref_axis',(0.,0.,1.));
#5985=DIRECTION('center_axis',(-1.,0.,0.));
#5986=DIRECTION('ref_axis',(0.,0.,1.));
#5987=DIRECTION('center_axis',(-1.,0.,0.));
#5988=DIRECTION('ref_axis',(0.,0.,-1.));
#5989=DIRECTION('center_axis',(-1.,0.,0.));
#5990=DIRECTION('ref_axis',(0.,0.,-1.));
#5991=DIRECTION('center_axis',(-1.,0.,0.));
#5992=DIRECTION('ref_axis',(0.,0.,-1.));
#5993=DIRECTION('',(-1.,0.,0.));
#5994=DIRECTION('center_axis',(1.,0.,0.));
#5995=DIRECTION('ref_axis',(0.,0.,-1.));
#5996=DIRECTION('center_axis',(-1.,0.,0.));
#5997=DIRECTION('ref_axis',(0.,8.73725431701783E-14,-1.));
#5998=DIRECTION('center_axis',(1.,0.,0.));
#5999=DIRECTION('ref_axis',(0.,0.941699345038404,0.336455559553178));
#6000=DIRECTION('center_axis',(1.,0.,0.));
#6001=DIRECTION('ref_axis',(0.,0.,-1.));
#6002=DIRECTION('center_axis',(-1.,0.,0.));
#6003=DIRECTION('ref_axis',(0.,0.,-1.));
#6004=DIRECTION('center_axis',(-1.,0.,0.));
#6005=DIRECTION('ref_axis',(0.,2.05542595752096E-14,1.));
#6006=DIRECTION('center_axis',(1.,0.,0.));
#6007=DIRECTION('ref_axis',(0.,2.05542595752096E-14,1.));
#6008=DIRECTION('center_axis',(-1.,0.,0.));
#6009=DIRECTION('ref_axis',(0.,-0.787157960649723,0.61675144506176));
#6010=DIRECTION('center_axis',(1.,0.,0.));
#6011=DIRECTION('ref_axis',(0.,0.,1.));
#6012=DIRECTION('center_axis',(0.,0.,1.));
#6013=DIRECTION('ref_axis',(1.,0.,0.));
#6014=DIRECTION('center_axis',(0.,0.,1.));
#6015=DIRECTION('ref_axis',(1.,0.,0.));
#6016=DIRECTION('',(0.,0.,-1.));
#6017=DIRECTION('center_axis',(0.,0.,1.));
#6018=DIRECTION('ref_axis',(1.,0.,0.));
#6019=DIRECTION('center_axis',(1.,0.,0.));
#6020=DIRECTION('ref_axis',(0.,0.,-1.));
#6021=DIRECTION('center_axis',(1.,0.,0.));
#6022=DIRECTION('ref_axis',(0.,0.,-1.));
#6023=DIRECTION('center_axis',(-1.,0.,0.));
#6024=DIRECTION('ref_axis',(0.,0.,-1.));
#6025=DIRECTION('center_axis',(-1.,0.,0.));
#6026=DIRECTION('ref_axis',(0.,0.,1.));
#6027=DIRECTION('center_axis',(-1.,0.,0.));
#6028=DIRECTION('ref_axis',(0.,0.,1.));
#6029=DIRECTION('',(0.,6.10464344883671E-16,-1.));
#6030=DIRECTION('',(0.,-0.866025403784439,-0.5));
#6031=DIRECTION('',(0.,-0.866025403784439,0.5));
#6032=DIRECTION('',(0.,-4.57848258662753E-16,1.));
#6033=DIRECTION('',(0.,0.866025403784438,0.500000000000001));
#6034=DIRECTION('',(0.,0.866025403784439,-0.499999999999999));
#6035=DIRECTION('center_axis',(0.,0.5,0.866025403784439));
#6036=DIRECTION('ref_axis',(0.,0.866025403784439,-0.5));
#6037=DIRECTION('',(-1.,0.,0.));
#6038=DIRECTION('',(0.,0.866025403784439,-0.5));
#6039=DIRECTION('',(-1.,0.,0.));
#6040=DIRECTION('center_axis',(0.,-0.5,0.866025403784439));
#6041=DIRECTION('ref_axis',(0.,0.866025403784439,0.5));
#6042=DIRECTION('',(-1.,0.,0.));
#6043=DIRECTION('',(0.,0.866025403784439,0.5));
#6044=DIRECTION('center_axis',(0.,-1.,-6.10464344883671E-16));
#6045=DIRECTION('ref_axis',(0.,-6.10464344883671E-16,1.));
#6046=DIRECTION('',(-1.,0.,0.));
#6047=DIRECTION('',(0.,-6.10464344883671E-16,1.));
#6048=DIRECTION('center_axis',(-1.,0.,0.));
#6049=DIRECTION('ref_axis',(0.,0.,1.));
#6050=DIRECTION('',(0.,-0.866025403784439,0.499999999999999));
#6051=DIRECTION('',(0.,-0.866025403784438,-0.500000000000001));
#6052=DIRECTION('',(0.,4.57848258662753E-16,-1.));
#6053=DIRECTION('center_axis',(1.,0.,0.));
#6054=DIRECTION('ref_axis',(0.,0.,-1.));
#6055=DIRECTION('center_axis',(0.,-0.499999999999999,-0.866025403784439));
#6056=DIRECTION('ref_axis',(0.,-0.866025403784439,0.499999999999999));
#6057=DIRECTION('',(-1.,0.,0.));
#6058=DIRECTION('center_axis',(0.,0.500000000000001,-0.866025403784438));
#6059=DIRECTION('ref_axis',(0.,-0.866025403784438,-0.500000000000001));
#6060=DIRECTION('',(-1.,0.,0.));
#6061=DIRECTION('center_axis',(0.,1.,4.57848258662753E-16));
#6062=DIRECTION('ref_axis',(0.,4.57848258662753E-16,-1.));
#6063=DIRECTION('center_axis',(1.,0.,0.));
#6064=DIRECTION('ref_axis',(0.,0.,-1.));
#6065=DIRECTION('',(-1.,0.,0.));
#6066=DIRECTION('',(-1.,0.,0.));
#6067=DIRECTION('',(-1.09476442525376E-47,1.,3.60822483003176E-16));
#6068=DIRECTION('',(0.999999999999999,0.,0.));
#6069=DIRECTION('',(0.,1.,3.60822483003176E-16));
#6070=DIRECTION('',(1.,0.,0.));
#6071=DIRECTION('axis',(0.,0.,1.));
#6072=DIRECTION('refdir',(1.,0.,0.));
#6073=DIRECTION('center_axis',(-6.23251450448947E-14,4.8135049956283E-48,
-1.));
#6074=DIRECTION('ref_axis',(1.,-1.83670992315982E-40,-6.23251450448947E-14));
#6075=DIRECTION('center_axis',(-6.23251450448947E-14,4.8135049956283E-48,
-1.));
#6076=DIRECTION('ref_axis',(1.,-1.83670992315982E-40,-6.23231625037793E-14));
#6077=DIRECTION('center_axis',(-6.23251450448947E-14,4.8135049956283E-48,
-1.));
#6078=DIRECTION('ref_axis',(1.,-1.83670992315982E-40,-6.23251450448947E-14));
#6079=DIRECTION('center_axis',(6.23251450448947E-14,-4.8135049956283E-48,
1.));
#6080=DIRECTION('ref_axis',(1.,-1.83670992315982E-40,-6.23231625037793E-14));
#6081=DIRECTION('center_axis',(-6.23231625037793E-14,0.,-1.));
#6082=DIRECTION('ref_axis',(1.,-1.83670992315982E-40,-6.23231625037793E-14));
#6083=DIRECTION('',(6.23231625037793E-14,0.,1.));
#6084=DIRECTION('center_axis',(-6.23251450448947E-14,4.8135049956283E-48,
-1.));
#6085=DIRECTION('ref_axis',(1.,-1.83670992315982E-40,-6.23251450448947E-14));
#6086=DIRECTION('center_axis',(-6.23251450448947E-14,4.8135049956283E-48,
-1.));
#6087=DIRECTION('ref_axis',(1.,-1.83670992315982E-40,-6.22993720103945E-14));
#6088=DIRECTION('center_axis',(-6.23251450448947E-14,4.8135049956283E-48,
-1.));
#6089=DIRECTION('ref_axis',(1.,-1.83670992315982E-40,-6.23251450448947E-14));
#6090=DIRECTION('center_axis',(6.23251450448947E-14,-4.8135049956283E-48,
1.));
#6091=DIRECTION('ref_axis',(1.,-1.83670992315982E-40,-6.22993720103945E-14));
#6092=DIRECTION('center_axis',(-6.22993720103945E-14,0.,-1.));
#6093=DIRECTION('ref_axis',(1.,-1.83670992315982E-40,-6.22993720103945E-14));
#6094=DIRECTION('',(6.22993720103945E-14,0.,1.));
#6095=DIRECTION('center_axis',(-6.23251450448947E-14,4.8135049956283E-48,
-1.));
#6096=DIRECTION('ref_axis',(1.,-1.83670992315982E-40,-6.23251450448947E-14));
#6097=DIRECTION('center_axis',(-6.23251450448947E-14,4.8135049956283E-48,
-1.));
#6098=DIRECTION('ref_axis',(1.,-1.83670992315982E-40,-6.22993720103945E-14));
#6099=DIRECTION('center_axis',(-6.23251450448947E-14,4.8135049956283E-48,
-1.));
#6100=DIRECTION('ref_axis',(1.,-1.83670992315982E-40,-6.23251450448947E-14));
#6101=DIRECTION('center_axis',(6.23251450448947E-14,-4.8135049956283E-48,
1.));
#6102=DIRECTION('ref_axis',(1.,-1.83670992315982E-40,-6.22993720103945E-14));
#6103=DIRECTION('center_axis',(-6.22993720103945E-14,0.,-1.));
#6104=DIRECTION('ref_axis',(1.,-1.83670992315982E-40,-6.22993720103945E-14));
#6105=DIRECTION('',(6.22993720103945E-14,0.,1.));
#6106=DIRECTION('center_axis',(-6.23251450448947E-14,4.8135049956283E-48,
-1.));
#6107=DIRECTION('ref_axis',(1.,-1.83670992315982E-40,-6.23251450448947E-14));
#6108=DIRECTION('center_axis',(-6.23251450448947E-14,4.8135049956283E-48,
-1.));
#6109=DIRECTION('ref_axis',(1.,-1.83670992315982E-40,-6.23231625037793E-14));
#6110=DIRECTION('center_axis',(-6.23251450448947E-14,4.8135049956283E-48,
-1.));
#6111=DIRECTION('ref_axis',(1.,-1.83670992315982E-40,-6.23251450448947E-14));
#6112=DIRECTION('center_axis',(6.23251450448947E-14,-4.8135049956283E-48,
1.));
#6113=DIRECTION('ref_axis',(1.,-1.83670992315982E-40,-6.23231625037793E-14));
#6114=DIRECTION('center_axis',(-6.23231625037793E-14,0.,-1.));
#6115=DIRECTION('ref_axis',(1.,-1.83670992315982E-40,-6.23231625037793E-14));
#6116=DIRECTION('',(6.23231625037793E-14,0.,1.));
#6117=DIRECTION('axis',(0.,0.,1.));
#6118=DIRECTION('refdir',(1.,0.,0.));
#6119=DIRECTION('center_axis',(6.2172489379009E-14,0.,1.));
#6120=DIRECTION('ref_axis',(-1.,0.,6.2172489379009E-14));
#6121=DIRECTION('center_axis',(6.23251450448947E-14,-4.8135049956283E-48,
1.));
#6122=DIRECTION('ref_axis',(-1.,0.,6.2172489379009E-14));
#6123=DIRECTION('',(6.2172489379009E-14,0.,1.));
#6124=DIRECTION('center_axis',(-6.23251450448947E-14,4.8135049956283E-48,
-1.));
#6125=DIRECTION('ref_axis',(-1.,0.,6.2172489379009E-14));
#6126=DIRECTION('center_axis',(-6.23057161419638E-14,0.,-1.));
#6127=DIRECTION('ref_axis',(-1.,0.,6.23057161419638E-14));
#6128=DIRECTION('center_axis',(-6.23251450448947E-14,4.8135049956283E-48,
-1.));
#6129=DIRECTION('ref_axis',(-1.,0.,6.23057161419638E-14));
#6130=DIRECTION('',(-6.23057161419638E-14,0.,-1.));
#6131=DIRECTION('center_axis',(6.23251450448947E-14,-4.8135049956283E-48,
1.));
#6132=DIRECTION('ref_axis',(-1.,0.,6.23057161419638E-14));
#6133=DIRECTION('center_axis',(-6.23057161419638E-14,0.,-1.));
#6134=DIRECTION('ref_axis',(-1.,0.,6.23057161419638E-14));
#6135=DIRECTION('center_axis',(-6.23251450448947E-14,4.8135049956283E-48,
-1.));
#6136=DIRECTION('ref_axis',(-1.,0.,6.23057161419638E-14));
#6137=DIRECTION('',(-6.23057161419638E-14,0.,-1.));
#6138=DIRECTION('center_axis',(6.23251450448947E-14,-4.8135049956283E-48,
1.));
#6139=DIRECTION('ref_axis',(-1.,0.,6.23057161419638E-14));
#6140=DIRECTION('center_axis',(-6.23279206024563E-14,0.,-1.));
#6141=DIRECTION('ref_axis',(-1.,0.,6.23279206024563E-14));
#6142=DIRECTION('center_axis',(-6.23251450448947E-14,4.8135049956283E-48,
-1.));
#6143=DIRECTION('ref_axis',(-1.,0.,6.23279206024563E-14));
#6144=DIRECTION('',(-6.23279206024563E-14,0.,-1.));
#6145=DIRECTION('center_axis',(6.23251450448947E-14,-4.8135049956283E-48,
1.));
#6146=DIRECTION('ref_axis',(-1.,0.,6.23279206024563E-14));
#6147=DIRECTION('center_axis',(-6.23279206024563E-14,0.,-1.));
#6148=DIRECTION('ref_axis',(-1.,0.,6.23279206024563E-14));
#6149=DIRECTION('center_axis',(-6.23251450448947E-14,4.8135049956283E-48,
-1.));
#6150=DIRECTION('ref_axis',(-1.,0.,6.23279206024563E-14));
#6151=DIRECTION('',(-6.23279206024563E-14,0.,-1.));
#6152=DIRECTION('center_axis',(6.23251450448947E-14,-4.8135049956283E-48,
1.));
#6153=DIRECTION('ref_axis',(-1.,0.,6.23279206024563E-14));
#6154=DIRECTION('center_axis',(-6.23057161419638E-14,0.,-1.));
#6155=DIRECTION('ref_axis',(-1.,0.,6.23057161419638E-14));
#6156=DIRECTION('center_axis',(-6.23251450448947E-14,4.8135049956283E-48,
-1.));
#6157=DIRECTION('ref_axis',(-1.,0.,6.23057161419638E-14));
#6158=DIRECTION('',(-6.23057161419638E-14,0.,-1.));
#6159=DIRECTION('center_axis',(6.23251450448947E-14,-4.8135049956283E-48,
1.));
#6160=DIRECTION('ref_axis',(-1.,0.,6.23057161419638E-14));
#6161=DIRECTION('center_axis',(-6.23501250629488E-14,0.,-1.));
#6162=DIRECTION('ref_axis',(-1.,0.,6.23501250629488E-14));
#6163=DIRECTION('center_axis',(-6.23251450448947E-14,4.8135049956283E-48,
-1.));
#6164=DIRECTION('ref_axis',(-1.,0.,6.23501250629488E-14));
#6165=DIRECTION('',(-6.23501250629488E-14,0.,-1.));
#6166=DIRECTION('center_axis',(6.23251450448947E-14,-4.8135049956283E-48,
1.));
#6167=DIRECTION('ref_axis',(-1.,0.,6.23501250629488E-14));
#6168=DIRECTION('center_axis',(-6.23057161419638E-14,0.,-1.));
#6169=DIRECTION('ref_axis',(-1.,0.,6.23057161419638E-14));
#6170=DIRECTION('center_axis',(-6.23251450448947E-14,4.8135049956283E-48,
-1.));
#6171=DIRECTION('ref_axis',(-1.,0.,6.23057161419638E-14));
#6172=DIRECTION('',(-6.23057161419638E-14,0.,-1.));
#6173=DIRECTION('center_axis',(6.23251450448947E-14,-4.8135049956283E-48,
1.));
#6174=DIRECTION('ref_axis',(-1.,0.,6.23057161419638E-14));
#6175=DIRECTION('center_axis',(-6.23057161419638E-14,0.,-1.));
#6176=DIRECTION('ref_axis',(-1.,0.,6.23057161419638E-14));
#6177=DIRECTION('center_axis',(-6.23251450448947E-14,4.8135049956283E-48,
-1.));
#6178=DIRECTION('ref_axis',(-1.,0.,6.23057161419638E-14));
#6179=DIRECTION('',(-6.23057161419638E-14,0.,-1.));
#6180=DIRECTION('center_axis',(6.23251450448947E-14,-4.8135049956283E-48,
1.));
#6181=DIRECTION('ref_axis',(-1.,0.,6.23057161419638E-14));
#6182=DIRECTION('center_axis',(6.22993720103945E-14,0.,1.));
#6183=DIRECTION('ref_axis',(-1.,0.,6.22993720103945E-14));
#6184=DIRECTION('center_axis',(-6.23251450448947E-14,4.8135049956283E-48,
-1.));
#6185=DIRECTION('ref_axis',(-1.,0.,6.22993720103945E-14));
#6186=DIRECTION('',(6.22993720103945E-14,0.,1.));
#6187=DIRECTION('center_axis',(6.23251450448947E-14,-4.8135049956283E-48,
1.));
#6188=DIRECTION('ref_axis',(-1.,0.,6.22993720103945E-14));
#6189=DIRECTION('center_axis',(-6.23251450448947E-14,4.8135049956283E-48,
-1.));
#6190=DIRECTION('ref_axis',(1.,-1.83670992315982E-40,-6.23251450448947E-14));
#6191=DIRECTION('center_axis',(-6.23251450448947E-14,4.8135049956283E-48,
-1.));
#6192=DIRECTION('ref_axis',(1.,-1.83670992315982E-40,-6.23251450448947E-14));
#6193=DIRECTION('axis',(0.,0.,1.));
#6194=DIRECTION('refdir',(1.,0.,0.));
#6195=DIRECTION('center_axis',(6.2172489379009E-14,0.,1.));
#6196=DIRECTION('ref_axis',(-1.,0.,6.2172489379009E-14));
#6197=DIRECTION('center_axis',(-6.23251450448947E-14,1.14473212366333E-53,
-1.));
#6198=DIRECTION('ref_axis',(-1.,0.,6.2172489379009E-14));
#6199=DIRECTION('',(6.2172489379009E-14,0.,1.));
#6200=DIRECTION('center_axis',(6.23251450448947E-14,-1.14473212366333E-53,
1.));
#6201=DIRECTION('ref_axis',(-1.,0.,6.2172489379009E-14));
#6202=DIRECTION('center_axis',(-6.23251450448947E-14,1.14473212366333E-53,
-1.));
#6203=DIRECTION('ref_axis',(-1.,0.,6.23251450448947E-14));
#6204=DIRECTION('center_axis',(-6.23251450448947E-14,1.14473212366333E-53,
-1.));
#6205=DIRECTION('ref_axis',(-1.,0.,6.23251450448947E-14));
#6206=DIRECTION('axis',(0.,0.,1.));
#6207=DIRECTION('refdir',(1.,0.,0.));
#6208=DIRECTION('center_axis',(6.23134700805485E-14,0.,1.));
#6209=DIRECTION('ref_axis',(-1.,0.,6.23134700805485E-14));
#6210=DIRECTION('center_axis',(6.23251450448947E-14,-4.8135049956283E-48,
1.));
#6211=DIRECTION('ref_axis',(-1.,0.,6.23134700805485E-14));
#6212=DIRECTION('',(6.23134700805485E-14,0.,1.));
#6213=DIRECTION('center_axis',(-6.23251450448947E-14,4.8135049956283E-48,
-1.));
#6214=DIRECTION('ref_axis',(-1.,0.,6.23134700805485E-14));
#6215=DIRECTION('center_axis',(-6.23057161419638E-14,0.,-1.));
#6216=DIRECTION('ref_axis',(-1.,0.,6.23057161419638E-14));
#6217=DIRECTION('center_axis',(-6.23251450448947E-14,4.8135049956283E-48,
-1.));
#6218=DIRECTION('ref_axis',(-1.,0.,6.23057161419638E-14));
#6219=DIRECTION('',(-6.23057161419638E-14,0.,-1.));
#6220=DIRECTION('center_axis',(6.23251450448947E-14,-4.8135049956283E-48,
1.));
#6221=DIRECTION('ref_axis',(-1.,0.,6.23057161419638E-14));
#6222=DIRECTION('center_axis',(-6.23057161419638E-14,0.,-1.));
#6223=DIRECTION('ref_axis',(-1.,0.,6.23057161419638E-14));
#6224=DIRECTION('center_axis',(-6.23251450448947E-14,4.8135049956283E-48,
-1.));
#6225=DIRECTION('ref_axis',(-1.,0.,6.23057161419638E-14));
#6226=DIRECTION('',(-6.23057161419638E-14,0.,-1.));
#6227=DIRECTION('center_axis',(6.23251450448947E-14,-4.8135049956283E-48,
1.));
#6228=DIRECTION('ref_axis',(-1.,0.,6.23057161419638E-14));
#6229=DIRECTION('center_axis',(-6.23279206024563E-14,0.,-1.));
#6230=DIRECTION('ref_axis',(-1.,0.,6.23279206024563E-14));
#6231=DIRECTION('center_axis',(-6.23251450448947E-14,4.8135049956283E-48,
-1.));
#6232=DIRECTION('ref_axis',(-1.,0.,6.23279206024563E-14));
#6233=DIRECTION('',(-6.23279206024563E-14,0.,-1.));
#6234=DIRECTION('center_axis',(6.23251450448947E-14,-4.8135049956283E-48,
1.));
#6235=DIRECTION('ref_axis',(-1.,0.,6.23279206024563E-14));
#6236=DIRECTION('center_axis',(-6.23279206024563E-14,0.,-1.));
#6237=DIRECTION('ref_axis',(-1.,0.,6.23279206024563E-14));
#6238=DIRECTION('center_axis',(-6.23251450448947E-14,4.8135049956283E-48,
-1.));
#6239=DIRECTION('ref_axis',(-1.,0.,6.23279206024563E-14));
#6240=DIRECTION('',(-6.23279206024563E-14,0.,-1.));
#6241=DIRECTION('center_axis',(6.23251450448947E-14,-4.8135049956283E-48,
1.));
#6242=DIRECTION('ref_axis',(-1.,0.,6.23279206024563E-14));
#6243=DIRECTION('center_axis',(-6.23057161419638E-14,0.,-1.));
#6244=DIRECTION('ref_axis',(-1.,0.,6.23057161419638E-14));
#6245=DIRECTION('center_axis',(-6.23251450448947E-14,4.8135049956283E-48,
-1.));
#6246=DIRECTION('ref_axis',(-1.,0.,6.23057161419638E-14));
#6247=DIRECTION('',(-6.23057161419638E-14,0.,-1.));
#6248=DIRECTION('center_axis',(6.23251450448947E-14,-4.8135049956283E-48,
1.));
#6249=DIRECTION('ref_axis',(-1.,0.,6.23057161419638E-14));
#6250=DIRECTION('center_axis',(-6.23501250629488E-14,0.,-1.));
#6251=DIRECTION('ref_axis',(-1.,0.,6.23501250629488E-14));
#6252=DIRECTION('center_axis',(-6.23251450448947E-14,4.8135049956283E-48,
-1.));
#6253=DIRECTION('ref_axis',(-1.,0.,6.23501250629488E-14));
#6254=DIRECTION('',(-6.23501250629488E-14,0.,-1.));
#6255=DIRECTION('center_axis',(6.23251450448947E-14,-4.8135049956283E-48,
1.));
#6256=DIRECTION('ref_axis',(-1.,0.,6.23501250629488E-14));
#6257=DIRECTION('center_axis',(-6.23057161419638E-14,0.,-1.));
#6258=DIRECTION('ref_axis',(-1.,0.,6.23057161419638E-14));
#6259=DIRECTION('center_axis',(-6.23251450448947E-14,4.8135049956283E-48,
-1.));
#6260=DIRECTION('ref_axis',(-1.,0.,6.23057161419638E-14));
#6261=DIRECTION('',(-6.23057161419638E-14,0.,-1.));
#6262=DIRECTION('center_axis',(6.23251450448947E-14,-4.8135049956283E-48,
1.));
#6263=DIRECTION('ref_axis',(-1.,0.,6.23057161419638E-14));
#6264=DIRECTION('center_axis',(-6.23057161419638E-14,0.,-1.));
#6265=DIRECTION('ref_axis',(-1.,0.,6.23057161419638E-14));
#6266=DIRECTION('center_axis',(-6.23251450448947E-14,4.8135049956283E-48,
-1.));
#6267=DIRECTION('ref_axis',(-1.,0.,6.23057161419638E-14));
#6268=DIRECTION('',(-6.23057161419638E-14,0.,-1.));
#6269=DIRECTION('center_axis',(6.23251450448947E-14,-4.8135049956283E-48,
1.));
#6270=DIRECTION('ref_axis',(-1.,0.,6.23057161419638E-14));
#6271=DIRECTION('center_axis',(6.22993720103945E-14,0.,1.));
#6272=DIRECTION('ref_axis',(-1.,0.,6.22993720103945E-14));
#6273=DIRECTION('center_axis',(-6.23251450448947E-14,4.8135049956283E-48,
-1.));
#6274=DIRECTION('ref_axis',(-1.,0.,6.22993720103945E-14));
#6275=DIRECTION('',(6.22993720103945E-14,0.,1.));
#6276=DIRECTION('center_axis',(6.23251450448947E-14,-4.8135049956283E-48,
1.));
#6277=DIRECTION('ref_axis',(-1.,0.,6.22993720103945E-14));
#6278=DIRECTION('center_axis',(-6.23251450448947E-14,4.8135049956283E-48,
-1.));
#6279=DIRECTION('ref_axis',(1.,-1.83670992315982E-40,-6.23251450448947E-14));
#6280=DIRECTION('center_axis',(-6.23251450448947E-14,4.8135049956283E-48,
-1.));
#6281=DIRECTION('ref_axis',(1.,-1.83670992315982E-40,-6.23251450448947E-14));
#6282=DIRECTION('axis',(0.,0.,1.));
#6283=DIRECTION('refdir',(1.,0.,0.));
#6284=DIRECTION('center_axis',(6.2172489379009E-14,0.,1.));
#6285=DIRECTION('ref_axis',(-1.,0.,6.2172489379009E-14));
#6286=DIRECTION('center_axis',(6.23251450448947E-14,-4.8135049956283E-48,
1.));
#6287=DIRECTION('ref_axis',(-1.,0.,6.2172489379009E-14));
#6288=DIRECTION('',(6.2172489379009E-14,0.,1.));
#6289=DIRECTION('center_axis',(-6.23251450448947E-14,4.8135049956283E-48,
-1.));
#6290=DIRECTION('ref_axis',(-1.,0.,6.2172489379009E-14));
#6291=DIRECTION('center_axis',(-0.707106781186547,-0.707106781186548,4.4570366569088E-14));
#6292=DIRECTION('ref_axis',(-0.707106781186548,0.707106781186547,4.40705326996802E-14));
#6293=DIRECTION('',(0.707106781186548,-0.707106781186547,-4.40705326996802E-14));
#6294=DIRECTION('',(-6.30320168819446E-14,0.,-1.));
#6295=DIRECTION('',(-0.707106781186548,0.707106781186547,4.40705326996802E-14));
#6296=DIRECTION('',(-6.30320168819446E-14,0.,-1.));
#6297=DIRECTION('center_axis',(-6.30320168819446E-14,0.,-1.));
#6298=DIRECTION('ref_axis',(0.707106781186547,-0.707106781186548,-4.4570366569088E-14));
#6299=DIRECTION('center_axis',(-6.23251450448947E-14,4.8135049956283E-48,
-1.));
#6300=DIRECTION('ref_axis',(-1.,0.,6.23251450448947E-14));
#6301=DIRECTION('center_axis',(-6.23251450448947E-14,4.8135049956283E-48,
-1.));
#6302=DIRECTION('ref_axis',(-1.,0.,6.23251450448947E-14));
#6303=DIRECTION('',(-6.30320168819446E-14,0.,-1.));
#6304=DIRECTION('center_axis',(0.707106781186547,0.707106781186548,-4.4570366569088E-14));
#6305=DIRECTION('ref_axis',(0.707106781186548,-0.707106781186547,-4.40705326996802E-14));
#6306=DIRECTION('',(0.707106781186548,-0.707106781186547,-4.40705326996802E-14));
#6307=DIRECTION('',(0.707106781186548,-0.707106781186547,-4.40705326996802E-14));
#6308=DIRECTION('',(-6.30320168819446E-14,0.,-1.));
#6309=DIRECTION('center_axis',(-6.30320168819446E-14,0.,-1.));
#6310=DIRECTION('ref_axis',(-1.,0.,6.30320168819446E-14));
#6311=DIRECTION('center_axis',(-6.23251450448947E-14,4.8135049956283E-48,
-1.));
#6312=DIRECTION('ref_axis',(-1.,0.,6.23251450448946E-14));
#6313=DIRECTION('center_axis',(-6.23251450448947E-14,4.8135049956283E-48,
-1.));
#6314=DIRECTION('ref_axis',(-1.,0.,6.23251450448946E-14));
#6315=DIRECTION('center_axis',(-6.23251450448947E-14,4.8135049956283E-48,
-1.));
#6316=DIRECTION('ref_axis',(-1.,0.,6.23251450448947E-14));
#6317=DIRECTION('center_axis',(-6.23251450448947E-14,4.8135049956283E-48,
-1.));
#6318=DIRECTION('ref_axis',(-1.,0.,6.23251450448947E-14));
#6319=DIRECTION('axis',(0.,0.,1.));
#6320=DIRECTION('refdir',(1.,0.,0.));
#6321=DIRECTION('center_axis',(-6.2172489379009E-14,0.,-1.));
#6322=DIRECTION('ref_axis',(1.,0.,-6.2172489379009E-14));
#6323=DIRECTION('center_axis',(-6.23251450448947E-14,4.8135049956283E-48,
-1.));
#6324=DIRECTION('ref_axis',(1.,0.,-6.2172489379009E-14));
#6325=DIRECTION('',(-6.2172489379009E-14,0.,-1.));
#6326=DIRECTION('center_axis',(6.23251450448947E-14,-4.8135049956283E-48,
1.));
#6327=DIRECTION('ref_axis',(1.,0.,-6.2172489379009E-14));
#6328=DIRECTION('center_axis',(-6.23057161419638E-14,0.,-1.));
#6329=DIRECTION('ref_axis',(-1.,0.,6.23057161419638E-14));
#6330=DIRECTION('center_axis',(-6.23251450448947E-14,4.8135049956283E-48,
-1.));
#6331=DIRECTION('ref_axis',(-1.,0.,6.23057161419638E-14));
#6332=DIRECTION('',(-6.23057161419638E-14,0.,-1.));
#6333=DIRECTION('center_axis',(6.23251450448947E-14,-4.8135049956283E-48,
1.));
#6334=DIRECTION('ref_axis',(-1.,0.,6.23057161419638E-14));
#6335=DIRECTION('center_axis',(-6.23057161419638E-14,0.,-1.));
#6336=DIRECTION('ref_axis',(-1.,0.,6.23057161419638E-14));
#6337=DIRECTION('center_axis',(-6.23251450448947E-14,4.8135049956283E-48,
-1.));
#6338=DIRECTION('ref_axis',(-1.,0.,6.23057161419638E-14));
#6339=DIRECTION('',(-6.23057161419638E-14,0.,-1.));
#6340=DIRECTION('center_axis',(6.23251450448947E-14,-4.8135049956283E-48,
1.));
#6341=DIRECTION('ref_axis',(-1.,0.,6.23057161419638E-14));
#6342=DIRECTION('center_axis',(-6.23279206024563E-14,0.,-1.));
#6343=DIRECTION('ref_axis',(-1.,0.,6.23279206024563E-14));
#6344=DIRECTION('center_axis',(-6.23251450448947E-14,4.8135049956283E-48,
-1.));
#6345=DIRECTION('ref_axis',(-1.,0.,6.23279206024563E-14));
#6346=DIRECTION('',(-6.23279206024563E-14,0.,-1.));
#6347=DIRECTION('center_axis',(6.23251450448947E-14,-4.8135049956283E-48,
1.));
#6348=DIRECTION('ref_axis',(-1.,0.,6.23279206024563E-14));
#6349=DIRECTION('center_axis',(-6.23279206024563E-14,0.,-1.));
#6350=DIRECTION('ref_axis',(-1.,0.,6.23279206024563E-14));
#6351=DIRECTION('center_axis',(-6.23251450448947E-14,4.8135049956283E-48,
-1.));
#6352=DIRECTION('ref_axis',(-1.,0.,6.23279206024563E-14));
#6353=DIRECTION('',(-6.23279206024563E-14,0.,-1.));
#6354=DIRECTION('center_axis',(6.23251450448947E-14,-4.8135049956283E-48,
1.));
#6355=DIRECTION('ref_axis',(-1.,0.,6.23279206024563E-14));
#6356=DIRECTION('center_axis',(-6.23057161419638E-14,0.,-1.));
#6357=DIRECTION('ref_axis',(-1.,0.,6.23057161419638E-14));
#6358=DIRECTION('center_axis',(-6.23251450448947E-14,4.8135049956283E-48,
-1.));
#6359=DIRECTION('ref_axis',(-1.,0.,6.23057161419638E-14));
#6360=DIRECTION('',(-6.23057161419638E-14,0.,-1.));
#6361=DIRECTION('center_axis',(6.23251450448947E-14,-4.8135049956283E-48,
1.));
#6362=DIRECTION('ref_axis',(-1.,0.,6.23057161419638E-14));
#6363=DIRECTION('center_axis',(-6.23501250629488E-14,0.,-1.));
#6364=DIRECTION('ref_axis',(-1.,0.,6.23501250629488E-14));
#6365=DIRECTION('center_axis',(-6.23251450448947E-14,4.8135049956283E-48,
-1.));
#6366=DIRECTION('ref_axis',(-1.,0.,6.23501250629488E-14));
#6367=DIRECTION('',(-6.23501250629488E-14,0.,-1.));
#6368=DIRECTION('center_axis',(6.23251450448947E-14,-4.8135049956283E-48,
1.));
#6369=DIRECTION('ref_axis',(-1.,0.,6.23501250629488E-14));
#6370=DIRECTION('center_axis',(-6.23057161419638E-14,0.,-1.));
#6371=DIRECTION('ref_axis',(-1.,0.,6.23057161419638E-14));
#6372=DIRECTION('center_axis',(-6.23251450448947E-14,4.8135049956283E-48,
-1.));
#6373=DIRECTION('ref_axis',(-1.,0.,6.23057161419638E-14));
#6374=DIRECTION('',(-6.23057161419638E-14,0.,-1.));
#6375=DIRECTION('center_axis',(6.23251450448947E-14,-4.8135049956283E-48,
1.));
#6376=DIRECTION('ref_axis',(-1.,0.,6.23057161419638E-14));
#6377=DIRECTION('center_axis',(-6.23057161419638E-14,0.,-1.));
#6378=DIRECTION('ref_axis',(-1.,0.,6.23057161419638E-14));
#6379=DIRECTION('center_axis',(-6.23251450448947E-14,4.8135049956283E-48,
-1.));
#6380=DIRECTION('ref_axis',(-1.,0.,6.23057161419638E-14));
#6381=DIRECTION('',(-6.23057161419638E-14,0.,-1.));
#6382=DIRECTION('center_axis',(6.23251450448947E-14,-4.8135049956283E-48,
1.));
#6383=DIRECTION('ref_axis',(-1.,0.,6.23057161419638E-14));
#6384=DIRECTION('center_axis',(6.22993720103945E-14,0.,1.));
#6385=DIRECTION('ref_axis',(-1.,0.,6.22993720103945E-14));
#6386=DIRECTION('center_axis',(-6.23251450448947E-14,4.8135049956283E-48,
-1.));
#6387=DIRECTION('ref_axis',(-1.,0.,6.22993720103945E-14));
#6388=DIRECTION('',(6.22993720103945E-14,0.,1.));
#6389=DIRECTION('center_axis',(6.23251450448947E-14,-4.8135049956283E-48,
1.));
#6390=DIRECTION('ref_axis',(-1.,0.,6.22993720103945E-14));
#6391=DIRECTION('center_axis',(-6.23251450448947E-14,4.8135049956283E-48,
-1.));
#6392=DIRECTION('ref_axis',(1.,-1.83670992315982E-40,-6.23251450448947E-14));
#6393=DIRECTION('center_axis',(-6.23251450448947E-14,4.8135049956283E-48,
-1.));
#6394=DIRECTION('ref_axis',(1.,-1.83670992315982E-40,-6.23251450448947E-14));
#6395=DIRECTION('axis',(0.,0.,1.));
#6396=DIRECTION('refdir',(1.,0.,0.));
#6397=DIRECTION('center_axis',(-6.23251450448947E-14,4.8135049956283E-48,
-1.));
#6398=DIRECTION('ref_axis',(1.,-1.83670992315982E-40,-6.23251450448947E-14));
#6399=DIRECTION('center_axis',(-6.23251450448947E-14,4.8135049956283E-48,
-1.));
#6400=DIRECTION('ref_axis',(-1.,0.,6.22993720103945E-14));
#6401=DIRECTION('center_axis',(6.23251450448947E-14,-4.8135049956283E-48,
1.));
#6402=DIRECTION('ref_axis',(1.,0.,-6.21724893790087E-14));
#6403=DIRECTION('center_axis',(6.23251450448947E-14,-4.8135049956283E-48,
1.));
#6404=DIRECTION('ref_axis',(-1.,0.,6.23057161419638E-14));
#6405=DIRECTION('center_axis',(6.23251450448947E-14,-4.8135049956283E-48,
1.));
#6406=DIRECTION('ref_axis',(-1.,0.,6.23057161419638E-14));
#6407=DIRECTION('center_axis',(6.23251450448947E-14,-4.8135049956283E-48,
1.));
#6408=DIRECTION('ref_axis',(-1.,0.,6.23279206024563E-14));
#6409=DIRECTION('center_axis',(6.23251450448947E-14,-4.8135049956283E-48,
1.));
#6410=DIRECTION('ref_axis',(-1.,0.,6.23279206024563E-14));
#6411=DIRECTION('center_axis',(6.23251450448947E-14,-4.8135049956283E-48,
1.));
#6412=DIRECTION('ref_axis',(-1.,0.,6.23057161419638E-14));
#6413=DIRECTION('center_axis',(6.23251450448947E-14,-4.8135049956283E-48,
1.));
#6414=DIRECTION('ref_axis',(-1.,0.,6.23501250629488E-14));
#6415=DIRECTION('center_axis',(6.23251450448947E-14,-4.8135049956283E-48,
1.));
#6416=DIRECTION('ref_axis',(-1.,0.,6.23057161419638E-14));
#6417=DIRECTION('center_axis',(6.23251450448947E-14,-4.8135049956283E-48,
1.));
#6418=DIRECTION('ref_axis',(-1.,0.,6.23057161419638E-14));
#6419=DIRECTION('center_axis',(-6.21724893790087E-14,0.,-1.));
#6420=DIRECTION('ref_axis',(1.,0.,-6.21724893790087E-14));
#6421=DIRECTION('',(-6.21724893790087E-14,0.,-1.));
#6422=DIRECTION('center_axis',(-6.23251450448947E-14,4.8135049956283E-48,
-1.));
#6423=DIRECTION('ref_axis',(1.,0.,-6.23251450448947E-14));
#6424=DIRECTION('center_axis',(6.23251450448947E-14,-4.8135049956283E-48,
1.));
#6425=DIRECTION('ref_axis',(1.,0.,-6.23251450448947E-14));
#6426=DIRECTION('center_axis',(6.23251450448947E-14,-4.8135049956283E-48,
1.));
#6427=DIRECTION('ref_axis',(1.,0.,-6.2172489379009E-14));
#6428=DIRECTION('center_axis',(-6.2172489379009E-14,0.,-1.));
#6429=DIRECTION('ref_axis',(1.,0.,-6.2172489379009E-14));
#6430=DIRECTION('',(-6.2172489379009E-14,0.,-1.));
#6431=DIRECTION('center_axis',(6.23251450448947E-14,-4.8135049956283E-48,
1.));
#6432=DIRECTION('ref_axis',(1.,0.,-6.2172489379009E-14));
#6433=DIRECTION('center_axis',(-6.23057161419638E-14,0.,-1.));
#6434=DIRECTION('ref_axis',(-1.,0.,6.23057161419638E-14));
#6435=DIRECTION('',(-6.23057161419638E-14,0.,-1.));
#6436=DIRECTION('center_axis',(6.23251450448947E-14,-4.8135049956283E-48,
1.));
#6437=DIRECTION('ref_axis',(-1.,0.,6.23057161419638E-14));
#6438=DIRECTION('center_axis',(-6.23057161419638E-14,0.,-1.));
#6439=DIRECTION('ref_axis',(-1.,0.,6.23057161419638E-14));
#6440=DIRECTION('',(-6.23057161419638E-14,0.,-1.));
#6441=DIRECTION('center_axis',(6.23251450448947E-14,-4.8135049956283E-48,
1.));
#6442=DIRECTION('ref_axis',(-1.,0.,6.23057161419638E-14));
#6443=DIRECTION('center_axis',(-6.23279206024563E-14,0.,-1.));
#6444=DIRECTION('ref_axis',(-1.,0.,6.23279206024563E-14));
#6445=DIRECTION('',(-6.23279206024563E-14,0.,-1.));
#6446=DIRECTION('center_axis',(6.23251450448947E-14,-4.8135049956283E-48,
1.));
#6447=DIRECTION('ref_axis',(-1.,0.,6.23279206024563E-14));
#6448=DIRECTION('center_axis',(-6.23279206024563E-14,0.,-1.));
#6449=DIRECTION('ref_axis',(-1.,0.,6.23279206024563E-14));
#6450=DIRECTION('',(-6.23279206024563E-14,0.,-1.));
#6451=DIRECTION('center_axis',(6.23251450448947E-14,-4.8135049956283E-48,
1.));
#6452=DIRECTION('ref_axis',(-1.,0.,6.23279206024563E-14));
#6453=DIRECTION('center_axis',(-6.23057161419638E-14,0.,-1.));
#6454=DIRECTION('ref_axis',(-1.,0.,6.23057161419638E-14));
#6455=DIRECTION('',(-6.23057161419638E-14,0.,-1.));
#6456=DIRECTION('center_axis',(6.23251450448947E-14,-4.8135049956283E-48,
1.));
#6457=DIRECTION('ref_axis',(-1.,0.,6.23057161419638E-14));
#6458=DIRECTION('center_axis',(-6.23501250629488E-14,0.,-1.));
#6459=DIRECTION('ref_axis',(-1.,0.,6.23501250629488E-14));
#6460=DIRECTION('',(-6.23501250629488E-14,0.,-1.));
#6461=DIRECTION('center_axis',(6.23251450448947E-14,-4.8135049956283E-48,
1.));
#6462=DIRECTION('ref_axis',(-1.,0.,6.23501250629488E-14));
#6463=DIRECTION('center_axis',(-6.23057161419638E-14,0.,-1.));
#6464=DIRECTION('ref_axis',(-1.,0.,6.23057161419638E-14));
#6465=DIRECTION('',(-6.23057161419638E-14,0.,-1.));
#6466=DIRECTION('center_axis',(6.23251450448947E-14,-4.8135049956283E-48,
1.));
#6467=DIRECTION('ref_axis',(-1.,0.,6.23057161419638E-14));
#6468=DIRECTION('center_axis',(-6.23057161419638E-14,0.,-1.));
#6469=DIRECTION('ref_axis',(-1.,0.,6.23057161419638E-14));
#6470=DIRECTION('',(-6.23057161419638E-14,0.,-1.));
#6471=DIRECTION('center_axis',(6.23251450448947E-14,-4.8135049956283E-48,
1.));
#6472=DIRECTION('ref_axis',(-1.,0.,6.23057161419638E-14));
#6473=DIRECTION('center_axis',(6.22993720103945E-14,0.,1.));
#6474=DIRECTION('ref_axis',(-1.,0.,6.22993720103945E-14));
#6475=DIRECTION('center_axis',(-6.23251450448947E-14,4.8135049956283E-48,
-1.));
#6476=DIRECTION('ref_axis',(-1.,0.,6.22993720103945E-14));
#6477=DIRECTION('',(6.22993720103945E-14,0.,1.));
#6478=DIRECTION('center_axis',(-6.23251450448947E-14,4.8135049956283E-48,
-1.));
#6479=DIRECTION('ref_axis',(1.,-1.83670992315982E-40,-6.23251450448947E-14));
#6480=DIRECTION('',(6.36712904622528E-14,0.,1.));
#6481=DIRECTION('',(1.,0.,-6.36712904622527E-14));
#6482=DIRECTION('',(0.,1.,2.63677968348475E-14));
#6483=DIRECTION('',(1.,0.,0.));
#6484=DIRECTION('',(-6.23251450448947E-14,1.14473212366334E-53,-1.));
#6485=DIRECTION('',(-1.,1.83670992315982E-40,6.23251450448947E-14));
#6486=DIRECTION('',(0.,0.,1.));
#6487=DIRECTION('',(1.,0.,0.));
#6488=DIRECTION('',(1.,0.,2.35922392732846E-16));
#6489=DIRECTION('',(2.35922392732846E-16,0.,-1.));
#6490=DIRECTION('',(0.,0.,1.));
#6491=DIRECTION('',(1.,0.,0.));
#6492=DIRECTION('',(0.,0.,1.));
#6493=DIRECTION('',(1.,0.,0.));
#6494=DIRECTION('',(0.,0.,1.));
#6495=DIRECTION('',(1.,0.,0.));
#6496=DIRECTION('',(0.,0.,1.));
#6497=DIRECTION('',(1.,0.,0.));
#6498=DIRECTION('',(0.,0.,1.));
#6499=DIRECTION('',(1.,0.,0.));
#6500=DIRECTION('',(0.,0.,1.));
#6501=DIRECTION('',(1.,0.,0.));
#6502=DIRECTION('',(0.,0.,1.));
#6503=DIRECTION('',(1.,0.,0.));
#6504=DIRECTION('',(1.82546123452144E-14,-4.40705326996802E-14,1.));
#6505=DIRECTION('',(0.707106781186548,0.707106781186547,1.82546123452145E-14));
#6506=DIRECTION('',(0.,0.,1.));
#6507=DIRECTION('',(1.,0.,0.));
#6508=DIRECTION('',(0.,0.,1.));
#6509=DIRECTION('',(1.,0.,0.));
#6510=DIRECTION('center_axis',(0.,0.,1.));
#6511=DIRECTION('ref_axis',(1.,0.,0.));
#6512=CARTESIAN_POINT('',(0.,0.,0.));
#6513=CARTESIAN_POINT('',(0.,0.,0.));
#6514=CARTESIAN_POINT('Origin',(-19.5,1.766061E-11,-1.7));
#6515=CARTESIAN_POINT('',(-19.5,1.833030278,0.));
#6516=CARTESIAN_POINT('',(-19.5,-1.83303027799999,0.));
#6517=CARTESIAN_POINT('Origin',(-19.5,1.766061E-11,0.));
#6518=CARTESIAN_POINT('Origin',(-19.5,1.766061E-11,-1.7));
#6519=CARTESIAN_POINT('Origin',(-11.,1.766226E-11,-1.7));
#6520=CARTESIAN_POINT('',(-10.5925681494119,1.833030278,0.));
#6521=CARTESIAN_POINT('',(-10.5925681494119,1.833030278,0.));
#6522=CARTESIAN_POINT('',(-10.75,8.83034462492559E-12,0.8));
#6523=CARTESIAN_POINT('Ctrl Pts',(-10.592568149412,1.83303027799907,9.99547666857836E-13));
#6524=CARTESIAN_POINT('Ctrl Pts',(-10.5962815614936,1.81157151050729,0.0231379826719282));
#6525=CARTESIAN_POINT('Ctrl Pts',(-10.5999817039011,1.78980078784405,0.0457331181063479));
#6526=CARTESIAN_POINT('Ctrl Pts',(-10.6405489119459,1.54646516098445,0.289068744965972));
#6527=CARTESIAN_POINT('Ctrl Pts',(-10.6796514590399,1.26611622489686,0.481287683162117));
#6528=CARTESIAN_POINT('Ctrl Pts',(-10.7347500494965,0.650497463667797,0.736784638590974));
#6529=CARTESIAN_POINT('Ctrl Pts',(-10.75,0.315135089770025,0.8));
#6530=CARTESIAN_POINT('Ctrl Pts',(-10.75,1.76621217651274E-11,0.8));
#6531=CARTESIAN_POINT('',(-10.5925681494119,-1.833030278,0.));
#6532=CARTESIAN_POINT('Ctrl Pts',(-10.75,1.76617748204322E-11,0.8));
#6533=CARTESIAN_POINT('Ctrl Pts',(-10.75,-0.315135089734606,0.8));
#6534=CARTESIAN_POINT('Ctrl Pts',(-10.7347500494986,-0.650497463632334,
0.736784638591009));
#6535=CARTESIAN_POINT('Ctrl Pts',(-10.6796514590441,-1.26611622486137,0.481287683162209));
#6536=CARTESIAN_POINT('Ctrl Pts',(-10.640548911951,-1.54646516094897,0.289068744966084));
#6537=CARTESIAN_POINT('Ctrl Pts',(-10.599981703906,-1.78980078781475,0.0457331181003286));
#6538=CARTESIAN_POINT('Ctrl Pts',(-10.5962815614976,-1.81157151048399,0.0231379826594425));
#6539=CARTESIAN_POINT('Ctrl Pts',(-10.5925681494151,-1.8330302779816,-1.82506787460568E-11));
#6540=CARTESIAN_POINT('',(-19.5,-1.83303027799999,0.));
#6541=CARTESIAN_POINT('Origin',(19.5,1.766392E-11,-1.7));
#6542=CARTESIAN_POINT('',(19.5,-1.83303027800001,0.));
#6543=CARTESIAN_POINT('',(19.5,1.833030278,0.));
#6544=CARTESIAN_POINT('Origin',(19.5,1.766392E-11,0.));
#6545=CARTESIAN_POINT('Origin',(19.5,1.766392E-11,-1.7));
#6546=CARTESIAN_POINT('Origin',(5.29628407470595,1.766115E-11,-1.7));
#6547=CARTESIAN_POINT('',(10.5925681494119,-1.833030278,0.));
#6548=CARTESIAN_POINT('',(10.5925681494119,-1.833030278,0.));
#6549=CARTESIAN_POINT('',(10.5925681494119,1.833030278,0.));
#6550=CARTESIAN_POINT('Ctrl Pts',(10.5925681494153,-1.83303027798031,-1.68632469099705E-11));
#6551=CARTESIAN_POINT('Ctrl Pts',(10.5962815614978,-1.81157151048312,0.0231379826603459));
#6552=CARTESIAN_POINT('Ctrl Pts',(10.5999817039061,-1.78980078781431,0.0457331181007695));
#6553=CARTESIAN_POINT('Ctrl Pts',(10.640548911951,-1.54646516094897,0.289068744966085));
#6554=CARTESIAN_POINT('Ctrl Pts',(10.6796514590441,-1.26611622486137,0.481287683162209));
#6555=CARTESIAN_POINT('Ctrl Pts',(10.7347500494986,-0.650497463632334,0.736784638591009));
#6556=CARTESIAN_POINT('Ctrl Pts',(10.7500000000005,-0.315135089734606,0.8));
#6557=CARTESIAN_POINT('Ctrl Pts',(10.7499999999995,0.315135089770025,0.8));
#6558=CARTESIAN_POINT('Ctrl Pts',(10.7347500494965,0.650497463667797,0.736784638590974));
#6559=CARTESIAN_POINT('Ctrl Pts',(10.6796514590399,1.26611622489686,0.481287683162117));
#6560=CARTESIAN_POINT('Ctrl Pts',(10.6405489119459,1.54646516098444,0.289068744965972));
#6561=CARTESIAN_POINT('Ctrl Pts',(10.599981703901,1.78980078784449,0.0457331181059071));
#6562=CARTESIAN_POINT('Ctrl Pts',(10.5962815614935,1.81157151050816,0.0231379826710248));
#6563=CARTESIAN_POINT('Ctrl Pts',(10.5925681494118,1.83303027800036,-3.88369891801688E-13));
#6564=CARTESIAN_POINT('',(19.5,1.833030278,0.));
#6565=CARTESIAN_POINT('Origin',(-1.124783E-16,9.214685E-17,0.));
#6566=CARTESIAN_POINT('Origin',(-1.124783E-16,9.214685E-17,0.));
#6567=CARTESIAN_POINT('Origin',(-1.124783E-16,9.214685E-17,0.));
#6568=CARTESIAN_POINT('',(-10.75,1.408642E-15,1.18235237482592));
#6569=CARTESIAN_POINT('',(-10.75,-1.2243484590834E-15,0.));
#6570=CARTESIAN_POINT('Origin',(-1.124783E-16,9.214685E-17,1.18235237482592));
#6571=CARTESIAN_POINT('Origin',(11.6913429510899,-6.75000000000001,10.8619975317218));
#6572=CARTESIAN_POINT('',(11.6913429510899,-6.75000000000001,11.3489950634437));
#6573=CARTESIAN_POINT('',(12.5018429510899,-8.15382717953459,10.375));
#6574=CARTESIAN_POINT('',(12.0965929510899,-7.4519135897673,10.8619975317218));
#6575=CARTESIAN_POINT('Origin',(11.6913429510899,-6.75000000000001,10.375));
#6576=CARTESIAN_POINT('Origin',(11.6913429510899,-6.75000000000001,5.1875));
#6577=CARTESIAN_POINT('',(12.5018429510899,-8.15382717953459,0.));
#6578=CARTESIAN_POINT('',(12.5018429510899,-8.15382717953459,5.1875));
#6579=CARTESIAN_POINT('Origin',(11.6913429510899,-6.75000000000001,0.));
#6580=CARTESIAN_POINT('Origin',(-1.024053E-14,-13.5,10.8619975317218));
#6581=CARTESIAN_POINT('',(-1.024053E-14,-13.5,11.3489950634437));
#6582=CARTESIAN_POINT('',(-0.810500000000012,-14.9038271795346,10.375));
#6583=CARTESIAN_POINT('',(-0.405250000000011,-14.2019135897673,10.8619975317218));
#6584=CARTESIAN_POINT('Origin',(-1.024053E-14,-13.5,10.375));
#6585=CARTESIAN_POINT('Origin',(-1.024053E-14,-13.5,5.1875));
#6586=CARTESIAN_POINT('',(-0.810500000000011,-14.9038271795346,0.));
#6587=CARTESIAN_POINT('',(-0.810500000000011,-14.9038271795346,5.1875));
#6588=CARTESIAN_POINT('Origin',(-1.024053E-14,-13.5,0.));
#6589=CARTESIAN_POINT('Origin',(-11.6913429510899,-6.75,10.8619975317218));
#6590=CARTESIAN_POINT('',(-11.6913429510899,-6.75,11.3489950634437));
#6591=CARTESIAN_POINT('',(-13.3123429510899,-6.75,10.375));
#6592=CARTESIAN_POINT('',(-12.5018429510899,-6.75,10.8619975317218));
#6593=CARTESIAN_POINT('Origin',(-11.6913429510899,-6.75,10.375));
#6594=CARTESIAN_POINT('Origin',(-11.6913429510899,-6.75,5.1875));
#6595=CARTESIAN_POINT('',(-13.3123429510899,-6.75,0.));
#6596=CARTESIAN_POINT('',(-13.3123429510899,-6.75,5.1875));
#6597=CARTESIAN_POINT('Origin',(-11.6913429510899,-6.75,0.));
#6598=CARTESIAN_POINT('Origin',(-11.6913429510899,6.75000000000001,10.8619975317218));
#6599=CARTESIAN_POINT('',(-11.6913429510899,6.75000000000001,11.3489950634437));
#6600=CARTESIAN_POINT('',(-12.5018429510899,8.15382717953458,10.375));
#6601=CARTESIAN_POINT('',(-12.0965929510899,7.45191358976729,10.8619975317218));
#6602=CARTESIAN_POINT('Origin',(-11.6913429510899,6.75000000000001,10.375));
#6603=CARTESIAN_POINT('Origin',(-11.6913429510899,6.75000000000001,5.1875));
#6604=CARTESIAN_POINT('',(-12.5018429510899,8.15382717953458,0.));
#6605=CARTESIAN_POINT('',(-12.5018429510899,8.15382717953458,5.1875));
#6606=CARTESIAN_POINT('Origin',(-11.6913429510899,6.75000000000001,0.));
#6607=CARTESIAN_POINT('Origin',(1.133785E-15,13.5,10.8619975317218));
#6608=CARTESIAN_POINT('',(1.133785E-15,13.5,11.3489950634437));
#6609=CARTESIAN_POINT('',(0.810500000000002,14.9038271795346,10.375));
#6610=CARTESIAN_POINT('',(0.405250000000001,14.2019135897673,10.8619975317218));
#6611=CARTESIAN_POINT('Origin',(1.133785E-15,13.5,10.375));
#6612=CARTESIAN_POINT('Origin',(1.133785E-15,13.5,5.1875));
#6613=CARTESIAN_POINT('',(0.810500000000001,14.9038271795346,0.));
#6614=CARTESIAN_POINT('',(0.810500000000001,14.9038271795346,5.1875));
#6615=CARTESIAN_POINT('Origin',(1.133785E-15,13.5,0.));
#6616=CARTESIAN_POINT('Origin',(11.6913429510899,6.75,10.8619975317218));
#6617=CARTESIAN_POINT('',(11.6913429510899,6.75,11.3489950634437));
#6618=CARTESIAN_POINT('',(13.3123429510899,6.75,10.375));
#6619=CARTESIAN_POINT('',(12.5018429510899,6.75,10.8619975317218));
#6620=CARTESIAN_POINT('Origin',(11.6913429510899,6.75,10.375));
#6621=CARTESIAN_POINT('Origin',(11.6913429510899,6.75,5.1875));
#6622=CARTESIAN_POINT('',(13.3123429510899,6.75,0.));
#6623=CARTESIAN_POINT('',(13.3123429510899,6.75,5.1875));
#6624=CARTESIAN_POINT('Origin',(11.6913429510899,6.75,0.));
#6625=CARTESIAN_POINT('Origin',(-2.332924E-15,9.214685E-17,0.));
#6626=CARTESIAN_POINT('',(-8.,-8.875706E-16,1.2));
#6627=CARTESIAN_POINT('Origin',(-2.332924E-15,9.214685E-17,1.2));
#6628=CARTESIAN_POINT('',(-8.,1.071864E-15,16.2999999999999));
#6629=CARTESIAN_POINT('',(-8.,-8.87570589317883E-16,0.));
#6630=CARTESIAN_POINT('Origin',(-2.332924E-15,9.214685E-17,16.2999999999999));
#6631=CARTESIAN_POINT('Origin',(-1.124783E-16,9.214685E-17,0.6));
#6632=CARTESIAN_POINT('',(-8.93161785944029,-1.001661E-15,1.2));
#6633=CARTESIAN_POINT('Origin',(-1.124783E-16,9.214685E-17,1.2));
#6634=CARTESIAN_POINT('',(-9.15000000000001,-1.028405E-15,0.6));
#6635=CARTESIAN_POINT('',(-9.15000000000001,1.21269867121983E-15,0.6));
#6636=CARTESIAN_POINT('Origin',(-1.124783E-16,9.214685E-17,0.6));
#6637=CARTESIAN_POINT('Origin',(-1.124783E-16,9.214685E-17,1.2));
#6638=CARTESIAN_POINT('Origin',(-1.124783E-16,9.214685E-17,1.18235237482592));
#6639=CARTESIAN_POINT('',(-10.75,-1.2243484590834E-15,1.18235237482592));
#6640=CARTESIAN_POINT('Origin',(0.,0.,19.5));
#6641=CARTESIAN_POINT('',(56.6058521709549,-2.23606797749988,17.5));
#6642=CARTESIAN_POINT('',(41.2394228863596,-2.23606797749979,17.5));
#6643=CARTESIAN_POINT('',(56.6058521709549,-2.23606797749979,17.5));
#6644=CARTESIAN_POINT('',(57.1259354409186,-1.65831239517779,17.));
#6645=CARTESIAN_POINT('Ctrl Pts',(57.1259354409186,-1.65831239517779,17.));
#6646=CARTESIAN_POINT('Ctrl Pts',(57.1221113382756,-1.79004598249098,17.0873821762811));
#6647=CARTESIAN_POINT('Ctrl Pts',(57.0955526733761,-1.89741034088715,17.173430005457));
#6648=CARTESIAN_POINT('Ctrl Pts',(57.0131294357537,-2.04968779345942,17.3076002733326));
#6649=CARTESIAN_POINT('Ctrl Pts',(56.9659730679126,-2.10192440146727,17.3587109334898));
#6650=CARTESIAN_POINT('Ctrl Pts',(56.8673542386755,-2.17289701610595,17.4310583218787));
#6651=CARTESIAN_POINT('Ctrl Pts',(56.8166203833204,-2.19793762308464,17.4580226693527));
#6652=CARTESIAN_POINT('Ctrl Pts',(56.7118436484004,-2.2282727223346,17.4912146161187));
#6653=CARTESIAN_POINT('Ctrl Pts',(56.6612141339849,-2.2357241493175,17.4996155927977));
#6654=CARTESIAN_POINT('Ctrl Pts',(56.6082483966105,-2.23606413348387,17.4999957022376));
#6655=CARTESIAN_POINT('Ctrl Pts',(56.6070500113294,-2.23606797749979,17.5));
#6656=CARTESIAN_POINT('Ctrl Pts',(56.6058521709549,-2.23606797749979,17.5));
#6657=CARTESIAN_POINT('',(57.15,3.88106739327846E-15,16.5));
#6658=CARTESIAN_POINT('Ctrl Pts',(57.15,8.32667268468867E-16,16.5));
#6659=CARTESIAN_POINT('Ctrl Pts',(57.15,-0.376760922232552,16.5));
#6660=CARTESIAN_POINT('Ctrl Pts',(57.1458916302914,-0.7785875893363,16.5753099275263));
#6661=CARTESIAN_POINT('Ctrl Pts',(57.1348701395917,-1.32708129279872,16.8025257397762));
#6662=CARTESIAN_POINT('Ctrl Pts',(57.1305636595041,-1.49887843273892,16.8942434735502));
#6663=CARTESIAN_POINT('Ctrl Pts',(57.1259354409186,-1.65831239517776,17.));
#6664=CARTESIAN_POINT('',(57.1259354409186,1.65831239517779,17.));
#6665=CARTESIAN_POINT('Ctrl Pts',(57.1259354409186,1.65831239517776,17.));
#6666=CARTESIAN_POINT('Ctrl Pts',(57.1305636595041,1.49887843273892,16.8942434735502));
#6667=CARTESIAN_POINT('Ctrl Pts',(57.1348701395917,1.32708129279872,16.8025257397762));
#6668=CARTESIAN_POINT('Ctrl Pts',(57.1458916302914,0.778587589336301,16.5753099275263));
#6669=CARTESIAN_POINT('Ctrl Pts',(57.15,0.376760922232553,16.5));
#6670=CARTESIAN_POINT('Ctrl Pts',(57.15,4.85722573273506E-16,16.5));
#6671=CARTESIAN_POINT('',(56.6058521709549,2.23606797749988,17.5));
#6672=CARTESIAN_POINT('Ctrl Pts',(56.6058521709549,2.23606797749979,17.5));
#6673=CARTESIAN_POINT('Ctrl Pts',(56.6070500113294,2.23606797749979,17.5));
#6674=CARTESIAN_POINT('Ctrl Pts',(56.6082483966105,2.23606413348384,17.4999957022376));
#6675=CARTESIAN_POINT('Ctrl Pts',(56.6612141339849,2.23572414931747,17.4996155927977));
#6676=CARTESIAN_POINT('Ctrl Pts',(56.7118436484003,2.22827272233462,17.4912146161187));
#6677=CARTESIAN_POINT('Ctrl Pts',(56.8166203833204,2.19793762308464,17.4580226693527));
#6678=CARTESIAN_POINT('Ctrl Pts',(56.8673542386755,2.17289701610595,17.4310583218787));
#6679=CARTESIAN_POINT('Ctrl Pts',(56.9659730679133,2.10192440146675,17.3587109334892));
#6680=CARTESIAN_POINT('Ctrl Pts',(57.0131294357541,2.0496877934586,17.3076002733319));
#6681=CARTESIAN_POINT('Ctrl Pts',(57.0955526733759,1.89741034088752,17.1734300054574));
#6682=CARTESIAN_POINT('Ctrl Pts',(57.1221113382756,1.79004598249152,17.0873821762814));
#6683=CARTESIAN_POINT('Ctrl Pts',(57.1259354409186,1.65831239517779,17.));
#6684=CARTESIAN_POINT('',(41.2394228863596,2.23606797749979,17.5));
#6685=CARTESIAN_POINT('',(41.2394228863596,2.23606797749979,17.5));
#6686=CARTESIAN_POINT('Ctrl Pts',(41.2394228863596,-2.23606797749979,17.5));
#6687=CARTESIAN_POINT('Ctrl Pts',(41.2414525975696,-2.1986343575165,17.4581479405367));
#6688=CARTESIAN_POINT('Ctrl Pts',(41.243478613869,-2.16032337575509,17.4176826886358));
#6689=CARTESIAN_POINT('Ctrl Pts',(41.2591799173252,-1.85503809817387,17.1123974110546));
#6690=CARTESIAN_POINT('Ctrl Pts',(41.2737568476352,-1.51778396467277,16.8815388790829));
#6691=CARTESIAN_POINT('Ctrl Pts',(41.2943134368726,-0.778684953594818,16.575336505014));
#6692=CARTESIAN_POINT('Ctrl Pts',(41.3,-0.376828913560388,16.5));
#6693=CARTESIAN_POINT('Ctrl Pts',(41.3,0.376828913560389,16.5));
#6694=CARTESIAN_POINT('Ctrl Pts',(41.2943134368726,0.778684953594817,16.575336505014));
#6695=CARTESIAN_POINT('Ctrl Pts',(41.2737568476352,1.51778396467276,16.8815388790829));
#6696=CARTESIAN_POINT('Ctrl Pts',(41.2591799173252,1.85503809817387,17.1123974110546));
#6697=CARTESIAN_POINT('Ctrl Pts',(41.243478613869,2.16032337575509,17.4176826886358));
#6698=CARTESIAN_POINT('Ctrl Pts',(41.2414525975696,2.1986343575165,17.4581479405367));
#6699=CARTESIAN_POINT('Ctrl Pts',(41.2394228863596,2.23606797749979,17.5));
#6700=CARTESIAN_POINT('Origin',(0.,-3.675516E-15,16.7086401837406));
#6701=CARTESIAN_POINT('',(5.05779128047857E-15,41.3,17.5));
#6702=CARTESIAN_POINT('Origin',(0.,-3.849597E-15,17.5));
#6703=CARTESIAN_POINT('',(5.05779128047857E-15,41.3,15.9172803674813));
#6704=CARTESIAN_POINT('',(5.05779128047857E-15,41.3,16.7086401837406));
#6705=CARTESIAN_POINT('Origin',(0.,-3.501435E-15,15.9172803674813));
#6706=CARTESIAN_POINT('',(-41.2394228863596,2.23606797749979,17.5));
#6707=CARTESIAN_POINT('Origin',(0.,-3.849597E-15,17.5));
#6708=CARTESIAN_POINT('',(-41.2394228863596,-2.23606797749979,17.5));
#6709=CARTESIAN_POINT('Ctrl Pts',(-41.2394228863596,2.23606797749979,17.5));
#6710=CARTESIAN_POINT('Ctrl Pts',(-41.2414525975696,2.1986343575165,17.4581479405367));
#6711=CARTESIAN_POINT('Ctrl Pts',(-41.243478613869,2.16032337575509,17.4176826886358));
#6712=CARTESIAN_POINT('Ctrl Pts',(-41.2591799173252,1.85503809817387,17.1123974110546));
#6713=CARTESIAN_POINT('Ctrl Pts',(-41.2737568476352,1.51778396467276,16.8815388790829));
#6714=CARTESIAN_POINT('Ctrl Pts',(-41.2943134368726,0.778684953594816,16.575336505014));
#6715=CARTESIAN_POINT('Ctrl Pts',(-41.3,0.376828913560388,16.5));
#6716=CARTESIAN_POINT('Ctrl Pts',(-41.3,-0.376828913560389,16.5));
#6717=CARTESIAN_POINT('Ctrl Pts',(-41.2943134368726,-0.778684953594819,
16.575336505014));
#6718=CARTESIAN_POINT('Ctrl Pts',(-41.2737568476352,-1.51778396467277,16.8815388790829));
#6719=CARTESIAN_POINT('Ctrl Pts',(-41.2591799173252,-1.85503809817387,17.1123974110546));
#6720=CARTESIAN_POINT('Ctrl Pts',(-41.243478613869,-2.16032337575509,17.4176826886358));
#6721=CARTESIAN_POINT('Ctrl Pts',(-41.2414525975696,-2.1986343575165,17.4581479405367));
#6722=CARTESIAN_POINT('Ctrl Pts',(-41.2394228863596,-2.23606797749979,17.5));
#6723=CARTESIAN_POINT('Origin',(0.,-3.849597E-15,17.5));
#6724=CARTESIAN_POINT('Origin',(0.,0.,17.5));
#6725=CARTESIAN_POINT('',(-56.6058521709549,2.23606797749988,17.5));
#6726=CARTESIAN_POINT('Origin',(0.,0.,17.5));
#6727=CARTESIAN_POINT('',(-56.6058521709549,2.23606797749979,17.5));
#6728=CARTESIAN_POINT('',(42.5908464487703,21.8417062320307,17.5));
#6729=CARTESIAN_POINT('Origin',(42.5908464487703,17.6417062320307,17.5));
#6730=CARTESIAN_POINT('',(-45.5606949297538,14.6718577510471,17.5));
#6731=CARTESIAN_POINT('Origin',(-42.5908464487703,17.6417062320306,17.5));
#6732=CARTESIAN_POINT('',(14.6718577510471,45.5606949297538,17.5));
#6733=CARTESIAN_POINT('Origin',(17.6417062320306,42.5908464487703,17.5));
#6734=CARTESIAN_POINT('',(-21.8417062320307,42.5908464487703,17.5));
#6735=CARTESIAN_POINT('Origin',(-17.6417062320307,42.5908464487703,17.5));
#6736=CARTESIAN_POINT('Origin',(0.,0.,17.));
#6737=CARTESIAN_POINT('',(-57.1259354409186,1.65831239517779,17.));
#6738=CARTESIAN_POINT('Origin',(0.,0.,17.));
#6739=CARTESIAN_POINT('Ctrl Pts',(-57.1259354409186,1.65831239517779,17.));
#6740=CARTESIAN_POINT('Ctrl Pts',(-57.1221113382756,1.79004598249051,17.0873821762808));
#6741=CARTESIAN_POINT('Ctrl Pts',(-57.0955526733762,1.89741034088683,17.1734300054567));
#6742=CARTESIAN_POINT('Ctrl Pts',(-57.0131294357537,2.04968779345932,17.3076002733325));
#6743=CARTESIAN_POINT('Ctrl Pts',(-56.9659730679127,2.1019244014672,17.3587109334897));
#6744=CARTESIAN_POINT('Ctrl Pts',(-56.8673542386754,2.17289701610604,17.4310583218788));
#6745=CARTESIAN_POINT('Ctrl Pts',(-56.8166203833204,2.19793762308463,17.4580226693527));
#6746=CARTESIAN_POINT('Ctrl Pts',(-56.7118436484005,2.22827272233455,17.4912146161187));
#6747=CARTESIAN_POINT('Ctrl Pts',(-56.6612141339849,2.23572414931749,17.4996155927977));
#6748=CARTESIAN_POINT('Ctrl Pts',(-56.6082483966105,2.23606413348386,17.4999957022376));
#6749=CARTESIAN_POINT('Ctrl Pts',(-56.6070500113294,2.23606797749979,17.5));
#6750=CARTESIAN_POINT('Ctrl Pts',(-56.6058521709549,2.23606797749979,17.5));
#6751=CARTESIAN_POINT('Origin',(0.,0.,19.5));
#6752=CARTESIAN_POINT('',(-57.1259354409186,-1.65831239517779,17.));
#6753=CARTESIAN_POINT('Ctrl Pts',(-57.1259354409186,-1.65831239517776,17.));
#6754=CARTESIAN_POINT('Ctrl Pts',(-57.1305636595041,-1.49887843273892,16.8942434735502));
#6755=CARTESIAN_POINT('Ctrl Pts',(-57.1348701395917,-1.32708129279872,16.8025257397762));
#6756=CARTESIAN_POINT('Ctrl Pts',(-57.1458916302914,-0.7785875893363,16.5753099275263));
#6757=CARTESIAN_POINT('Ctrl Pts',(-57.15,-0.376760922232552,16.5));
#6758=CARTESIAN_POINT('Ctrl Pts',(-57.15,0.376760922232553,16.5));
#6759=CARTESIAN_POINT('Ctrl Pts',(-57.1458916302914,0.7785875893363,16.5753099275263));
#6760=CARTESIAN_POINT('Ctrl Pts',(-57.1348701395917,1.32708129279872,16.8025257397762));
#6761=CARTESIAN_POINT('Ctrl Pts',(-57.1305636595041,1.49887843273892,16.8942434735502));
#6762=CARTESIAN_POINT('Ctrl Pts',(-57.1259354409186,1.65831239517776,17.));
#6763=CARTESIAN_POINT('',(-56.6058521709549,-2.23606797749988,17.5));
#6764=CARTESIAN_POINT('Ctrl Pts',(-56.6058521709549,-2.23606797749979,17.5));
#6765=CARTESIAN_POINT('Ctrl Pts',(-56.6070500113294,-2.23606797749979,17.5));
#6766=CARTESIAN_POINT('Ctrl Pts',(-56.6082483966105,-2.23606413348386,17.4999957022376));
#6767=CARTESIAN_POINT('Ctrl Pts',(-56.6612141339849,-2.23572414931749,17.4996155927977));
#6768=CARTESIAN_POINT('Ctrl Pts',(-56.7118436484004,-2.22827272233459,17.4912146161187));
#6769=CARTESIAN_POINT('Ctrl Pts',(-56.8166203833204,-2.19793762308464,17.4580226693527));
#6770=CARTESIAN_POINT('Ctrl Pts',(-56.8673542386754,-2.172897016106,17.4310583218788));
#6771=CARTESIAN_POINT('Ctrl Pts',(-56.9659730679127,-2.1019244014672,17.3587109334897));
#6772=CARTESIAN_POINT('Ctrl Pts',(-57.0131294357537,-2.04968779345932,17.3076002733325));
#6773=CARTESIAN_POINT('Ctrl Pts',(-57.0955526733762,-1.89741034088683,17.1734300054567));
#6774=CARTESIAN_POINT('Ctrl Pts',(-57.1221113382756,-1.79004598249051,17.0873821762808));
#6775=CARTESIAN_POINT('Ctrl Pts',(-57.1259354409186,-1.65831239517779,17.));
#6776=CARTESIAN_POINT('',(-41.2394228863596,-2.23606797749979,17.5));
#6777=CARTESIAN_POINT('Origin',(42.5908464487703,17.6417062320307,-145.089144779103));
#6778=CARTESIAN_POINT('',(42.5908464487703,21.8417062320307,0.));
#6779=CARTESIAN_POINT('Origin',(42.5908464487703,17.6417062320307,0.));
#6780=CARTESIAN_POINT('',(42.5908464487703,21.8417062320307,-145.089144779103));
#6781=CARTESIAN_POINT('Origin',(42.5908464487703,-17.6417062320306,-145.089144779103));
#6782=CARTESIAN_POINT('',(45.5606949297538,-14.6718577510471,0.));
#6783=CARTESIAN_POINT('Origin',(42.5908464487703,-17.6417062320306,7.105427E-14));
#6784=CARTESIAN_POINT('',(45.5606949297538,-14.6718577510471,17.5000000000001));
#6785=CARTESIAN_POINT('',(45.5606949297538,-14.6718577510471,-145.089144779103));
#6786=CARTESIAN_POINT('Origin',(42.5908464487703,-17.6417062320306,17.5000000000001));
#6787=CARTESIAN_POINT('Origin',(17.6417062320307,-42.5908464487703,-145.089144779103));
#6788=CARTESIAN_POINT('',(21.8417062320307,-42.5908464487703,0.));
#6789=CARTESIAN_POINT('Origin',(17.6417062320307,-42.5908464487703,0.));
#6790=CARTESIAN_POINT('',(21.8417062320307,-42.5908464487703,17.5));
#6791=CARTESIAN_POINT('',(21.8417062320307,-42.5908464487703,-145.089144779103));
#6792=CARTESIAN_POINT('Origin',(17.6417062320307,-42.5908464487703,17.5));
#6793=CARTESIAN_POINT('Origin',(-17.6417062320306,-42.5908464487703,-145.089144779103));
#6794=CARTESIAN_POINT('',(-14.6718577510471,-45.5606949297538,0.));
#6795=CARTESIAN_POINT('Origin',(-17.6417062320306,-42.5908464487703,0.));
#6796=CARTESIAN_POINT('',(-14.6718577510471,-45.5606949297538,17.5));
#6797=CARTESIAN_POINT('',(-14.6718577510471,-45.5606949297538,-145.089144779103));
#6798=CARTESIAN_POINT('Origin',(-17.6417062320306,-42.5908464487703,17.5));
#6799=CARTESIAN_POINT('Origin',(-42.5908464487703,-17.6417062320307,-145.089144779103));
#6800=CARTESIAN_POINT('',(-42.5908464487703,-21.8417062320307,0.));
#6801=CARTESIAN_POINT('Origin',(-42.5908464487703,-17.6417062320307,0.));
#6802=CARTESIAN_POINT('',(-42.5908464487703,-21.8417062320307,17.5));
#6803=CARTESIAN_POINT('',(-42.5908464487703,-21.8417062320307,-145.089144779103));
#6804=CARTESIAN_POINT('Origin',(-42.5908464487703,-17.6417062320307,17.5));
#6805=CARTESIAN_POINT('Origin',(-42.5908464487703,17.6417062320306,-145.089144779103));
#6806=CARTESIAN_POINT('',(-45.5606949297538,14.6718577510471,0.));
#6807=CARTESIAN_POINT('Origin',(-42.5908464487703,17.6417062320306,0.));
#6808=CARTESIAN_POINT('',(-45.5606949297538,14.6718577510471,-145.089144779103));
#6809=CARTESIAN_POINT('Origin',(17.6417062320306,42.5908464487703,-145.089144779103));
#6810=CARTESIAN_POINT('',(14.6718577510471,45.5606949297538,0.));
#6811=CARTESIAN_POINT('Origin',(17.6417062320306,42.5908464487703,0.));
#6812=CARTESIAN_POINT('',(14.6718577510471,45.5606949297538,-145.089144779103));
#6813=CARTESIAN_POINT('Origin',(-17.6417062320307,42.5908464487703,-145.089144779103));
#6814=CARTESIAN_POINT('',(-21.8417062320307,42.5908464487703,0.));
#6815=CARTESIAN_POINT('Origin',(-17.6417062320307,42.5908464487703,0.));
#6816=CARTESIAN_POINT('',(-21.8417062320307,42.5908464487703,-145.089144779103));
#6817=CARTESIAN_POINT('Origin',(0.,-3.609523E-15,16.4086401837406));
#6818=CARTESIAN_POINT('',(4.72713664470878E-15,38.6,16.9));
#6819=CARTESIAN_POINT('',(4.89246396259368E-15,39.95,16.4086401837406));
#6820=CARTESIAN_POINT('Origin',(0.,-3.71761E-15,16.9));
#6821=CARTESIAN_POINT('Origin',(0.,-3.651617E-15,16.6));
#6822=CARTESIAN_POINT('',(-4.70039254576604E-15,38.3816178594402,16.2999999999999));
#6823=CARTESIAN_POINT('Origin',(0.,-3.585624E-15,16.2999999999999));
#6824=CARTESIAN_POINT('',(-4.71376459523741E-15,38.4908089297201,16.6));
#6825=CARTESIAN_POINT('Origin',(0.,-19.1908089297201,16.2999999999999));
#6826=CARTESIAN_POINT('Origin',(0.,0.,0.5));
#6827=CARTESIAN_POINT('',(56.65,6.937624E-15,0.));
#6828=CARTESIAN_POINT('Origin',(0.,0.,0.));
#6829=CARTESIAN_POINT('',(57.15,-6.998856E-15,0.5));
#6830=CARTESIAN_POINT('Origin',(56.65,-6.93762411716976E-15,0.5));
#6831=CARTESIAN_POINT('Origin',(0.,0.,0.5));
#6832=CARTESIAN_POINT('Origin',(0.,0.,0.));
#6833=CARTESIAN_POINT('',(57.15,6.99885645712712E-15,0.));
#6834=CARTESIAN_POINT('Origin',(0.,0.,17.));
#6835=CARTESIAN_POINT('Origin',(0.,0.,0.));
#6836=CARTESIAN_POINT('Origin',(0.,0.,17.));
#6837=CARTESIAN_POINT('Origin',(0.,0.,17.5));
#6838=CARTESIAN_POINT('Origin',(0.,0.,17.5));
#6839=CARTESIAN_POINT('',(0.,0.,0.));
#6840=CARTESIAN_POINT('Origin',(0.,0.,19.5));
#6841=CARTESIAN_POINT('',(56.6058521709549,-2.23606797749988,17.5));
#6842=CARTESIAN_POINT('',(41.2894962429914,-2.23606797749979,17.5));
#6843=CARTESIAN_POINT('',(0.,-2.23606797749979,17.5));
#6844=CARTESIAN_POINT('',(57.1259354409186,-1.65831239517779,17.));
#6845=CARTESIAN_POINT('Ctrl Pts',(57.1259354409186,-1.65831239517779,17.));
#6846=CARTESIAN_POINT('Ctrl Pts',(57.1221113382756,-1.79004598249098,17.0873821762811));
#6847=CARTESIAN_POINT('Ctrl Pts',(57.0955526733761,-1.89741034088715,17.173430005457));
#6848=CARTESIAN_POINT('Ctrl Pts',(57.0131294357537,-2.04968779345942,17.3076002733326));
#6849=CARTESIAN_POINT('Ctrl Pts',(56.9659730679126,-2.10192440146727,17.3587109334898));
#6850=CARTESIAN_POINT('Ctrl Pts',(56.8673542386755,-2.17289701610595,17.4310583218787));
#6851=CARTESIAN_POINT('Ctrl Pts',(56.8166203833204,-2.19793762308464,17.4580226693527));
#6852=CARTESIAN_POINT('Ctrl Pts',(56.7118436484004,-2.2282727223346,17.4912146161187));
#6853=CARTESIAN_POINT('Ctrl Pts',(56.6612141339849,-2.2357241493175,17.4996155927977));
#6854=CARTESIAN_POINT('Ctrl Pts',(56.6082483966105,-2.23606413348387,17.4999957022376));
#6855=CARTESIAN_POINT('Ctrl Pts',(56.6070500113294,-2.23606797749979,17.5));
#6856=CARTESIAN_POINT('Ctrl Pts',(56.6058521709549,-2.23606797749979,17.5));
#6857=CARTESIAN_POINT('',(57.15,3.88106739327846E-15,16.5));
#6858=CARTESIAN_POINT('Ctrl Pts',(57.15,8.32667268468867E-16,16.5));
#6859=CARTESIAN_POINT('Ctrl Pts',(57.15,-0.376760922232552,16.5));
#6860=CARTESIAN_POINT('Ctrl Pts',(57.1458916302914,-0.7785875893363,16.5753099275263));
#6861=CARTESIAN_POINT('Ctrl Pts',(57.1348701395917,-1.32708129279872,16.8025257397762));
#6862=CARTESIAN_POINT('Ctrl Pts',(57.1305636595041,-1.49887843273892,16.8942434735502));
#6863=CARTESIAN_POINT('Ctrl Pts',(57.1259354409186,-1.65831239517776,17.));
#6864=CARTESIAN_POINT('',(57.1259354409186,1.65831239517779,17.));
#6865=CARTESIAN_POINT('Ctrl Pts',(57.1259354409186,1.65831239517776,17.));
#6866=CARTESIAN_POINT('Ctrl Pts',(57.1305636595041,1.49887843273892,16.8942434735502));
#6867=CARTESIAN_POINT('Ctrl Pts',(57.1348701395917,1.32708129279872,16.8025257397762));
#6868=CARTESIAN_POINT('Ctrl Pts',(57.1458916302914,0.778587589336301,16.5753099275263));
#6869=CARTESIAN_POINT('Ctrl Pts',(57.15,0.376760922232553,16.5));
#6870=CARTESIAN_POINT('Ctrl Pts',(57.15,4.85722573273506E-16,16.5));
#6871=CARTESIAN_POINT('',(56.6058521709549,2.23606797749988,17.5));
#6872=CARTESIAN_POINT('Ctrl Pts',(56.6058521709549,2.23606797749979,17.5));
#6873=CARTESIAN_POINT('Ctrl Pts',(56.6070500113294,2.23606797749979,17.5));
#6874=CARTESIAN_POINT('Ctrl Pts',(56.6082483966105,2.23606413348384,17.4999957022376));
#6875=CARTESIAN_POINT('Ctrl Pts',(56.6612141339849,2.23572414931747,17.4996155927977));
#6876=CARTESIAN_POINT('Ctrl Pts',(56.7118436484003,2.22827272233462,17.4912146161187));
#6877=CARTESIAN_POINT('Ctrl Pts',(56.8166203833204,2.19793762308464,17.4580226693527));
#6878=CARTESIAN_POINT('Ctrl Pts',(56.8673542386755,2.17289701610595,17.4310583218787));
#6879=CARTESIAN_POINT('Ctrl Pts',(56.9659730679133,2.10192440146675,17.3587109334892));
#6880=CARTESIAN_POINT('Ctrl Pts',(57.0131294357541,2.0496877934586,17.3076002733319));
#6881=CARTESIAN_POINT('Ctrl Pts',(57.0955526733759,1.89741034088752,17.1734300054574));
#6882=CARTESIAN_POINT('Ctrl Pts',(57.1221113382756,1.79004598249152,17.0873821762814));
#6883=CARTESIAN_POINT('Ctrl Pts',(57.1259354409186,1.65831239517779,17.));
#6884=CARTESIAN_POINT('',(41.2894962429914,2.23606797749979,17.5));
#6885=CARTESIAN_POINT('',(0.,2.23606797749979,17.5));
#6886=CARTESIAN_POINT('Ctrl Pts',(41.2894962429914,-2.23606797749979,17.5));
#6887=CARTESIAN_POINT('Ctrl Pts',(41.2915234926174,-2.19863435890673,17.4581479420911));
#6888=CARTESIAN_POINT('Ctrl Pts',(41.2935470522542,-2.16032337721422,17.4176826900949));
#6889=CARTESIAN_POINT('Ctrl Pts',(41.309229329197,-1.85503791521384,17.1123972280946));
#6890=CARTESIAN_POINT('Ctrl Pts',(41.3237886127057,-1.5177835658365,16.881538644193));
#6891=CARTESIAN_POINT('Ctrl Pts',(41.3443203205647,-0.778684460708155,16.5753363704709));
#6892=CARTESIAN_POINT('Ctrl Pts',(41.35,-0.376828569393277,16.5));
#6893=CARTESIAN_POINT('Ctrl Pts',(41.35,0.376828569393278,16.5));
#6894=CARTESIAN_POINT('Ctrl Pts',(41.3443203205647,0.778684460708156,16.5753363704709));
#6895=CARTESIAN_POINT('Ctrl Pts',(41.3237886127057,1.51778356583651,16.881538644193));
#6896=CARTESIAN_POINT('Ctrl Pts',(41.3092293291969,1.85503791521384,17.1123972280946));
#6897=CARTESIAN_POINT('Ctrl Pts',(41.2935470522542,2.16032337721422,17.4176826900949));
#6898=CARTESIAN_POINT('Ctrl Pts',(41.2915234926174,2.19863435890673,17.4581479420911));
#6899=CARTESIAN_POINT('Ctrl Pts',(41.2894962429914,2.23606797749979,17.5));
#6900=CARTESIAN_POINT('Origin',(0.,-2.2788300983942E-15,16.699540927884));
#6901=CARTESIAN_POINT('',(5.06391451447431E-15,41.35,17.5));
#6902=CARTESIAN_POINT('Origin',(0.,-2.38806125833734E-15,17.5));
#6903=CARTESIAN_POINT('',(5.06391451447431E-15,41.35,15.8990818557679));
#6904=CARTESIAN_POINT('',(5.06391451447431E-15,41.35,16.699540927884));
#6905=CARTESIAN_POINT('Origin',(0.,-2.16959893845106E-15,15.8990818557679));
#6906=CARTESIAN_POINT('',(-41.2894962429914,2.23606797749979,17.5));
#6907=CARTESIAN_POINT('Origin',(0.,-2.38806125833734E-15,17.5));
#6908=CARTESIAN_POINT('',(-41.2894962429914,-2.23606797749979,17.5));
#6909=CARTESIAN_POINT('Ctrl Pts',(-41.2894962429914,2.23606797749979,17.5));
#6910=CARTESIAN_POINT('Ctrl Pts',(-41.2915234926174,2.19863435890673,17.4581479420911));
#6911=CARTESIAN_POINT('Ctrl Pts',(-41.2935470522542,2.16032337721422,17.4176826900949));
#6912=CARTESIAN_POINT('Ctrl Pts',(-41.3092293291969,1.85503791521384,17.1123972280946));
#6913=CARTESIAN_POINT('Ctrl Pts',(-41.3237886127057,1.51778356583651,16.881538644193));
#6914=CARTESIAN_POINT('Ctrl Pts',(-41.3443203205647,0.778684460708155,16.5753363704709));
#6915=CARTESIAN_POINT('Ctrl Pts',(-41.35,0.376828569393277,16.5));
#6916=CARTESIAN_POINT('Ctrl Pts',(-41.35,-0.376828569393277,16.5));
#6917=CARTESIAN_POINT('Ctrl Pts',(-41.3443203205647,-0.778684460708155,
16.5753363704709));
#6918=CARTESIAN_POINT('Ctrl Pts',(-41.3237886127057,-1.51778356583651,16.881538644193));
#6919=CARTESIAN_POINT('Ctrl Pts',(-41.309229329197,-1.85503791521384,17.1123972280946));
#6920=CARTESIAN_POINT('Ctrl Pts',(-41.2935470522542,-2.16032337721422,17.4176826900949));
#6921=CARTESIAN_POINT('Ctrl Pts',(-41.2915234926174,-2.19863435890673,17.4581479420911));
#6922=CARTESIAN_POINT('Ctrl Pts',(-41.2894962429914,-2.23606797749979,17.5));
#6923=CARTESIAN_POINT('Origin',(0.,-2.38806125833734E-15,17.5));
#6924=CARTESIAN_POINT('Origin',(0.,0.,17.5));
#6925=CARTESIAN_POINT('',(-56.6058521709549,2.23606797749988,17.5));
#6926=CARTESIAN_POINT('Origin',(0.,0.,17.5));
#6927=CARTESIAN_POINT('',(0.,2.23606797749979,17.5));
#6928=CARTESIAN_POINT('',(42.5908464487703,21.8417062320307,17.5));
#6929=CARTESIAN_POINT('Origin',(42.5908464487703,17.6417062320307,17.5));
#6930=CARTESIAN_POINT('',(-45.5606949297538,14.6718577510471,17.5));
#6931=CARTESIAN_POINT('Origin',(-42.5908464487703,17.6417062320306,17.5));
#6932=CARTESIAN_POINT('',(14.6718577510471,45.5606949297538,17.5));
#6933=CARTESIAN_POINT('Origin',(17.6417062320306,42.5908464487703,17.5));
#6934=CARTESIAN_POINT('',(-21.8417062320307,42.5908464487703,17.5));
#6935=CARTESIAN_POINT('Origin',(-17.6417062320307,42.5908464487703,17.5));
#6936=CARTESIAN_POINT('Origin',(0.,0.,17.));
#6937=CARTESIAN_POINT('',(-57.1259354409186,1.65831239517779,17.));
#6938=CARTESIAN_POINT('Origin',(0.,0.,17.));
#6939=CARTESIAN_POINT('Ctrl Pts',(-57.1259354409186,1.65831239517779,17.));
#6940=CARTESIAN_POINT('Ctrl Pts',(-57.1221113382756,1.79004598249051,17.0873821762808));
#6941=CARTESIAN_POINT('Ctrl Pts',(-57.0955526733762,1.89741034088683,17.1734300054567));
#6942=CARTESIAN_POINT('Ctrl Pts',(-57.0131294357537,2.04968779345932,17.3076002733325));
#6943=CARTESIAN_POINT('Ctrl Pts',(-56.9659730679127,2.1019244014672,17.3587109334897));
#6944=CARTESIAN_POINT('Ctrl Pts',(-56.8673542386754,2.17289701610604,17.4310583218788));
#6945=CARTESIAN_POINT('Ctrl Pts',(-56.8166203833204,2.19793762308463,17.4580226693527));
#6946=CARTESIAN_POINT('Ctrl Pts',(-56.7118436484005,2.22827272233455,17.4912146161187));
#6947=CARTESIAN_POINT('Ctrl Pts',(-56.6612141339849,2.23572414931749,17.4996155927977));
#6948=CARTESIAN_POINT('Ctrl Pts',(-56.6082483966105,2.23606413348386,17.4999957022376));
#6949=CARTESIAN_POINT('Ctrl Pts',(-56.6070500113294,2.23606797749979,17.5));
#6950=CARTESIAN_POINT('Ctrl Pts',(-56.6058521709549,2.23606797749979,17.5));
#6951=CARTESIAN_POINT('Origin',(0.,0.,19.5));
#6952=CARTESIAN_POINT('',(-57.1259354409186,-1.65831239517779,17.));
#6953=CARTESIAN_POINT('Ctrl Pts',(-57.1259354409186,-1.65831239517776,17.));
#6954=CARTESIAN_POINT('Ctrl Pts',(-57.1305636595041,-1.49887843273892,16.8942434735502));
#6955=CARTESIAN_POINT('Ctrl Pts',(-57.1348701395917,-1.32708129279872,16.8025257397762));
#6956=CARTESIAN_POINT('Ctrl Pts',(-57.1458916302914,-0.7785875893363,16.5753099275263));
#6957=CARTESIAN_POINT('Ctrl Pts',(-57.15,-0.376760922232552,16.5));
#6958=CARTESIAN_POINT('Ctrl Pts',(-57.15,0.376760922232553,16.5));
#6959=CARTESIAN_POINT('Ctrl Pts',(-57.1458916302914,0.7785875893363,16.5753099275263));
#6960=CARTESIAN_POINT('Ctrl Pts',(-57.1348701395917,1.32708129279872,16.8025257397762));
#6961=CARTESIAN_POINT('Ctrl Pts',(-57.1305636595041,1.49887843273892,16.8942434735502));
#6962=CARTESIAN_POINT('Ctrl Pts',(-57.1259354409186,1.65831239517776,17.));
#6963=CARTESIAN_POINT('',(-56.6058521709549,-2.23606797749988,17.5));
#6964=CARTESIAN_POINT('Ctrl Pts',(-56.6058521709549,-2.23606797749979,17.5));
#6965=CARTESIAN_POINT('Ctrl Pts',(-56.6070500113294,-2.23606797749979,17.5));
#6966=CARTESIAN_POINT('Ctrl Pts',(-56.6082483966105,-2.23606413348386,17.4999957022376));
#6967=CARTESIAN_POINT('Ctrl Pts',(-56.6612141339849,-2.23572414931749,17.4996155927977));
#6968=CARTESIAN_POINT('Ctrl Pts',(-56.7118436484004,-2.22827272233459,17.4912146161187));
#6969=CARTESIAN_POINT('Ctrl Pts',(-56.8166203833204,-2.19793762308464,17.4580226693527));
#6970=CARTESIAN_POINT('Ctrl Pts',(-56.8673542386754,-2.172897016106,17.4310583218788));
#6971=CARTESIAN_POINT('Ctrl Pts',(-56.9659730679127,-2.1019244014672,17.3587109334897));
#6972=CARTESIAN_POINT('Ctrl Pts',(-57.0131294357537,-2.04968779345932,17.3076002733325));
#6973=CARTESIAN_POINT('Ctrl Pts',(-57.0955526733762,-1.89741034088683,17.1734300054567));
#6974=CARTESIAN_POINT('Ctrl Pts',(-57.1221113382756,-1.79004598249051,17.0873821762808));
#6975=CARTESIAN_POINT('Ctrl Pts',(-57.1259354409186,-1.65831239517779,17.));
#6976=CARTESIAN_POINT('',(0.,-2.23606797749979,17.5));
#6977=CARTESIAN_POINT('Origin',(42.5908464487703,17.6417062320307,-145.089144779103));
#6978=CARTESIAN_POINT('',(42.5908464487703,21.8417062320307,0.));
#6979=CARTESIAN_POINT('Origin',(42.5908464487703,17.6417062320307,0.));
#6980=CARTESIAN_POINT('',(42.5908464487703,21.8417062320307,-145.089144779103));
#6981=CARTESIAN_POINT('Origin',(42.5908464487703,-17.6417062320306,-145.089144779103));
#6982=CARTESIAN_POINT('',(45.5606949297538,-14.6718577510471,0.));
#6983=CARTESIAN_POINT('Origin',(42.5908464487703,-17.6417062320306,7.105427357601E-14));
#6984=CARTESIAN_POINT('',(45.5606949297538,-14.6718577510471,17.5000000000001));
#6985=CARTESIAN_POINT('',(45.5606949297538,-14.6718577510471,-145.089144779103));
#6986=CARTESIAN_POINT('Origin',(42.5908464487703,-17.6417062320306,17.5000000000001));
#6987=CARTESIAN_POINT('Origin',(17.6417062320307,-42.5908464487703,-145.089144779103));
#6988=CARTESIAN_POINT('',(21.8417062320307,-42.5908464487703,0.));
#6989=CARTESIAN_POINT('Origin',(17.6417062320307,-42.5908464487703,0.));
#6990=CARTESIAN_POINT('',(21.8417062320307,-42.5908464487703,17.5));
#6991=CARTESIAN_POINT('',(21.8417062320307,-42.5908464487703,-145.089144779103));
#6992=CARTESIAN_POINT('Origin',(17.6417062320307,-42.5908464487703,17.5));
#6993=CARTESIAN_POINT('Origin',(-17.6417062320306,-42.5908464487703,-145.089144779103));
#6994=CARTESIAN_POINT('',(-14.6718577510471,-45.5606949297538,0.));
#6995=CARTESIAN_POINT('Origin',(-17.6417062320306,-42.5908464487703,0.));
#6996=CARTESIAN_POINT('',(-14.6718577510471,-45.5606949297538,17.5));
#6997=CARTESIAN_POINT('',(-14.6718577510471,-45.5606949297538,-145.089144779103));
#6998=CARTESIAN_POINT('Origin',(-17.6417062320306,-42.5908464487703,17.5));
#6999=CARTESIAN_POINT('Origin',(-42.5908464487703,-17.6417062320307,-145.089144779103));
#7000=CARTESIAN_POINT('',(-42.5908464487703,-21.8417062320307,0.));
#7001=CARTESIAN_POINT('Origin',(-42.5908464487703,-17.6417062320307,0.));
#7002=CARTESIAN_POINT('',(-42.5908464487703,-21.8417062320307,17.5));
#7003=CARTESIAN_POINT('',(-42.5908464487703,-21.8417062320307,-145.089144779103));
#7004=CARTESIAN_POINT('Origin',(-42.5908464487703,-17.6417062320307,17.5));
#7005=CARTESIAN_POINT('Origin',(-42.5908464487703,17.6417062320306,-145.089144779103));
#7006=CARTESIAN_POINT('',(-45.5606949297538,14.6718577510471,0.));
#7007=CARTESIAN_POINT('Origin',(-42.5908464487703,17.6417062320306,0.));
#7008=CARTESIAN_POINT('',(-45.5606949297538,14.6718577510471,-145.089144779103));
#7009=CARTESIAN_POINT('Origin',(17.6417062320306,42.5908464487703,-145.089144779103));
#7010=CARTESIAN_POINT('',(14.6718577510471,45.5606949297538,0.));
#7011=CARTESIAN_POINT('Origin',(17.6417062320306,42.5908464487703,0.));
#7012=CARTESIAN_POINT('',(14.6718577510471,45.5606949297538,-145.089144779103));
#7013=CARTESIAN_POINT('Origin',(-17.6417062320307,42.5908464487703,-145.089144779103));
#7014=CARTESIAN_POINT('',(-21.8417062320307,42.5908464487703,0.));
#7015=CARTESIAN_POINT('Origin',(-17.6417062320307,42.5908464487703,0.));
#7016=CARTESIAN_POINT('',(-21.8417062320307,42.5908464487703,-145.089144779103));
#7017=CARTESIAN_POINT('Origin',(0.,-2.23789190539413E-15,16.399540927884));
#7018=CARTESIAN_POINT('',(4.72713664470878E-15,38.6,16.9));
#7019=CARTESIAN_POINT('',(4.89552557959154E-15,39.975,16.399540927884));
#7020=CARTESIAN_POINT('Origin',(0.,-2.3061848723372E-15,16.9));
#7021=CARTESIAN_POINT('Origin',(0.,-2.26524667933711E-15,16.5999999999998));
#7022=CARTESIAN_POINT('',(-4.70039254576603E-15,38.3816178594402,16.2999999999996));
#7023=CARTESIAN_POINT('Origin',(0.,-2.22430848633701E-15,16.2999999999996));
#7024=CARTESIAN_POINT('',(-4.71376459523741E-15,38.4908089297201,16.5999999999998));
#7025=CARTESIAN_POINT('Origin',(0.,-19.1908089297201,16.2999999999996));
#7026=CARTESIAN_POINT('Origin',(0.,0.,0.5));
#7027=CARTESIAN_POINT('',(56.65,6.93762411716976E-15,0.));
#7028=CARTESIAN_POINT('Origin',(0.,0.,0.));
#7029=CARTESIAN_POINT('',(57.15,-6.99885645712712E-15,0.5));
#7030=CARTESIAN_POINT('Origin',(56.65,-6.93762411716976E-15,0.5));
#7031=CARTESIAN_POINT('Origin',(0.,0.,0.5));
#7032=CARTESIAN_POINT('Origin',(0.,0.,0.));
#7033=CARTESIAN_POINT('',(57.15,6.99885645712712E-15,0.));
#7034=CARTESIAN_POINT('Origin',(0.,0.,17.));
#7035=CARTESIAN_POINT('Origin',(0.,0.,0.));
#7036=CARTESIAN_POINT('Origin',(0.,0.,17.));
#7037=CARTESIAN_POINT('Origin',(0.,0.,17.5));
#7038=CARTESIAN_POINT('Origin',(0.,0.,17.5));
#7039=CARTESIAN_POINT('',(0.,0.,0.));
#7040=CARTESIAN_POINT('Origin',(-7.03027636095824E-12,-23.5,16.2999999999998));
#7041=CARTESIAN_POINT('',(-4.00000000000703,-23.5,16.2999999999998));
#7042=CARTESIAN_POINT('Origin',(-7.03027636095824E-12,-23.5,16.2999999999999));
#7043=CARTESIAN_POINT('',(-4.00000000000703,-23.5,8.29999999999978));
#7044=CARTESIAN_POINT('',(-4.00000000000703,-23.5,16.2999999999998));
#7045=CARTESIAN_POINT('Origin',(-7.03027636095824E-12,-23.5,8.29999999999978));
#7046=CARTESIAN_POINT('Origin',(-7.03027636095824E-12,-23.5,8.29999999999978));
#7047=CARTESIAN_POINT('Origin',(-23.5,4.44089209850063E-15,16.2999999999998));
#7048=CARTESIAN_POINT('',(-27.5,3.95103337884169E-15,16.2999999999998));
#7049=CARTESIAN_POINT('Origin',(-23.5,4.44089209850063E-15,16.2999999999999));
#7050=CARTESIAN_POINT('',(-27.5,3.95103337884169E-15,8.29999999999978));
#7051=CARTESIAN_POINT('',(-27.5,4.93075081815957E-15,16.2999999999998));
#7052=CARTESIAN_POINT('Origin',(-23.5,4.44089209850063E-15,8.29999999999978));
#7053=CARTESIAN_POINT('Origin',(-23.5,4.44089209850063E-15,8.29999999999978));
#7054=CARTESIAN_POINT('Origin',(23.5000003501703,-3.585624E-15,16.2999999999998));
#7055=CARTESIAN_POINT('',(19.5000003501703,-4.07548271965894E-15,16.2999999999998));
#7056=CARTESIAN_POINT('Origin',(23.5000003501703,-3.585624E-15,16.2999999999999));
#7057=CARTESIAN_POINT('',(19.5000003501703,-4.07548271965894E-15,8.29999999999978));
#7058=CARTESIAN_POINT('',(19.5000003501703,-3.09576528034106E-15,16.2999999999998));
#7059=CARTESIAN_POINT('Origin',(23.5000003501703,-3.585624E-15,8.29999999999978));
#7060=CARTESIAN_POINT('Origin',(23.5000003501703,-3.33066907387547E-15,
8.29999999999978));
#7061=CARTESIAN_POINT('Origin',(5.04870979341448E-27,23.5,16.2999999999998));
#7062=CARTESIAN_POINT('',(-4.,23.5,16.2999999999998));
#7063=CARTESIAN_POINT('Origin',(5.04870979341448E-27,23.5,16.2999999999999));
#7064=CARTESIAN_POINT('',(-4.,23.5,8.29999999999978));
#7065=CARTESIAN_POINT('',(-4.,23.5,16.2999999999998));
#7066=CARTESIAN_POINT('Origin',(5.04870979341448E-27,23.5,8.29999999999978));
#7067=CARTESIAN_POINT('Origin',(2.10942480566945E-16,23.5,8.29999999999978));
#7068=CARTESIAN_POINT('Origin',(11.6913429510899,6.75,10.8619975317218));
#7069=CARTESIAN_POINT('',(11.6913429510899,6.75,11.3489950634437));
#7070=CARTESIAN_POINT('',(13.3123429510899,6.75,10.375));
#7071=CARTESIAN_POINT('',(12.5018429510899,6.75,10.8619975317218));
#7072=CARTESIAN_POINT('Origin',(11.6913429510899,6.75,10.375));
#7073=CARTESIAN_POINT('Origin',(0.,-19.1908089297201,16.2999999999999));
#7074=CARTESIAN_POINT('',(-4.70039254576604E-15,38.3816178594402,16.2999999999999));
#7075=CARTESIAN_POINT('Origin',(0.,-3.585624E-15,16.2999999999999));
#7076=CARTESIAN_POINT('',(-8.,1.071864E-15,16.2999999999999));
#7077=CARTESIAN_POINT('Origin',(-2.332924E-15,9.214685E-17,16.2999999999999));
#7078=CARTESIAN_POINT('Origin',(0.,-3.651617E-15,16.6));
#7079=CARTESIAN_POINT('',(-4.72713664470878E-15,38.6,16.9));
#7080=CARTESIAN_POINT('',(-4.71376459523741E-15,38.4908089297201,16.6));
#7081=CARTESIAN_POINT('Origin',(0.,-3.71761E-15,16.9));
#7082=CARTESIAN_POINT('Origin',(-2.332924E-15,9.214685E-17,0.));
#7083=CARTESIAN_POINT('',(-8.,-8.875706E-16,1.2));
#7084=CARTESIAN_POINT('Origin',(-2.332924E-15,9.214685E-17,1.2));
#7085=CARTESIAN_POINT('',(-8.,-8.87570589317883E-16,0.));
#7086=CARTESIAN_POINT('Origin',(0.,-3.609523E-15,16.4086401837406));
#7087=CARTESIAN_POINT('',(5.05779128047857E-15,41.3,15.9172803674813));
#7088=CARTESIAN_POINT('Origin',(0.,-3.501435E-15,15.9172803674813));
#7089=CARTESIAN_POINT('',(4.89246396259368E-15,39.95,16.4086401837406));
#7090=CARTESIAN_POINT('Origin',(-1.124783E-16,9.214685E-17,1.2));
#7091=CARTESIAN_POINT('',(-8.93161785944029,-1.001661E-15,1.2));
#7092=CARTESIAN_POINT('Origin',(-1.124783E-16,9.214685E-17,1.2));
#7093=CARTESIAN_POINT('Origin',(0.,-3.675516E-15,16.7086401837406));
#7094=CARTESIAN_POINT('',(41.2394228863596,-2.23606797749979,17.5));
#7095=CARTESIAN_POINT('',(41.2394228863596,2.23606797749979,17.5));
#7096=CARTESIAN_POINT('Ctrl Pts',(41.2394228863596,-2.23606797749979,17.5));
#7097=CARTESIAN_POINT('Ctrl Pts',(41.2414525975696,-2.1986343575165,17.4581479405367));
#7098=CARTESIAN_POINT('Ctrl Pts',(41.243478613869,-2.16032337575509,17.4176826886358));
#7099=CARTESIAN_POINT('Ctrl Pts',(41.2591799173252,-1.85503809817387,17.1123974110546));
#7100=CARTESIAN_POINT('Ctrl Pts',(41.2737568476352,-1.51778396467277,16.8815388790829));
#7101=CARTESIAN_POINT('Ctrl Pts',(41.2943134368726,-0.778684953594818,16.575336505014));
#7102=CARTESIAN_POINT('Ctrl Pts',(41.3,-0.376828913560388,16.5));
#7103=CARTESIAN_POINT('Ctrl Pts',(41.3,0.376828913560389,16.5));
#7104=CARTESIAN_POINT('Ctrl Pts',(41.2943134368726,0.778684953594817,16.575336505014));
#7105=CARTESIAN_POINT('Ctrl Pts',(41.2737568476352,1.51778396467276,16.8815388790829));
#7106=CARTESIAN_POINT('Ctrl Pts',(41.2591799173252,1.85503809817387,17.1123974110546));
#7107=CARTESIAN_POINT('Ctrl Pts',(41.243478613869,2.16032337575509,17.4176826886358));
#7108=CARTESIAN_POINT('Ctrl Pts',(41.2414525975696,2.1986343575165,17.4581479405367));
#7109=CARTESIAN_POINT('Ctrl Pts',(41.2394228863596,2.23606797749979,17.5));
#7110=CARTESIAN_POINT('',(5.05779128047857E-15,41.3,17.5));
#7111=CARTESIAN_POINT('Origin',(0.,-3.849597E-15,17.5));
#7112=CARTESIAN_POINT('',(5.05779128047857E-15,41.3,16.7086401837406));
#7113=CARTESIAN_POINT('',(-41.2394228863596,2.23606797749979,17.5));
#7114=CARTESIAN_POINT('Origin',(0.,-3.849597E-15,17.5));
#7115=CARTESIAN_POINT('',(-41.2394228863596,-2.23606797749979,17.5));
#7116=CARTESIAN_POINT('Ctrl Pts',(-41.2394228863596,2.23606797749979,17.5));
#7117=CARTESIAN_POINT('Ctrl Pts',(-41.2414525975696,2.1986343575165,17.4581479405367));
#7118=CARTESIAN_POINT('Ctrl Pts',(-41.243478613869,2.16032337575509,17.4176826886358));
#7119=CARTESIAN_POINT('Ctrl Pts',(-41.2591799173252,1.85503809817387,17.1123974110546));
#7120=CARTESIAN_POINT('Ctrl Pts',(-41.2737568476352,1.51778396467276,16.8815388790829));
#7121=CARTESIAN_POINT('Ctrl Pts',(-41.2943134368726,0.778684953594816,16.575336505014));
#7122=CARTESIAN_POINT('Ctrl Pts',(-41.3,0.376828913560388,16.5));
#7123=CARTESIAN_POINT('Ctrl Pts',(-41.3,-0.376828913560389,16.5));
#7124=CARTESIAN_POINT('Ctrl Pts',(-41.2943134368726,-0.778684953594819,
16.575336505014));
#7125=CARTESIAN_POINT('Ctrl Pts',(-41.2737568476352,-1.51778396467277,16.8815388790829));
#7126=CARTESIAN_POINT('Ctrl Pts',(-41.2591799173252,-1.85503809817387,17.1123974110546));
#7127=CARTESIAN_POINT('Ctrl Pts',(-41.243478613869,-2.16032337575509,17.4176826886358));
#7128=CARTESIAN_POINT('Ctrl Pts',(-41.2414525975696,-2.1986343575165,17.4581479405367));
#7129=CARTESIAN_POINT('Ctrl Pts',(-41.2394228863596,-2.23606797749979,17.5));
#7130=CARTESIAN_POINT('Origin',(0.,-3.849597E-15,17.5));
#7131=CARTESIAN_POINT('Origin',(-1.124783E-16,9.214685E-17,0.6));
#7132=CARTESIAN_POINT('',(-9.15000000000001,-1.028405E-15,0.6));
#7133=CARTESIAN_POINT('',(-9.15000000000001,1.21269867121983E-15,0.6));
#7134=CARTESIAN_POINT('Origin',(-1.124783E-16,9.214685E-17,0.6));
#7135=CARTESIAN_POINT('Origin',(0.,0.,17.));
#7136=CARTESIAN_POINT('',(56.6058521709549,2.23606797749988,17.5));
#7137=CARTESIAN_POINT('',(57.1259354409186,1.65831239517779,17.));
#7138=CARTESIAN_POINT('Ctrl Pts',(56.6058521709549,2.23606797749979,17.5));
#7139=CARTESIAN_POINT('Ctrl Pts',(56.6070500113294,2.23606797749979,17.5));
#7140=CARTESIAN_POINT('Ctrl Pts',(56.6082483966105,2.23606413348384,17.4999957022376));
#7141=CARTESIAN_POINT('Ctrl Pts',(56.6612141339849,2.23572414931747,17.4996155927977));
#7142=CARTESIAN_POINT('Ctrl Pts',(56.7118436484003,2.22827272233462,17.4912146161187));
#7143=CARTESIAN_POINT('Ctrl Pts',(56.8166203833204,2.19793762308464,17.4580226693527));
#7144=CARTESIAN_POINT('Ctrl Pts',(56.8673542386755,2.17289701610595,17.4310583218787));
#7145=CARTESIAN_POINT('Ctrl Pts',(56.9659730679133,2.10192440146675,17.3587109334892));
#7146=CARTESIAN_POINT('Ctrl Pts',(57.0131294357541,2.0496877934586,17.3076002733319));
#7147=CARTESIAN_POINT('Ctrl Pts',(57.0955526733759,1.89741034088752,17.1734300054574));
#7148=CARTESIAN_POINT('Ctrl Pts',(57.1221113382756,1.79004598249152,17.0873821762814));
#7149=CARTESIAN_POINT('Ctrl Pts',(57.1259354409186,1.65831239517779,17.));
#7150=CARTESIAN_POINT('',(-57.1259354409186,1.65831239517779,17.));
#7151=CARTESIAN_POINT('Origin',(0.,0.,17.));
#7152=CARTESIAN_POINT('',(-56.6058521709549,2.23606797749988,17.5));
#7153=CARTESIAN_POINT('Ctrl Pts',(-57.1259354409186,1.65831239517779,17.));
#7154=CARTESIAN_POINT('Ctrl Pts',(-57.1221113382756,1.79004598249051,17.0873821762808));
#7155=CARTESIAN_POINT('Ctrl Pts',(-57.0955526733762,1.89741034088683,17.1734300054567));
#7156=CARTESIAN_POINT('Ctrl Pts',(-57.0131294357537,2.04968779345932,17.3076002733325));
#7157=CARTESIAN_POINT('Ctrl Pts',(-56.9659730679127,2.1019244014672,17.3587109334897));
#7158=CARTESIAN_POINT('Ctrl Pts',(-56.8673542386754,2.17289701610604,17.4310583218788));
#7159=CARTESIAN_POINT('Ctrl Pts',(-56.8166203833204,2.19793762308463,17.4580226693527));
#7160=CARTESIAN_POINT('Ctrl Pts',(-56.7118436484005,2.22827272233455,17.4912146161187));
#7161=CARTESIAN_POINT('Ctrl Pts',(-56.6612141339849,2.23572414931749,17.4996155927977));
#7162=CARTESIAN_POINT('Ctrl Pts',(-56.6082483966105,2.23606413348386,17.4999957022376));
#7163=CARTESIAN_POINT('Ctrl Pts',(-56.6070500113294,2.23606797749979,17.5));
#7164=CARTESIAN_POINT('Ctrl Pts',(-56.6058521709549,2.23606797749979,17.5));
#7165=CARTESIAN_POINT('Origin',(0.,0.,17.5));
#7166=CARTESIAN_POINT('Origin',(0.,0.,19.5));
#7167=CARTESIAN_POINT('',(-56.6058521709549,2.23606797749979,17.5));
#7168=CARTESIAN_POINT('',(-57.1259354409186,-1.65831239517779,17.));
#7169=CARTESIAN_POINT('Ctrl Pts',(-57.1259354409186,-1.65831239517776,17.));
#7170=CARTESIAN_POINT('Ctrl Pts',(-57.1305636595041,-1.49887843273892,16.8942434735502));
#7171=CARTESIAN_POINT('Ctrl Pts',(-57.1348701395917,-1.32708129279872,16.8025257397762));
#7172=CARTESIAN_POINT('Ctrl Pts',(-57.1458916302914,-0.7785875893363,16.5753099275263));
#7173=CARTESIAN_POINT('Ctrl Pts',(-57.15,-0.376760922232552,16.5));
#7174=CARTESIAN_POINT('Ctrl Pts',(-57.15,0.376760922232553,16.5));
#7175=CARTESIAN_POINT('Ctrl Pts',(-57.1458916302914,0.7785875893363,16.5753099275263));
#7176=CARTESIAN_POINT('Ctrl Pts',(-57.1348701395917,1.32708129279872,16.8025257397762));
#7177=CARTESIAN_POINT('Ctrl Pts',(-57.1305636595041,1.49887843273892,16.8942434735502));
#7178=CARTESIAN_POINT('Ctrl Pts',(-57.1259354409186,1.65831239517776,17.));
#7179=CARTESIAN_POINT('',(-56.6058521709549,-2.23606797749988,17.5));
#7180=CARTESIAN_POINT('Ctrl Pts',(-56.6058521709549,-2.23606797749979,17.5));
#7181=CARTESIAN_POINT('Ctrl Pts',(-56.6070500113294,-2.23606797749979,17.5));
#7182=CARTESIAN_POINT('Ctrl Pts',(-56.6082483966105,-2.23606413348386,17.4999957022376));
#7183=CARTESIAN_POINT('Ctrl Pts',(-56.6612141339849,-2.23572414931749,17.4996155927977));
#7184=CARTESIAN_POINT('Ctrl Pts',(-56.7118436484004,-2.22827272233459,17.4912146161187));
#7185=CARTESIAN_POINT('Ctrl Pts',(-56.8166203833204,-2.19793762308464,17.4580226693527));
#7186=CARTESIAN_POINT('Ctrl Pts',(-56.8673542386754,-2.172897016106,17.4310583218788));
#7187=CARTESIAN_POINT('Ctrl Pts',(-56.9659730679127,-2.1019244014672,17.3587109334897));
#7188=CARTESIAN_POINT('Ctrl Pts',(-57.0131294357537,-2.04968779345932,17.3076002733325));
#7189=CARTESIAN_POINT('Ctrl Pts',(-57.0955526733762,-1.89741034088683,17.1734300054567));
#7190=CARTESIAN_POINT('Ctrl Pts',(-57.1221113382756,-1.79004598249051,17.0873821762808));
#7191=CARTESIAN_POINT('Ctrl Pts',(-57.1259354409186,-1.65831239517779,17.));
#7192=CARTESIAN_POINT('',(-41.2394228863596,-2.23606797749979,17.5));
#7193=CARTESIAN_POINT('Origin',(0.,0.,17.));
#7194=CARTESIAN_POINT('',(57.1259354409186,-1.65831239517779,17.));
#7195=CARTESIAN_POINT('',(56.6058521709549,-2.23606797749988,17.5));
#7196=CARTESIAN_POINT('Ctrl Pts',(57.1259354409186,-1.65831239517779,17.));
#7197=CARTESIAN_POINT('Ctrl Pts',(57.1221113382756,-1.79004598249098,17.0873821762811));
#7198=CARTESIAN_POINT('Ctrl Pts',(57.0955526733761,-1.89741034088715,17.173430005457));
#7199=CARTESIAN_POINT('Ctrl Pts',(57.0131294357537,-2.04968779345942,17.3076002733326));
#7200=CARTESIAN_POINT('Ctrl Pts',(56.9659730679126,-2.10192440146727,17.3587109334898));
#7201=CARTESIAN_POINT('Ctrl Pts',(56.8673542386755,-2.17289701610595,17.4310583218787));
#7202=CARTESIAN_POINT('Ctrl Pts',(56.8166203833204,-2.19793762308464,17.4580226693527));
#7203=CARTESIAN_POINT('Ctrl Pts',(56.7118436484004,-2.2282727223346,17.4912146161187));
#7204=CARTESIAN_POINT('Ctrl Pts',(56.6612141339849,-2.2357241493175,17.4996155927977));
#7205=CARTESIAN_POINT('Ctrl Pts',(56.6082483966105,-2.23606413348387,17.4999957022376));
#7206=CARTESIAN_POINT('Ctrl Pts',(56.6070500113294,-2.23606797749979,17.5));
#7207=CARTESIAN_POINT('Ctrl Pts',(56.6058521709549,-2.23606797749979,17.5));
#7208=CARTESIAN_POINT('Origin',(0.,0.,17.5));
#7209=CARTESIAN_POINT('Origin',(0.,0.,17.));
#7210=CARTESIAN_POINT('Origin',(0.,0.,19.5));
#7211=CARTESIAN_POINT('',(56.6058521709549,-2.23606797749979,17.5));
#7212=CARTESIAN_POINT('',(57.15,3.88106739327846E-15,16.5));
#7213=CARTESIAN_POINT('Ctrl Pts',(57.15,8.32667268468867E-16,16.5));
#7214=CARTESIAN_POINT('Ctrl Pts',(57.15,-0.376760922232552,16.5));
#7215=CARTESIAN_POINT('Ctrl Pts',(57.1458916302914,-0.7785875893363,16.5753099275263));
#7216=CARTESIAN_POINT('Ctrl Pts',(57.1348701395917,-1.32708129279872,16.8025257397762));
#7217=CARTESIAN_POINT('Ctrl Pts',(57.1305636595041,-1.49887843273892,16.8942434735502));
#7218=CARTESIAN_POINT('Ctrl Pts',(57.1259354409186,-1.65831239517776,17.));
#7219=CARTESIAN_POINT('Ctrl Pts',(57.1259354409186,1.65831239517776,17.));
#7220=CARTESIAN_POINT('Ctrl Pts',(57.1305636595041,1.49887843273892,16.8942434735502));
#7221=CARTESIAN_POINT('Ctrl Pts',(57.1348701395917,1.32708129279872,16.8025257397762));
#7222=CARTESIAN_POINT('Ctrl Pts',(57.1458916302914,0.778587589336301,16.5753099275263));
#7223=CARTESIAN_POINT('Ctrl Pts',(57.15,0.376760922232553,16.5));
#7224=CARTESIAN_POINT('Ctrl Pts',(57.15,4.85722573273506E-16,16.5));
#7225=CARTESIAN_POINT('',(41.2394228863596,2.23606797749979,17.5));
#7226=CARTESIAN_POINT('Origin',(0.,0.,17.5));
#7227=CARTESIAN_POINT('',(45.5606949297538,-14.6718577510471,17.5000000000001));
#7228=CARTESIAN_POINT('Origin',(42.5908464487703,-17.6417062320306,17.5000000000001));
#7229=CARTESIAN_POINT('',(21.8417062320307,-42.5908464487703,17.5));
#7230=CARTESIAN_POINT('Origin',(17.6417062320307,-42.5908464487703,17.5));
#7231=CARTESIAN_POINT('',(-14.6718577510471,-45.5606949297538,17.5));
#7232=CARTESIAN_POINT('Origin',(-17.6417062320306,-42.5908464487703,17.5));
#7233=CARTESIAN_POINT('',(-42.5908464487703,-21.8417062320307,17.5));
#7234=CARTESIAN_POINT('Origin',(-42.5908464487703,-17.6417062320307,17.5));
#7235=CARTESIAN_POINT('Origin',(0.,0.,17.5));
#7236=CARTESIAN_POINT('',(42.5908464487703,21.8417062320307,17.5));
#7237=CARTESIAN_POINT('Origin',(42.5908464487703,17.6417062320307,17.5));
#7238=CARTESIAN_POINT('',(-45.5606949297538,14.6718577510471,17.5));
#7239=CARTESIAN_POINT('Origin',(-42.5908464487703,17.6417062320306,17.5));
#7240=CARTESIAN_POINT('',(14.6718577510471,45.5606949297538,17.5));
#7241=CARTESIAN_POINT('Origin',(17.6417062320306,42.5908464487703,17.5));
#7242=CARTESIAN_POINT('',(-21.8417062320307,42.5908464487703,17.5));
#7243=CARTESIAN_POINT('Origin',(-17.6417062320307,42.5908464487703,17.5));
#7244=CARTESIAN_POINT('Origin',(1.133785E-15,13.5,10.8619975317218));
#7245=CARTESIAN_POINT('',(1.133785E-15,13.5,11.3489950634437));
#7246=CARTESIAN_POINT('',(0.810500000000002,14.9038271795346,10.375));
#7247=CARTESIAN_POINT('',(0.405250000000001,14.2019135897673,10.8619975317218));
#7248=CARTESIAN_POINT('Origin',(1.133785E-15,13.5,10.375));
#7249=CARTESIAN_POINT('Origin',(-11.6913429510899,6.75000000000001,10.8619975317218));
#7250=CARTESIAN_POINT('',(-11.6913429510899,6.75000000000001,11.3489950634437));
#7251=CARTESIAN_POINT('',(-12.5018429510899,8.15382717953458,10.375));
#7252=CARTESIAN_POINT('',(-12.0965929510899,7.45191358976729,10.8619975317218));
#7253=CARTESIAN_POINT('Origin',(-11.6913429510899,6.75000000000001,10.375));
#7254=CARTESIAN_POINT('Origin',(-11.6913429510899,-6.75,10.8619975317218));
#7255=CARTESIAN_POINT('',(-11.6913429510899,-6.75,11.3489950634437));
#7256=CARTESIAN_POINT('',(-13.3123429510899,-6.75,10.375));
#7257=CARTESIAN_POINT('',(-12.5018429510899,-6.75,10.8619975317218));
#7258=CARTESIAN_POINT('Origin',(-11.6913429510899,-6.75,10.375));
#7259=CARTESIAN_POINT('Origin',(-1.024053E-14,-13.5,10.8619975317218));
#7260=CARTESIAN_POINT('',(-1.024053E-14,-13.5,11.3489950634437));
#7261=CARTESIAN_POINT('',(-0.810500000000012,-14.9038271795346,10.375));
#7262=CARTESIAN_POINT('',(-0.405250000000011,-14.2019135897673,10.8619975317218));
#7263=CARTESIAN_POINT('Origin',(-1.024053E-14,-13.5,10.375));
#7264=CARTESIAN_POINT('Origin',(11.6913429510899,-6.75000000000001,10.8619975317218));
#7265=CARTESIAN_POINT('',(11.6913429510899,-6.75000000000001,11.3489950634437));
#7266=CARTESIAN_POINT('',(12.5018429510899,-8.15382717953459,10.375));
#7267=CARTESIAN_POINT('',(12.0965929510899,-7.4519135897673,10.8619975317218));
#7268=CARTESIAN_POINT('Origin',(11.6913429510899,-6.75000000000001,10.375));
#7269=CARTESIAN_POINT('Origin',(-1.124783E-16,9.214685E-17,1.18235237482592));
#7270=CARTESIAN_POINT('',(-10.75,1.408642E-15,1.18235237482592));
#7271=CARTESIAN_POINT('Origin',(-1.124783E-16,9.214685E-17,1.18235237482592));
#7272=CARTESIAN_POINT('',(-10.75,-1.2243484590834E-15,1.18235237482592));
#7273=CARTESIAN_POINT('Origin',(0.,0.,0.));
#7274=CARTESIAN_POINT('',(57.15,-6.998856E-15,0.5));
#7275=CARTESIAN_POINT('',(57.15,6.99885645712712E-15,0.));
#7276=CARTESIAN_POINT('Origin',(0.,0.,0.5));
#7277=CARTESIAN_POINT('Origin',(-17.6417062320307,42.5908464487703,-145.089144779103));
#7278=CARTESIAN_POINT('',(-21.8417062320307,42.5908464487703,0.));
#7279=CARTESIAN_POINT('Origin',(-17.6417062320307,42.5908464487703,0.));
#7280=CARTESIAN_POINT('',(-21.8417062320307,42.5908464487703,-145.089144779103));
#7281=CARTESIAN_POINT('Origin',(17.6417062320306,42.5908464487703,-145.089144779103));
#7282=CARTESIAN_POINT('',(14.6718577510471,45.5606949297538,0.));
#7283=CARTESIAN_POINT('Origin',(17.6417062320306,42.5908464487703,0.));
#7284=CARTESIAN_POINT('',(14.6718577510471,45.5606949297538,-145.089144779103));
#7285=CARTESIAN_POINT('Origin',(-42.5908464487703,17.6417062320306,-145.089144779103));
#7286=CARTESIAN_POINT('',(-45.5606949297538,14.6718577510471,0.));
#7287=CARTESIAN_POINT('Origin',(-42.5908464487703,17.6417062320306,0.));
#7288=CARTESIAN_POINT('',(-45.5606949297538,14.6718577510471,-145.089144779103));
#7289=CARTESIAN_POINT('Origin',(-42.5908464487703,-17.6417062320307,-145.089144779103));
#7290=CARTESIAN_POINT('',(-42.5908464487703,-21.8417062320307,0.));
#7291=CARTESIAN_POINT('Origin',(-42.5908464487703,-17.6417062320307,0.));
#7292=CARTESIAN_POINT('',(-42.5908464487703,-21.8417062320307,-145.089144779103));
#7293=CARTESIAN_POINT('Origin',(-17.6417062320306,-42.5908464487703,-145.089144779103));
#7294=CARTESIAN_POINT('',(-14.6718577510471,-45.5606949297538,0.));
#7295=CARTESIAN_POINT('Origin',(-17.6417062320306,-42.5908464487703,0.));
#7296=CARTESIAN_POINT('',(-14.6718577510471,-45.5606949297538,-145.089144779103));
#7297=CARTESIAN_POINT('Origin',(17.6417062320307,-42.5908464487703,-145.089144779103));
#7298=CARTESIAN_POINT('',(21.8417062320307,-42.5908464487703,0.));
#7299=CARTESIAN_POINT('Origin',(17.6417062320307,-42.5908464487703,0.));
#7300=CARTESIAN_POINT('',(21.8417062320307,-42.5908464487703,-145.089144779103));
#7301=CARTESIAN_POINT('Origin',(42.5908464487703,-17.6417062320306,-145.089144779103));
#7302=CARTESIAN_POINT('',(45.5606949297538,-14.6718577510471,0.));
#7303=CARTESIAN_POINT('Origin',(42.5908464487703,-17.6417062320306,7.105427E-14));
#7304=CARTESIAN_POINT('',(45.5606949297538,-14.6718577510471,-145.089144779103));
#7305=CARTESIAN_POINT('Origin',(42.5908464487703,17.6417062320307,-145.089144779103));
#7306=CARTESIAN_POINT('',(42.5908464487703,21.8417062320307,0.));
#7307=CARTESIAN_POINT('Origin',(42.5908464487703,17.6417062320307,0.));
#7308=CARTESIAN_POINT('',(42.5908464487703,21.8417062320307,-145.089144779103));
#7309=CARTESIAN_POINT('Origin',(1.133785E-15,13.5,5.1875));
#7310=CARTESIAN_POINT('',(0.810500000000001,14.9038271795346,0.));
#7311=CARTESIAN_POINT('',(0.810500000000001,14.9038271795346,5.1875));
#7312=CARTESIAN_POINT('Origin',(1.133785E-15,13.5,0.));
#7313=CARTESIAN_POINT('Origin',(-11.6913429510899,6.75000000000001,5.1875));
#7314=CARTESIAN_POINT('',(-12.5018429510899,8.15382717953458,0.));
#7315=CARTESIAN_POINT('',(-12.5018429510899,8.15382717953458,5.1875));
#7316=CARTESIAN_POINT('Origin',(-11.6913429510899,6.75000000000001,0.));
#7317=CARTESIAN_POINT('Origin',(-11.6913429510899,-6.75,5.1875));
#7318=CARTESIAN_POINT('',(-13.3123429510899,-6.75,0.));
#7319=CARTESIAN_POINT('',(-13.3123429510899,-6.75,5.1875));
#7320=CARTESIAN_POINT('Origin',(-11.6913429510899,-6.75,0.));
#7321=CARTESIAN_POINT('Origin',(-1.024053E-14,-13.5,5.1875));
#7322=CARTESIAN_POINT('',(-0.810500000000011,-14.9038271795346,0.));
#7323=CARTESIAN_POINT('',(-0.810500000000011,-14.9038271795346,5.1875));
#7324=CARTESIAN_POINT('Origin',(-1.024053E-14,-13.5,0.));
#7325=CARTESIAN_POINT('Origin',(11.6913429510899,-6.75000000000001,5.1875));
#7326=CARTESIAN_POINT('',(12.5018429510899,-8.15382717953459,0.));
#7327=CARTESIAN_POINT('',(12.5018429510899,-8.15382717953459,5.1875));
#7328=CARTESIAN_POINT('Origin',(11.6913429510899,-6.75000000000001,0.));
#7329=CARTESIAN_POINT('Origin',(-19.5,1.766061E-11,-1.7));
#7330=CARTESIAN_POINT('',(-19.5,1.833030278,0.));
#7331=CARTESIAN_POINT('',(-19.5,-1.83303027799999,0.));
#7332=CARTESIAN_POINT('Origin',(-19.5,1.766061E-11,0.));
#7333=CARTESIAN_POINT('Origin',(-19.5,1.766061E-11,-1.7));
#7334=CARTESIAN_POINT('Origin',(19.5,1.766392E-11,-1.7));
#7335=CARTESIAN_POINT('',(19.5,-1.83303027800001,0.));
#7336=CARTESIAN_POINT('',(19.5,1.833030278,0.));
#7337=CARTESIAN_POINT('Origin',(19.5,1.766392E-11,0.));
#7338=CARTESIAN_POINT('Origin',(19.5,1.766392E-11,-1.7));
#7339=CARTESIAN_POINT('Origin',(5.29628407470595,1.766115E-11,-1.7));
#7340=CARTESIAN_POINT('',(10.5925681494119,-1.833030278,0.));
#7341=CARTESIAN_POINT('',(10.5925681494119,-1.833030278,0.));
#7342=CARTESIAN_POINT('',(10.5925681494119,1.833030278,0.));
#7343=CARTESIAN_POINT('Ctrl Pts',(10.5925681494153,-1.83303027798031,-1.68632469099705E-11));
#7344=CARTESIAN_POINT('Ctrl Pts',(10.5962815614978,-1.81157151048312,0.0231379826603459));
#7345=CARTESIAN_POINT('Ctrl Pts',(10.5999817039061,-1.78980078781431,0.0457331181007695));
#7346=CARTESIAN_POINT('Ctrl Pts',(10.640548911951,-1.54646516094897,0.289068744966085));
#7347=CARTESIAN_POINT('Ctrl Pts',(10.6796514590441,-1.26611622486137,0.481287683162209));
#7348=CARTESIAN_POINT('Ctrl Pts',(10.7347500494986,-0.650497463632334,0.736784638591009));
#7349=CARTESIAN_POINT('Ctrl Pts',(10.7500000000005,-0.315135089734606,0.8));
#7350=CARTESIAN_POINT('Ctrl Pts',(10.7499999999995,0.315135089770025,0.8));
#7351=CARTESIAN_POINT('Ctrl Pts',(10.7347500494965,0.650497463667797,0.736784638590974));
#7352=CARTESIAN_POINT('Ctrl Pts',(10.6796514590399,1.26611622489686,0.481287683162117));
#7353=CARTESIAN_POINT('Ctrl Pts',(10.6405489119459,1.54646516098444,0.289068744965972));
#7354=CARTESIAN_POINT('Ctrl Pts',(10.599981703901,1.78980078784449,0.0457331181059071));
#7355=CARTESIAN_POINT('Ctrl Pts',(10.5962815614935,1.81157151050816,0.0231379826710248));
#7356=CARTESIAN_POINT('Ctrl Pts',(10.5925681494118,1.83303027800036,-3.88369891801688E-13));
#7357=CARTESIAN_POINT('',(19.5,1.833030278,0.));
#7358=CARTESIAN_POINT('Origin',(-1.124783E-16,9.214685E-17,0.));
#7359=CARTESIAN_POINT('',(-10.5925681494119,1.833030278,0.));
#7360=CARTESIAN_POINT('',(-10.75,8.83034462492559E-12,0.8));
#7361=CARTESIAN_POINT('Ctrl Pts',(-10.592568149412,1.83303027799907,9.99547666857836E-13));
#7362=CARTESIAN_POINT('Ctrl Pts',(-10.5962815614936,1.81157151050729,0.0231379826719282));
#7363=CARTESIAN_POINT('Ctrl Pts',(-10.5999817039011,1.78980078784405,0.0457331181063479));
#7364=CARTESIAN_POINT('Ctrl Pts',(-10.6405489119459,1.54646516098445,0.289068744965972));
#7365=CARTESIAN_POINT('Ctrl Pts',(-10.6796514590399,1.26611622489686,0.481287683162117));
#7366=CARTESIAN_POINT('Ctrl Pts',(-10.7347500494965,0.650497463667797,0.736784638590974));
#7367=CARTESIAN_POINT('Ctrl Pts',(-10.75,0.315135089770025,0.8));
#7368=CARTESIAN_POINT('Ctrl Pts',(-10.75,1.76621217651274E-11,0.8));
#7369=CARTESIAN_POINT('Origin',(-1.124783E-16,9.214685E-17,0.));
#7370=CARTESIAN_POINT('',(-10.5925681494119,-1.833030278,0.));
#7371=CARTESIAN_POINT('Origin',(-1.124783E-16,9.214685E-17,0.));
#7372=CARTESIAN_POINT('Ctrl Pts',(-10.75,1.76617748204322E-11,0.8));
#7373=CARTESIAN_POINT('Ctrl Pts',(-10.75,-0.315135089734606,0.8));
#7374=CARTESIAN_POINT('Ctrl Pts',(-10.7347500494986,-0.650497463632334,
0.736784638591009));
#7375=CARTESIAN_POINT('Ctrl Pts',(-10.6796514590441,-1.26611622486137,0.481287683162209));
#7376=CARTESIAN_POINT('Ctrl Pts',(-10.640548911951,-1.54646516094897,0.289068744966084));
#7377=CARTESIAN_POINT('Ctrl Pts',(-10.599981703906,-1.78980078781475,0.0457331181003286));
#7378=CARTESIAN_POINT('Ctrl Pts',(-10.5962815614976,-1.81157151048399,0.0231379826594425));
#7379=CARTESIAN_POINT('Ctrl Pts',(-10.5925681494151,-1.8330302779816,-1.82506787460568E-11));
#7380=CARTESIAN_POINT('',(-10.75,-1.2243484590834E-15,0.));
#7381=CARTESIAN_POINT('Origin',(-11.,1.766226E-11,-1.7));
#7382=CARTESIAN_POINT('',(-10.5925681494119,1.833030278,0.));
#7383=CARTESIAN_POINT('',(-19.5,-1.83303027799999,0.));
#7384=CARTESIAN_POINT('Origin',(0.,0.,0.5));
#7385=CARTESIAN_POINT('',(56.65,6.937624E-15,0.));
#7386=CARTESIAN_POINT('Origin',(0.,0.,0.));
#7387=CARTESIAN_POINT('Origin',(56.65,-6.93762411716976E-15,0.5));
#7388=CARTESIAN_POINT('Origin',(0.,0.,0.));
#7389=CARTESIAN_POINT('',(13.3123429510899,6.75,0.));
#7390=CARTESIAN_POINT('Origin',(11.6913429510899,6.75,0.));
#7391=CARTESIAN_POINT('Origin',(11.6913429510899,6.75,5.1875));
#7392=CARTESIAN_POINT('',(13.3123429510899,6.75,5.1875));
#7393=CARTESIAN_POINT('',(0.,0.,0.));
#7394=CARTESIAN_POINT('',(0.,0.,0.));
#7395=CARTESIAN_POINT('Origin',(5.72456457237359E-12,-1.05143645558477E-51,
91.8500000000001));
#7396=CARTESIAN_POINT('',(19.0000002831278,-2.32682895305242E-15,91.8499999999989));
#7397=CARTESIAN_POINT('Origin',(5.72456457237359E-12,-1.05143645558477E-51,
91.8500000000001));
#7398=CARTESIAN_POINT('',(19.0000002831278,2.32682895305242E-15,91.9499999999989));
#7399=CARTESIAN_POINT('',(19.0000002831278,2.32682895305242E-15,91.8499999999989));
#7400=CARTESIAN_POINT('Origin',(5.73078182131149E-12,-1.05143645558477E-51,
91.9500000000001));
#7401=CARTESIAN_POINT('Origin',(5.72635619477957E-12,-1.05258118770844E-51,
91.8500000000001));
#7402=CARTESIAN_POINT('Origin',(5.73079708687807E-12,-1.05258118770844E-51,
91.9500000000001));
#7403=CARTESIAN_POINT('Origin',(5.73079708687807E-12,-1.05258118770844E-51,
111.95));
#7404=CARTESIAN_POINT('',(14.0000000000058,-1.71450551880629E-15,113.499999999999));
#7405=CARTESIAN_POINT('Origin',(5.82716444541554E-12,-1.05258118770844E-51,
113.5));
#7406=CARTESIAN_POINT('',(14.0000000000057,-1.71450551880629E-15,111.949999999999));
#7407=CARTESIAN_POINT('',(14.0000000000057,1.71450551880629E-15,111.949999999999));
#7408=CARTESIAN_POINT('Origin',(5.73079708687807E-12,-1.05258118770844E-51,
111.95));
#7409=CARTESIAN_POINT('Origin',(5.72456457237359E-12,-1.05143645558477E-51,
111.85));
#7410=CARTESIAN_POINT('',(19.0000002831278,-2.32682895305242E-15,111.949999999999));
#7411=CARTESIAN_POINT('Origin',(5.73078182131149E-12,-1.05143645558477E-51,
111.95));
#7412=CARTESIAN_POINT('',(19.0000002831279,2.32682895305242E-15,113.499999999999));
#7413=CARTESIAN_POINT('',(19.0000002831278,2.32682895305242E-15,111.849999999999));
#7414=CARTESIAN_POINT('Origin',(5.82714917984895E-12,-1.05143645558477E-51,
113.5));
#7415=CARTESIAN_POINT('Origin',(6.97620433642854E-12,0.,111.95));
#7416=CARTESIAN_POINT('Origin',(7.07390396259555E-12,0.,113.5));
#7417=CARTESIAN_POINT('',(0.,0.,20.));
#7418=CARTESIAN_POINT('',(0.,0.,0.));
#7419=CARTESIAN_POINT('',(0.,0.,0.));
#7420=CARTESIAN_POINT('Origin',(-6.3,0.,-1.38777878078145E-16));
#7421=CARTESIAN_POINT('',(-11.3,-3.06161699786838E-16,-2.5));
#7422=CARTESIAN_POINT('Origin',(-11.3,0.,-1.38777878078145E-16));
#7423=CARTESIAN_POINT('',(-6.3,-3.06161699786838E-16,-2.5));
#7424=CARTESIAN_POINT('',(-6.3,-3.06161699786838E-16,-2.5));
#7425=CARTESIAN_POINT('Origin',(-6.3,0.,-1.38777878078145E-16));
#7426=CARTESIAN_POINT('Origin',(-6.3,0.,0.));
#7427=CARTESIAN_POINT('',(-6.3,-1.83697019872103E-16,-1.5));
#7428=CARTESIAN_POINT('Origin',(-6.3,0.,-1.38777878078145E-16));
#7429=CARTESIAN_POINT('Origin',(15.7,0.,0.));
#7430=CARTESIAN_POINT('',(15.7,-1.83697019872103E-16,-1.5));
#7431=CARTESIAN_POINT('Origin',(15.7,0.,-1.38777878078145E-16));
#7432=CARTESIAN_POINT('Origin',(-6.3,0.,-1.38777878078145E-16));
#7433=CARTESIAN_POINT('',(-6.3,-1.83697019872103E-16,-1.5));
#7434=CARTESIAN_POINT('Origin',(-11.3,0.,0.));
#7435=CARTESIAN_POINT('',(0.,0.,0.));
#7436=CARTESIAN_POINT('Origin',(-4.8,0.,0.));
#7437=CARTESIAN_POINT('',(-4.32916666666667,0.00426272406277212,-4.71847105102395));
#7438=CARTESIAN_POINT('',(-4.196875,0.00433093650784659,-4.71037003250418));
#7439=CARTESIAN_POINT('',(-4.8,-5.77638952928225E-16,-4.71678));
#7440=CARTESIAN_POINT('',(-3.8,-2.62913311446954E-14,4.71678));
#7441=CARTESIAN_POINT('Ctrl Pts',(-4.32916666666667,0.00426272406277212,
-4.71847105102395));
#7442=CARTESIAN_POINT('Ctrl Pts',(-4.31826645050867,0.309134344076242,-4.72119870820533));
#7443=CARTESIAN_POINT('Ctrl Pts',(-4.30736623435067,0.613506229371307,-4.69413774996572));
#7444=CARTESIAN_POINT('Ctrl Pts',(-4.29646601819267,0.91164654296506,-4.63551245222602));
#7445=CARTESIAN_POINT('Ctrl Pts',(-4.24088241516246,2.43195702102287,-4.33656376810284));
#7446=CARTESIAN_POINT('Ctrl Pts',(-4.18529881213224,3.79022804701378,-3.21684810534347));
#7447=CARTESIAN_POINT('Ctrl Pts',(-4.12971520910202,4.37502249939149,-1.78161356605772));
#7448=CARTESIAN_POINT('Ctrl Pts',(-4.07413160607181,4.95981695176921,-0.346379026771971));
#7449=CARTESIAN_POINT('Ctrl Pts',(-4.01854800304159,4.77113483053373,1.40437438904017));
#7450=CARTESIAN_POINT('Ctrl Pts',(-3.96296440001137,3.8911208667012,2.68040401185766));
#7451=CARTESIAN_POINT('Ctrl Pts',(-3.90864293334091,3.03108937180371,3.92745884183538));
#7452=CARTESIAN_POINT('Ctrl Pts',(-3.85432146667046,1.51076570998293,4.72110420525511));
#7453=CARTESIAN_POINT('Ctrl Pts',(-3.8,-0.00217541112110527,4.72412742305867));
#7454=CARTESIAN_POINT('',(-3.8,3.33526712336509,3.33526712336508));
#7455=CARTESIAN_POINT('Origin',(-3.8,0.,0.));
#7456=CARTESIAN_POINT('Ctrl Pts',(-3.8,3.33526712336508,3.33526712336508));
#7457=CARTESIAN_POINT('Ctrl Pts',(-3.82779180151511,3.88557371570244,2.78496053102773));
#7458=CARTESIAN_POINT('Ctrl Pts',(-3.85558360303022,4.29233673347714,2.09752736206738));
#7459=CARTESIAN_POINT('Ctrl Pts',(-3.88337540454532,4.51680910909972,1.35155576633643));
#7460=CARTESIAN_POINT('Ctrl Pts',(-3.91116720606043,4.74128148472231,0.605584170605479));
#7461=CARTESIAN_POINT('Ctrl Pts',(-3.93895900757554,4.78346321819277,-0.198925851896084));
#7462=CARTESIAN_POINT('Ctrl Pts',(-3.96675080909065,4.62367929362013,-0.959351381017896));
#7463=CARTESIAN_POINT('Ctrl Pts',(-4.02233441212087,4.30411144447486,-2.48020243926152));
#7464=CARTESIAN_POINT('Ctrl Pts',(-4.07791801515108,3.17668096315717,-3.82471552398614));
#7465=CARTESIAN_POINT('Ctrl Pts',(-4.1335016181813,1.73714511549621,-4.39330715876552));
#7466=CARTESIAN_POINT('Ctrl Pts',(-4.15462607878753,1.19005178855513,-4.60939951217775));
#7467=CARTESIAN_POINT('Ctrl Pts',(-4.17575053939376,0.597878960341875,-4.71342025208416));
#7468=CARTESIAN_POINT('Ctrl Pts',(-4.196875,0.00433093650784659,-4.71037003250418));
#7469=CARTESIAN_POINT('Origin',(-4.8,0.,0.));
#7470=CARTESIAN_POINT('',(-5.3875,-0.0010508428131728,-4.70954550316211));
#7471=CARTESIAN_POINT('',(-5.25520833333333,-0.00405948763231384,-4.71497981130616));
#7472=CARTESIAN_POINT('',(-4.8,-5.77638952928225E-16,-4.71678));
#7473=CARTESIAN_POINT('Ctrl Pts',(-5.3875,-0.0010508428131728,-4.70954550316211));
#7474=CARTESIAN_POINT('Ctrl Pts',(-5.35732362424553,0.847030946562209,-4.7078252476052));
#7475=CARTESIAN_POINT('Ctrl Pts',(-5.32714724849106,1.69594021750693,-4.48891263752905));
#7476=CARTESIAN_POINT('Ctrl Pts',(-5.29697087273658,2.41862093438789,-4.0582070869361));
#7477=CARTESIAN_POINT('Ctrl Pts',(-5.24138726970637,3.7497681341555,-3.26486574794114));
#7478=CARTESIAN_POINT('Ctrl Pts',(-5.18580366667614,4.65264613622442,-1.75295171050937));
#7479=CARTESIAN_POINT('Ctrl Pts',(-5.13022006364593,4.71982381028321,-0.204777381969209));
#7480=CARTESIAN_POINT('Ctrl Pts',(-5.07463646061571,4.78700148434201,1.34339694657094));
#7481=CARTESIAN_POINT('Ctrl Pts',(-5.01905285758549,4.01847883039068,2.92783156621948));
#7482=CARTESIAN_POINT('Ctrl Pts',(-4.96346925455528,2.76102582666962,3.83348222553829));
#7483=CARTESIAN_POINT('Ctrl Pts',(-4.90788565152506,1.50357282294856,4.7391328848571));
#7484=CARTESIAN_POINT('Ctrl Pts',(-4.85230204849484,-0.242810530542226,
4.96599958384617));
#7485=CARTESIAN_POINT('Ctrl Pts',(-4.79671844546463,-1.68988537321051,4.4117043293118));
#7486=CARTESIAN_POINT('Ctrl Pts',(-4.74113484243441,-3.13696021587879,3.85740907477744));
#7487=CARTESIAN_POINT('Ctrl Pts',(-4.68555123940419,-4.28472654772458,2.52195186671962));
#7488=CARTESIAN_POINT('Ctrl Pts',(-4.62996763637397,-4.61542153294277,1.00800339502654));
#7489=CARTESIAN_POINT('Ctrl Pts',(-4.57438403334376,-4.94611651816096,-0.505945076666533));
#7490=CARTESIAN_POINT('Ctrl Pts',(-4.51880043031354,-4.45974015675156,-2.19838481199487));
#7491=CARTESIAN_POINT('Ctrl Pts',(-4.46321682728332,-3.37537701098451,-3.30551382691554));
#7492=CARTESIAN_POINT('Ctrl Pts',(-4.4185334404111,-2.50366277673552,-4.19552943213395));
#7493=CARTESIAN_POINT('Ctrl Pts',(-4.37385005353888,-1.24550116556673,-4.70728953321518));
#7494=CARTESIAN_POINT('Ctrl Pts',(-4.32916666666667,0.00426272406277212,
-4.71847105102395));
#7495=CARTESIAN_POINT('Ctrl Pts',(-4.196875,0.00433093650784659,-4.71037003250418));
#7496=CARTESIAN_POINT('Ctrl Pts',(-4.23133414242398,-0.963890513972008,
-4.7053943811543));
#7497=CARTESIAN_POINT('Ctrl Pts',(-4.26579328484797,-1.93577129932045,-4.41550763094441));
#7498=CARTESIAN_POINT('Ctrl Pts',(-4.30025242727195,-2.72160556467382,-3.86241595776478));
#7499=CARTESIAN_POINT('Ctrl Pts',(-4.35583603030217,-3.98917918317866,-2.97026293715052));
#7500=CARTESIAN_POINT('Ctrl Pts',(-4.41141963333238,-4.77268520618412,-1.39328671108784));
#7501=CARTESIAN_POINT('Ctrl Pts',(-4.4670032363626,-4.72130721633531,0.155662443124667));
#7502=CARTESIAN_POINT('Ctrl Pts',(-4.52258683939282,-4.6699292264865,1.70461159733717));
#7503=CARTESIAN_POINT('Ctrl Pts',(-4.57817044242304,-3.78366722378341,3.2255336796995));
#7504=CARTESIAN_POINT('Ctrl Pts',(-4.63375404545325,-2.46106330242777,4.03264786123728));
#7505=CARTESIAN_POINT('Ctrl Pts',(-4.68933764848347,-1.13845938107213,4.83976204277507));
#7506=CARTESIAN_POINT('Ctrl Pts',(-4.74492125151368,0.620486458936062,4.93306832348831));
#7507=CARTESIAN_POINT('Ctrl Pts',(-4.8005048545439,2.02124240479577,4.2701492982683));
#7508=CARTESIAN_POINT('Ctrl Pts',(-4.85608845757412,3.42199835065548,3.60723027304829));
#7509=CARTESIAN_POINT('Ctrl Pts',(-4.91167206060434,4.46456440236671,2.18808594189501));
#7510=CARTESIAN_POINT('Ctrl Pts',(-4.96725566363456,4.67882037654638,0.653324072975475));
#7511=CARTESIAN_POINT('Ctrl Pts',(-5.02283926666477,4.89307635072604,-0.881437795944061));
#7512=CARTESIAN_POINT('Ctrl Pts',(-5.07842286969499,4.27902224737415,-2.53181720262985));
#7513=CARTESIAN_POINT('Ctrl Pts',(-5.1340064727252,3.11357786314789,-3.55309523800124));
#7514=CARTESIAN_POINT('Ctrl Pts',(-5.17440709292791,2.26648135684711,-4.29540526792102));
#7515=CARTESIAN_POINT('Ctrl Pts',(-5.21480771313062,1.12808398115031,-4.70535946430758));
#7516=CARTESIAN_POINT('Ctrl Pts',(-5.25520833333333,-0.00405948763231384,
-4.71497981130616));
#7517=CARTESIAN_POINT('Origin',(-4.8,0.,0.));
#7518=CARTESIAN_POINT('',(-6.44583333333333,-0.00278237281737814,-4.72206837986902));
#7519=CARTESIAN_POINT('',(-6.31354166666666,0.00196658605696461,-4.72321766342376));
#7520=CARTESIAN_POINT('',(-4.8,-5.77638952928225E-16,-4.71678));
#7521=CARTESIAN_POINT('Ctrl Pts',(-6.44583333333333,-0.00278237281737814,
-4.72206837986902));
#7522=CARTESIAN_POINT('Ctrl Pts',(-6.39638079798238,1.37762922608895,-4.71235094733552));
#7523=CARTESIAN_POINT('Ctrl Pts',(-6.34692826263143,2.76591394092469,-4.07053909149289));
#7524=CARTESIAN_POINT('Ctrl Pts',(-6.29747572728048,3.6435260052878,-3.00723640644982));
#7525=CARTESIAN_POINT('Ctrl Pts',(-6.24189212425026,4.62994339023892,-1.81210669415165));
#7526=CARTESIAN_POINT('Ctrl Pts',(-6.18630852122004,4.97121350271068,-0.0844956387033019));
#7527=CARTESIAN_POINT('Ctrl Pts',(-6.13072491818983,4.51332467125979,1.39594083402626));
#7528=CARTESIAN_POINT('Ctrl Pts',(-6.07514131515961,4.0554358398089,2.87637730675584));
#7529=CARTESIAN_POINT('Ctrl Pts',(-6.0195577121294,2.79838806443536,4.1096391967666));
#7530=CARTESIAN_POINT('Ctrl Pts',(-5.96397410909918,1.30947502729723,4.53916601127059));
#7531=CARTESIAN_POINT('Ctrl Pts',(-5.90839050606896,-0.179438009840897,
4.96869282577457));
#7532=CARTESIAN_POINT('Ctrl Pts',(-5.85280690303875,-1.90021630874361,4.59448456477177));
#7533=CARTESIAN_POINT('Ctrl Pts',(-5.79722330000853,-3.07628531343024,3.58541828265979));
#7534=CARTESIAN_POINT('Ctrl Pts',(-5.74163969697831,-4.25235431811687,2.5763520005478));
#7535=CARTESIAN_POINT('Ctrl Pts',(-5.6860560939481,-4.88371402858741,0.932427697326623));
#7536=CARTESIAN_POINT('Ctrl Pts',(-5.63047249091788,-4.68544143736508,-0.604465971142765));
#7537=CARTESIAN_POINT('Ctrl Pts',(-5.57488888788766,-4.48716884614274,-2.14135963961216));
#7538=CARTESIAN_POINT('Ctrl Pts',(-5.51930528485744,-3.45926395322751,-3.57122267332976));
#7539=CARTESIAN_POINT('Ctrl Pts',(-5.46372168182722,-2.06560330803675,-4.24876986990948));
#7540=CARTESIAN_POINT('Ctrl Pts',(-5.43831445455148,-1.42856197161295,-4.55847623428792));
#7541=CARTESIAN_POINT('Ctrl Pts',(-5.41290722727574,-0.715099704956054,
-4.7109938853092));
#7542=CARTESIAN_POINT('Ctrl Pts',(-5.3875,-0.0010508428131728,-4.70954550316211));
#7543=CARTESIAN_POINT('Ctrl Pts',(-5.25520833333333,-0.00405948763231384,
-4.71497981130616));
#7544=CARTESIAN_POINT('Ctrl Pts',(-5.27039131616084,-0.42953104620131,-4.71859524004317));
#7545=CARTESIAN_POINT('Ctrl Pts',(-5.28557429898835,-0.854119342762983,
-4.66567006396091));
#7546=CARTESIAN_POINT('Ctrl Pts',(-5.30075728181586,-1.26203103197447,-4.5525962069484));
#7547=CARTESIAN_POINT('Ctrl Pts',(-5.35634088484607,-2.75536087776994,-4.13864247646715));
#7548=CARTESIAN_POINT('Ctrl Pts',(-5.41192448787629,-4.02518590426026,-2.91855835144767));
#7549=CARTESIAN_POINT('Ctrl Pts',(-5.46750809090651,-4.49849817134768,-1.44297960629537));
#7550=CARTESIAN_POINT('Ctrl Pts',(-5.52309169393672,-4.97181043843509,0.0325991388569358));
#7551=CARTESIAN_POINT('Ctrl Pts',(-5.57867529696694,-4.64860994611961,1.76367250414205));
#7552=CARTESIAN_POINT('Ctrl Pts',(-5.63425889999715,-3.67472673021737,2.96903361537789));
#7553=CARTESIAN_POINT('Ctrl Pts',(-5.68984250302737,-2.70084351431514,4.17439472661374));
#7554=CARTESIAN_POINT('Ctrl Pts',(-5.74542610605759,-1.07627757482615,4.85404358380031));
#7555=CARTESIAN_POINT('Ctrl Pts',(-5.80100970908781,0.465804215543737,4.7012545158426));
#7556=CARTESIAN_POINT('Ctrl Pts',(-5.85659331211802,2.00788600591363,4.5484654478849));
#7557=CARTESIAN_POINT('Ctrl Pts',(-5.91217691514824,3.46748364716441,3.56323845478292));
#7558=CARTESIAN_POINT('Ctrl Pts',(-5.96776051817845,4.18590073913903,2.19020108874394));
#7559=CARTESIAN_POINT('Ctrl Pts',(-6.02334412120867,4.90431783111364,0.817163722704979));
#7560=CARTESIAN_POINT('Ctrl Pts',(-6.07892772423889,4.88155437381209,-0.943684016270976));
#7561=CARTESIAN_POINT('Ctrl Pts',(-6.13451132726911,4.12787947458234,-2.29768836452027));
#7562=CARTESIAN_POINT('Ctrl Pts',(-6.19009493029932,3.37420457535258,-3.65169271276958));
#7563=CARTESIAN_POINT('Ctrl Pts',(-6.24567853332954,1.88961823419458,-4.59885367029223));
#7564=CARTESIAN_POINT('Ctrl Pts',(-6.30126213635975,0.344103441965937,-4.71172483675975));
#7565=CARTESIAN_POINT('Ctrl Pts',(-6.30535531312872,0.230291725942251,-4.72003666994948));
#7566=CARTESIAN_POINT('Ctrl Pts',(-6.30944848989769,0.116149604053007,-4.72382427454492));
#7567=CARTESIAN_POINT('Ctrl Pts',(-6.31354166666666,0.00196658605696461,
-4.72321766342376));
#7568=CARTESIAN_POINT('Origin',(-4.8,0.,0.));
#7569=CARTESIAN_POINT('',(-7.50416666666666,0.00414200725643799,-4.7166274206771));
#7570=CARTESIAN_POINT('',(-7.371875,0.0019034173189104,-4.71009267714583));
#7571=CARTESIAN_POINT('',(-4.8,-5.77638952928225E-16,-4.71678));
#7572=CARTESIAN_POINT('Ctrl Pts',(-7.50416666666666,0.00414200725643799,
-4.7166274206771));
#7573=CARTESIAN_POINT('Ctrl Pts',(-7.49102157474945,0.372170838411368,-4.71991503291724));
#7574=CARTESIAN_POINT('Ctrl Pts',(-7.47787648283224,0.739501981253223,-4.68040523240084));
#7575=CARTESIAN_POINT('Ctrl Pts',(-7.46473139091503,1.09597954092862,-4.59538690442967));
#7576=CARTESIAN_POINT('Ctrl Pts',(-7.40914778788481,2.60333356256425,-4.23588960901288));
#7577=CARTESIAN_POINT('Ctrl Pts',(-7.3535641848546,3.91662613327432,-3.06270242594175));
#7578=CARTESIAN_POINT('Ctrl Pts',(-7.29798058182438,4.44317964879452,-1.60527460706137));
#7579=CARTESIAN_POINT('Ctrl Pts',(-7.24239697879417,4.96973316431472,-0.147846788180997));
#7580=CARTESIAN_POINT('Ctrl Pts',(-7.18681337576395,4.70954762464506,1.59382166650862));
#7581=CARTESIAN_POINT('Ctrl Pts',(-7.13122977273373,3.78004252911048,2.83373082552361));
#7582=CARTESIAN_POINT('Ctrl Pts',(-7.07564616970352,2.85053743357591,4.07363998453861));
#7583=CARTESIAN_POINT('Ctrl Pts',(-7.0200625666733,1.25171278217642,4.81178984787898));
#7584=CARTESIAN_POINT('Ctrl Pts',(-6.96447896364308,-0.294895687282889,
4.71505975327685));
#7585=CARTESIAN_POINT('Ctrl Pts',(-6.90889536061287,-1.8415041567422,4.61832965867471));
#7586=CARTESIAN_POINT('Ctrl Pts',(-6.85331175758265,-3.33589644426133,3.68671960613008));
#7587=CARTESIAN_POINT('Ctrl Pts',(-6.79772815455243,-4.10366617151466,2.34065717100823));
#7588=CARTESIAN_POINT('Ctrl Pts',(-6.74214455152222,-4.871435898768,0.99459473588638));
#7589=CARTESIAN_POINT('Ctrl Pts',(-6.686560948492,-4.91258306575554,-0.765920081812685));
#7590=CARTESIAN_POINT('Ctrl Pts',(-6.63097734546178,-4.20853839287952,-2.14638215025091));
#7591=CARTESIAN_POINT('Ctrl Pts',(-6.57539374243156,-3.50449372000349,-3.52684421868914));
#7592=CARTESIAN_POINT('Ctrl Pts',(-6.51981013940135,-2.0552572072639,-4.52725353786653));
#7593=CARTESIAN_POINT('Ctrl Pts',(-6.46422653637113,-0.514856622178864,
-4.69613401288124));
#7594=CARTESIAN_POINT('Ctrl Pts',(-6.45809546869186,-0.344944998508079,
-4.71476212559029));
#7595=CARTESIAN_POINT('Ctrl Pts',(-6.4519644010126,-0.173924193516263,-4.72327313582559));
#7596=CARTESIAN_POINT('Ctrl Pts',(-6.44583333333333,-0.00278237281737814,
-4.72206837986902));
#7597=CARTESIAN_POINT('Ctrl Pts',(-6.31354166666666,0.00196658605696461,
-4.72321766342376));
#7598=CARTESIAN_POINT('Ctrl Pts',(-6.36503209292791,-1.43440731134809,-4.7155867530169));
#7599=CARTESIAN_POINT('Ctrl Pts',(-6.41652251918916,-2.8772528426242,-4.0125900121028));
#7600=CARTESIAN_POINT('Ctrl Pts',(-6.46801294545041,-3.75025335730692,-2.87303939405238));
#7601=CARTESIAN_POINT('Ctrl Pts',(-6.52359654848063,-4.69265212105185,-1.64290140946505));
#7602=CARTESIAN_POINT('Ctrl Pts',(-6.57918015151084,-4.9710064052424,0.0959559351220043));
#7603=CARTESIAN_POINT('Ctrl Pts',(-6.63476375454106,-4.45969678856523,1.55880156001646));
#7604=CARTESIAN_POINT('Ctrl Pts',(-6.69034735757127,-3.94838717188807,3.02164718491092));
#7605=CARTESIAN_POINT('Ctrl Pts',(-6.74593096060149,-2.64741365434317,4.20848109011277));
#7606=CARTESIAN_POINT('Ctrl Pts',(-6.80151456363171,-1.1438946291877,4.58369526492066));
#7607=CARTESIAN_POINT('Ctrl Pts',(-6.85709816666193,0.359624395967758,4.95890943972854));
#7608=CARTESIAN_POINT('Ctrl Pts',(-6.91268176969215,2.06568892873379,4.52250388414247));
#7609=CARTESIAN_POINT('Ctrl Pts',(-6.96826537272236,3.2043669208551,3.47142471810942));
#7610=CARTESIAN_POINT('Ctrl Pts',(-7.02384897575258,4.3430449129764,2.42034555207637));
#7611=CARTESIAN_POINT('Ctrl Pts',(-7.07943257878279,4.91433636445297,0.754592775596343));
#7612=CARTESIAN_POINT('Ctrl Pts',(-7.13501618181301,4.66042230135181,-0.774093798267077));
#7613=CARTESIAN_POINT('Ctrl Pts',(-7.19059978484322,4.40650823825065,-2.30278037213049));
#7614=CARTESIAN_POINT('Ctrl Pts',(-7.24618338787345,3.32738866057177,-3.69440074337729));
#7615=CARTESIAN_POINT('Ctrl Pts',(-7.30176699090367,1.91006095462504,-4.32092863739764));
#7616=CARTESIAN_POINT('Ctrl Pts',(-7.32513632726911,1.31416565286979,-4.58434339102088));
#7617=CARTESIAN_POINT('Ctrl Pts',(-7.34850566363456,0.658486565764452,-4.712515610215));
#7618=CARTESIAN_POINT('Ctrl Pts',(-7.371875,0.0019034173189104,-4.71009267714583));
#7619=CARTESIAN_POINT('Origin',(-4.8,0.,0.));
#7620=CARTESIAN_POINT('',(-8.5625,-0.00198534536989259,-4.71016493542391));
#7621=CARTESIAN_POINT('',(-8.43020833333333,-0.00413806139688348,-4.71679870585854));
#7622=CARTESIAN_POINT('',(-4.8,-5.77638952928225E-16,-4.71678));
#7623=CARTESIAN_POINT('Ctrl Pts',(-8.5625,-0.00198534536989259,-4.71016493542391));
#7624=CARTESIAN_POINT('Ctrl Pts',(-8.53007874848631,0.908884253618646,-4.70665558194185));
#7625=CARTESIAN_POINT('Ctrl Pts',(-8.49765749697263,1.82157070636725,-4.45170002850381));
#7626=CARTESIAN_POINT('Ctrl Pts',(-8.46523624545894,2.57889791135972,-3.95828727081173));
#7627=CARTESIAN_POINT('Ctrl Pts',(-8.40965264242873,3.87727390737928,-3.11237116414871));
#7628=CARTESIAN_POINT('Ctrl Pts',(-8.3540690393985,4.71901305997045,-1.56557405673422));
#7629=CARTESIAN_POINT('Ctrl Pts',(-8.29848543636828,4.7242457099974,-0.0159524265466372));
#7630=CARTESIAN_POINT('Ctrl Pts',(-8.24290183333807,4.72947836002435,1.53366920364095));
#7631=CARTESIAN_POINT('Ctrl Pts',(-8.18731823030785,3.89820450748707,3.08611535660163));
#7632=CARTESIAN_POINT('Ctrl Pts',(-8.13173462727764,2.60557088921225,3.94078064354594));
#7633=CARTESIAN_POINT('Ctrl Pts',(-8.07615102424742,1.31293727093743,4.79544593049024));
#7634=CARTESIAN_POINT('Ctrl Pts',(-8.02056742121721,-0.441056113074945,
4.95233035141818));
#7635=CARTESIAN_POINT('Ctrl Pts',(-7.96498381818699,-1.86484720683785,4.34063324119593));
#7636=CARTESIAN_POINT('Ctrl Pts',(-7.90940021515677,-3.28863830060076,3.72893613097369));
#7637=CARTESIAN_POINT('Ctrl Pts',(-7.85381661212655,-4.38222710411421,2.34865748960127));
#7638=CARTESIAN_POINT('Ctrl Pts',(-7.79823300909633,-4.65208642557122,0.822705191648357));
#7639=CARTESIAN_POINT('Ctrl Pts',(-7.74264940606611,-4.92194574702823,-0.703247106304552));
#7640=CARTESIAN_POINT('Ctrl Pts',(-7.6870658030359,-4.36807558642881,-2.37487306083795));
#7641=CARTESIAN_POINT('Ctrl Pts',(-7.63148220000569,-3.24043276984851,-3.43778233422342));
#7642=CARTESIAN_POINT('Ctrl Pts',(-7.58904368889268,-2.37946875179216,-4.24932179103345));
#7643=CARTESIAN_POINT('Ctrl Pts',(-7.54660517777967,-1.18402736723272,-4.70601346913784));
#7644=CARTESIAN_POINT('Ctrl Pts',(-7.50416666666666,0.00414200725643799,
-4.7166274206771));
#7645=CARTESIAN_POINT('Ctrl Pts',(-7.371875,0.0019034173189104,-4.71009267714583));
#7646=CARTESIAN_POINT('Ctrl Pts',(-7.40408926666477,-0.903186239522781,
-4.70675270159921));
#7647=CARTESIAN_POINT('Ctrl Pts',(-7.43630353332954,-1.80999381122985,-4.45525328880933));
#7648=CARTESIAN_POINT('Ctrl Pts',(-7.46851779999431,-2.56428840417254,-3.96776789774744));
#7649=CARTESIAN_POINT('Ctrl Pts',(-7.52410140302452,-3.86577422280879,-3.12664384728299));
#7650=CARTESIAN_POINT('Ctrl Pts',(-7.57968500605474,-4.71321002586669,-1.58296032956019));
#7651=CARTESIAN_POINT('Ctrl Pts',(-7.63526860908496,-4.7241553428355,-0.0333683796896779));
#7652=CARTESIAN_POINT('Ctrl Pts',(-7.69085221211518,-4.73510065980432,1.51622357018083));
#7653=CARTESIAN_POINT('Ctrl Pts',(-7.7464358151454,-3.90955549068404,3.07172395219906));
#7654=CARTESIAN_POINT('Ctrl Pts',(-7.80201941817562,-2.62008124632784,3.93114886701655));
#7655=CARTESIAN_POINT('Ctrl Pts',(-7.85760302120583,-1.33060700197163,4.79057378183404));
#7656=CARTESIAN_POINT('Ctrl Pts',(-7.91318662423604,0.422796317620504,4.95392322945078));
#7657=CARTESIAN_POINT('Ctrl Pts',(-7.96877022726626,1.84883293481227,4.34747902689851));
#7658=CARTESIAN_POINT('Ctrl Pts',(-8.02435383029648,3.27486955200403,3.74103482434624));
#7659=CARTESIAN_POINT('Ctrl Pts',(-8.0799374333267,4.37353946679542,2.36479697162495));
#7660=CARTESIAN_POINT('Ctrl Pts',(-8.13552103635692,4.64902243600934,0.839849706404633));
#7661=CARTESIAN_POINT('Ctrl Pts',(-8.19110463938714,4.92450540522325,-0.685097558815679));
#7662=CARTESIAN_POINT('Ctrl Pts',(-8.24668824241735,4.3768014288597,-2.35875423653502));
#7663=CARTESIAN_POINT('Ctrl Pts',(-8.30227184544757,3.25308457477853,-3.42581347781674));
#7664=CARTESIAN_POINT('Ctrl Pts',(-8.34491734140949,2.39093350952622,-4.24449503288746));
#7665=CARTESIAN_POINT('Ctrl Pts',(-8.38756283737141,1.18971574245244,-4.70610645973251));
#7666=CARTESIAN_POINT('Ctrl Pts',(-8.43020833333333,-0.00413806139688348,
-4.71679870585854));
#7667=CARTESIAN_POINT('Origin',(-4.8,0.,0.));
#7668=CARTESIAN_POINT('',(-9.62083333333333,-0.00187456408086595,-4.7233044645539));
#7669=CARTESIAN_POINT('',(-9.48854166666666,0.00285609890339424,-4.72193456607941));
#7670=CARTESIAN_POINT('',(-4.8,-5.77638952928225E-16,-4.71678));
#7671=CARTESIAN_POINT('Ctrl Pts',(-9.62083333333333,-0.00187456408086595,
-4.7233044645539));
#7672=CARTESIAN_POINT('Ctrl Pts',(-9.56913592222317,1.44019479529094,-4.71593960050647));
#7673=CARTESIAN_POINT('Ctrl Pts',(-9.517438511113,2.88853291139884,-4.0065496952669));
#7674=CARTESIAN_POINT('Ctrl Pts',(-9.46574110000284,3.7608183955065,-2.85919866059314));
#7675=CARTESIAN_POINT('Ctrl Pts',(-9.41015749697262,4.69867522501663,-1.6255990841711));
#7676=CARTESIAN_POINT('Ctrl Pts',(-9.3545738939424,4.9706183309663,0.11428118654028));
#7677=CARTESIAN_POINT('Ctrl Pts',(-9.29899029091219,4.45391970169893,1.57523386341238));
#7678=CARTESIAN_POINT('Ctrl Pts',(-9.24340668788197,3.93722107243155,3.0361865402845));
#7679=CARTESIAN_POINT('Ctrl Pts',(-9.18782308485176,2.63188070794713,4.21821162331736));
#7680=CARTESIAN_POINT('Ctrl Pts',(-9.13223948182154,1.1269887075956,4.58787936046702));
#7681=CARTESIAN_POINT('Ctrl Pts',(-9.07665587879132,-0.377903292755896,
4.95754709761668));
#7682=CARTESIAN_POINT('Ctrl Pts',(-9.0210722757611,-2.08234692897447,4.51485748888317));
#7683=CARTESIAN_POINT('Ctrl Pts',(-8.96548867273088,-3.21714216097083,3.4595884014376));
#7684=CARTESIAN_POINT('Ctrl Pts',(-8.90990506970067,-4.3519373929672,2.40431931399203));
#7685=CARTESIAN_POINT('Ctrl Pts',(-8.85432146667046,-4.91708422074135,0.736470747834406));
#7686=CARTESIAN_POINT('Ctrl Pts',(-8.79873786364024,-4.65753642046847,-0.791269497073513));
#7687=CARTESIAN_POINT('Ctrl Pts',(-8.74315426061002,-4.39798862019559,-2.31900974198144));
#7688=CARTESIAN_POINT('Ctrl Pts',(-8.6875706575798,-3.31374619187567,-3.70664166563967));
#7689=CARTESIAN_POINT('Ctrl Pts',(-8.63198705454959,-1.89411855799173,-4.32794007451299));
#7690=CARTESIAN_POINT('Ctrl Pts',(-8.60882470303306,-1.30254276070628,-4.58684254499806));
#7691=CARTESIAN_POINT('Ctrl Pts',(-8.58566235151653,-0.652727708865199,
-4.7126720835182));
#7692=CARTESIAN_POINT('Ctrl Pts',(-8.5625,-0.00198534536989259,-4.71016493542391));
#7693=CARTESIAN_POINT('Ctrl Pts',(-8.43020833333333,-0.00413806139688348,
-4.71679870585854));
#7694=CARTESIAN_POINT('Ctrl Pts',(-8.44314644040162,-0.36633828886954,-4.72004259884321));
#7695=CARTESIAN_POINT('Ctrl Pts',(-8.45608454746992,-0.727860708243843,
-4.68178211937543));
#7696=CARTESIAN_POINT('Ctrl Pts',(-8.46902265453821,-1.07903125362597,-4.59939653548917));
#7697=CARTESIAN_POINT('Ctrl Pts',(-8.52460625756843,-2.58770049615058,-4.24545854703579));
#7698=CARTESIAN_POINT('Ctrl Pts',(-8.58018986059865,-3.90530924940097,-3.07712076528487));
#7699=CARTESIAN_POINT('Ctrl Pts',(-8.63577346362887,-4.43723209044223,-1.62164378945878));
#7700=CARTESIAN_POINT('Ctrl Pts',(-8.69135706665908,-4.96915493148348,-0.166166813632723));
#7701=CARTESIAN_POINT('Ctrl Pts',(-8.7469406696893,-4.71539186031563,1.57644935626849));
#7702=CARTESIAN_POINT('Ctrl Pts',(-8.80252427271951,-3.79046390090336,2.81977679354188));
#7703=CARTESIAN_POINT('Ctrl Pts',(-8.85810787574973,-2.86553594149107,4.06310423081528));
#7704=CARTESIAN_POINT('Ctrl Pts',(-8.91369147877996,-1.26944309383433,4.80714293546083));
#7705=CARTESIAN_POINT('Ctrl Pts',(-8.96927508181017,0.277511607768388,4.7161152351615));
#7706=CARTESIAN_POINT('Ctrl Pts',(-9.02485868484039,1.82446630937109,4.62508753486218));
#7707=CARTESIAN_POINT('Ctrl Pts',(-9.08044228787059,3.32228286491978,3.69899342961799));
#7708=CARTESIAN_POINT('Ctrl Pts',(-9.13602589090081,4.09500981529833,2.35577009250092));
#7709=CARTESIAN_POINT('Ctrl Pts',(-9.19160949393103,4.8677367656769,1.01254675538384));
#7710=CARTESIAN_POINT('Ctrl Pts',(-9.24719309696126,4.91537411088532,-0.747805813606132));
#7711=CARTESIAN_POINT('Ctrl Pts',(-9.30277669999148,4.21642310532458,-2.13085357873671));
#7712=CARTESIAN_POINT('Ctrl Pts',(-9.35836030302169,3.51747209976385,-3.51390134386727));
#7713=CARTESIAN_POINT('Ctrl Pts',(-9.41394390605189,2.071932743434,-4.51964430513844));
#7714=CARTESIAN_POINT('Ctrl Pts',(-9.46952750908211,0.532165281892163,-4.69420343826388));
#7715=CARTESIAN_POINT('Ctrl Pts',(-9.47586556161029,0.356589635111367,-4.71410795856678));
#7716=CARTESIAN_POINT('Ctrl Pts',(-9.48220361413847,0.179788811609695,-4.72320522476302));
#7717=CARTESIAN_POINT('Ctrl Pts',(-9.48854166666666,0.00285609890339424,
-4.72193456607941));
#7718=CARTESIAN_POINT('Origin',(-4.8,0.,0.));
#7719=CARTESIAN_POINT('',(-10.6791666666667,0.00402486259900081,-4.71492649062738));
#7720=CARTESIAN_POINT('',(-10.546875,0.000979181789334573,-4.70958487111264));
#7721=CARTESIAN_POINT('',(-4.8,-5.77638952928225E-16,-4.71678));
#7722=CARTESIAN_POINT('Ctrl Pts',(-10.6791666666667,0.00402486259900081,
-4.71492649062738));
#7723=CARTESIAN_POINT('Ctrl Pts',(-10.6637766989902,0.435362419649365,-4.7183350150297));
#7724=CARTESIAN_POINT('Ctrl Pts',(-10.6483867313138,0.865797701373342,-4.66372201904089));
#7725=CARTESIAN_POINT('Ctrl Pts',(-10.6329967636374,1.2788588781666,-4.54747058689522));
#7726=CARTESIAN_POINT('Ctrl Pts',(-10.5774131606072,2.77070271830937,-4.12760788205164));
#7727=CARTESIAN_POINT('Ctrl Pts',(-10.521829557577,4.03591498450153,-2.90372011474947));
#7728=CARTESIAN_POINT('Ctrl Pts',(-10.4662459545467,4.50375864286315,-1.42661599629264));
#7729=CARTESIAN_POINT('Ctrl Pts',(-10.4106623515165,4.97160230122479,0.0504881221642056));
#7730=CARTESIAN_POINT('Ctrl Pts',(-10.3550787484863,4.64207735175586,1.78080859177572));
#7731=CARTESIAN_POINT('Ctrl Pts',(-10.2994951454561,3.6637705060319,2.98267955123297));
#7732=CARTESIAN_POINT('Ctrl Pts',(-10.2439115424259,2.68546366030794,4.18455051069021));
#7733=CARTESIAN_POINT('Ctrl Pts',(-10.1883279393957,1.05837491832895,4.85797195999318));
#7734=CARTESIAN_POINT('Ctrl Pts',(-10.1327443363654,-0.483139809405642,
4.69944280694045));
#7735=CARTESIAN_POINT('Ctrl Pts',(-10.0771607333352,-2.02465453714023,4.54091365388771));
#7736=CARTESIAN_POINT('Ctrl Pts',(-10.021577130305,-3.48059525063042,3.55043389847926));
#7737=CARTESIAN_POINT('Ctrl Pts',(-9.96599352727479,-4.19394209596275,2.1747867388714));
#7738=CARTESIAN_POINT('Ctrl Pts',(-9.91040992424457,-4.90728894129508,0.799139579263551));
#7739=CARTESIAN_POINT('Ctrl Pts',(-9.85482632121436,-4.87804191846957,-0.961674984543698));
#7740=CARTESIAN_POINT('Ctrl Pts',(-9.79924271818415,-4.11938251447362,-2.31290667526893));
#7741=CARTESIAN_POINT('Ctrl Pts',(-9.74365911515393,-3.36072311047766,-3.66413836599419));
#7742=CARTESIAN_POINT('Ctrl Pts',(-9.68807551212371,-1.87265132531125,-4.60578718363742));
#7743=CARTESIAN_POINT('Ctrl Pts',(-9.63249190909349,-0.326730156192739,
-4.71295215139267));
#7744=CARTESIAN_POINT('Ctrl Pts',(-9.62860571717344,-0.218645288912715,
-4.72044471411079));
#7745=CARTESIAN_POINT('Ctrl Pts',(-9.62471952525338,-0.110277638281312,
-4.72385809527813));
#7746=CARTESIAN_POINT('Ctrl Pts',(-9.62083333333333,-0.00187456408086595,
-4.7233044645539));
#7747=CARTESIAN_POINT('Ctrl Pts',(-9.48854166666666,0.00285609890339424,
-4.72193456607941));
#7748=CARTESIAN_POINT('Ctrl Pts',(-9.5377872171687,-1.37187987879602,-4.71206177217361));
#7749=CARTESIAN_POINT('Ctrl Pts',(-9.58703276767074,-2.75457802884582,-4.07627569717476));
#7750=CARTESIAN_POINT('Ctrl Pts',(-9.63627831817278,-3.63241490066212,-3.02065052255248));
#7751=CARTESIAN_POINT('Ctrl Pts',(-9.691861921203,-4.62323205492071,-1.82916316873598));
#7752=CARTESIAN_POINT('Ctrl Pts',(-9.7474455242332,-4.97087079668408,-0.102813156123278));
#7753=CARTESIAN_POINT('Ctrl Pts',(-9.80302912726341,-4.51844173118638,1.3792974562767));
#7754=CARTESIAN_POINT('Ctrl Pts',(-9.85861273029363,-4.06601266568868,2.8614080686767));
#7755=CARTESIAN_POINT('Ctrl Pts',(-9.91419633332386,-2.81351579292988,4.09927928086397));
#7756=CARTESIAN_POINT('Ctrl Pts',(-9.96977993635408,-1.32619798340633,4.53429981922367));
#7757=CARTESIAN_POINT('Ctrl Pts',(-10.0253635393843,0.161119826117205,4.96932035758336));
#7758=CARTESIAN_POINT('Ctrl Pts',(-10.0809471424145,1.88325857240548,4.6014902221155));
#7759=CARTESIAN_POINT('Ctrl Pts',(-10.1365307454447,3.06304318201191,3.59675145295276));
#7760=CARTESIAN_POINT('Ctrl Pts',(-10.1921143484749,4.24282779161835,2.59201268379001));
#7761=CARTESIAN_POINT('Ctrl Pts',(-10.2476979515052,4.88025826454293,0.950365280932367));
#7762=CARTESIAN_POINT('Ctrl Pts',(-10.3032815545354,4.68764599724631,-0.587220473665882));
#7763=CARTESIAN_POINT('Ctrl Pts',(-10.3588651575656,4.49503372994968,-2.12480622826411));
#7764=CARTESIAN_POINT('Ctrl Pts',(-10.4144487605958,3.47237872243188,-3.55833033460295));
#7765=CARTESIAN_POINT('Ctrl Pts',(-10.470032363626,2.08123825683654,-4.24106587765326));
#7766=CARTESIAN_POINT('Ctrl Pts',(-10.4956465757507,1.44016849815995,-4.5556862345817));
#7767=CARTESIAN_POINT('Ctrl Pts',(-10.5212607878753,0.720847906929667,-4.71087063858102));
#7768=CARTESIAN_POINT('Ctrl Pts',(-10.546875,0.000979181789334573,-4.70958487111264));
#7769=CARTESIAN_POINT('Origin',(-2.02062136059392,0.,0.));
#7770=CARTESIAN_POINT('',(-11.0164546939273,0.00352636049997178,-4.13095605829335));
#7771=CARTESIAN_POINT('',(-11.2679203060728,-0.000928184895537531,-4.13128379447607));
#7772=CARTESIAN_POINT('',(-2.02062136059392,-8.54482171222416E-14,-4.13258));
#7773=CARTESIAN_POINT('',(-11.3,-4.11260394977366,0.466859129863679));
#7774=CARTESIAN_POINT('Ctrl Pts',(-11.0164546939273,0.00352636049997194,
-4.13095605829335));
#7775=CARTESIAN_POINT('Ctrl Pts',(-11.056648329281,-0.983463074726687,-4.1231566503359));
#7776=CARTESIAN_POINT('Ctrl Pts',(-11.1511634313053,-3.31704242068544,-3.28945933066052));
#7777=CARTESIAN_POINT('Ctrl Pts',(-11.2456785333295,-4.25888092221566,-0.850602636606537));
#7778=CARTESIAN_POINT('Ctrl Pts',(-11.3,-4.11260394977366,0.466859129863679));
#7779=CARTESIAN_POINT('',(-11.3,-0.782312410554909,-4.05785716218447));
#7780=CARTESIAN_POINT('Origin',(-11.3,0.,0.));
#7781=CARTESIAN_POINT('Ctrl Pts',(-11.2679203060728,-0.000928184895537462,
-4.13128379447607));
#7782=CARTESIAN_POINT('Ctrl Pts',(-11.2786135373818,-0.262796800142582,
-4.13179836791821));
#7783=CARTESIAN_POINT('Ctrl Pts',(-11.2893067686909,-0.524702177556793,
-4.1075217201779));
#7784=CARTESIAN_POINT('Ctrl Pts',(-11.3,-0.782312410554909,-4.05785716218447));
#7785=CARTESIAN_POINT('Origin',(-2.02062136059392,0.,0.));
#7786=CARTESIAN_POINT('',(-9.95812136059392,-0.00164238866973453,-4.13829637255208));
#7787=CARTESIAN_POINT('',(-10.2095869727394,0.000857904561751832,-4.12627602870235));
#7788=CARTESIAN_POINT('',(-2.02062136059392,-8.54482171222416E-14,-4.13258));
#7789=CARTESIAN_POINT('Ctrl Pts',(-9.95812136059392,-0.00164238866973466,
-4.13829637255208));
#7790=CARTESIAN_POINT('Ctrl Pts',(-9.96200755251397,-0.096619126270214,
-4.13878143296581));
#7791=CARTESIAN_POINT('Ctrl Pts',(-10.0214773474642,-1.54955853644548,-4.09301652073344));
#7792=CARTESIAN_POINT('Ctrl Pts',(-10.1365307454447,-4.24824410081469,-2.38529375076308));
#7793=CARTESIAN_POINT('Ctrl Pts',(-10.3032815545354,-4.32511793948531,2.24288927882403));
#7794=CARTESIAN_POINT('Ctrl Pts',(-10.470032363626,-0.498275385610444,4.84629891056804));
#7795=CARTESIAN_POINT('Ctrl Pts',(-10.6367831727167,3.77841828676405,3.07625577968606));
#7796=CARTESIAN_POINT('Ctrl Pts',(-10.8035339818073,4.64455252389804,-1.47177556774192));
#7797=CARTESIAN_POINT('Ctrl Pts',(-10.9300911555442,2.12061200686376,-3.91327886860179));
#7798=CARTESIAN_POINT('Ctrl Pts',(-11.0010647262508,0.381440310592045,-4.13394241758392));
#7799=CARTESIAN_POINT('Ctrl Pts',(-11.0164546939273,0.00352636049997194,
-4.13095605829335));
#7800=CARTESIAN_POINT('Ctrl Pts',(-10.2095869727394,0.000857904561751902,
-4.12627602870235));
#7801=CARTESIAN_POINT('Ctrl Pts',(-10.239556363645,-0.737090281944281,-4.12495796925842));
#7802=CARTESIAN_POINT('Ctrl Pts',(-10.3251093575808,-2.84557232910235,-3.58545007802132));
#7803=CARTESIAN_POINT('Ctrl Pts',(-10.4662459545468,-4.86681126613698,-0.228361869222283));
#7804=CARTESIAN_POINT('Ctrl Pts',(-10.6329967636374,-2.86163607216196,3.94139712482956));
#7805=CARTESIAN_POINT('Ctrl Pts',(-10.7997475727281,1.72536146533535,4.5589582394232));
#7806=CARTESIAN_POINT('Ctrl Pts',(-10.9664983818187,4.75709343708628,1.05138802241409));
#7807=CARTESIAN_POINT('Ctrl Pts',(-11.1054573893942,3.70218455617226,-2.64433076279924));
#7808=CARTESIAN_POINT('Ctrl Pts',(-11.2059313641456,1.5168842631918,-3.96188559732045));
#7809=CARTESIAN_POINT('Ctrl Pts',(-11.2508217358667,0.417802016774635,-4.13046098705031));
#7810=CARTESIAN_POINT('Ctrl Pts',(-11.2679203060728,-0.000928184895537462,
-4.13128379447607));
#7811=CARTESIAN_POINT('Origin',(-2.02062136059392,0.,0.));
#7812=CARTESIAN_POINT('',(-8.89978802726058,-0.00173944906665528,-4.1267842487532));
#7813=CARTESIAN_POINT('',(-9.15125363940608,0.00250235482805221,-4.13709614378632));
#7814=CARTESIAN_POINT('',(-2.02062136059392,-8.54482171222416E-14,-4.13258));
#7815=CARTESIAN_POINT('Ctrl Pts',(-8.89978802726058,-0.00173944906665571,
-4.1267842487532));
#7816=CARTESIAN_POINT('Ctrl Pts',(-8.92295037877711,-0.571883673841498,
-4.12898087231239));
#7817=CARTESIAN_POINT('Ctrl Pts',(-9.00169633332385,-2.50746319954372,-3.7541771834811));
#7818=CARTESIAN_POINT('Ctrl Pts',(-9.13602589090082,-4.80322558747158,-0.816021384174412));
#7819=CARTESIAN_POINT('Ctrl Pts',(-9.30277669999147,-3.31777504015566,3.56780675336755));
#7820=CARTESIAN_POINT('Ctrl Pts',(-9.46952750908211,1.16224078557559,4.7313867104102));
#7821=CARTESIAN_POINT('Ctrl Pts',(-9.63627831817277,4.59324041888115,1.62451302689736));
#7822=CARTESIAN_POINT('Ctrl Pts',(-9.79914293534336,3.89511451892008,-2.84206639078302));
#7823=CARTESIAN_POINT('Ctrl Pts',(-9.90642394948375,1.26181848785044,-4.13184368875825));
#7824=CARTESIAN_POINT('Ctrl Pts',(-9.95812136059392,-0.00164238866973466,
-4.13829637255208));
#7825=CARTESIAN_POINT('Ctrl Pts',(-9.15125363940608,0.00250235482805256,
-4.13709614378632));
#7826=CARTESIAN_POINT('Ctrl Pts',(-9.20049918990812,-1.20196476187465,-4.12844615149512));
#7827=CARTESIAN_POINT('Ctrl Pts',(-9.30532834344039,-3.78076744449387,-2.94267264357512));
#7828=CARTESIAN_POINT('Ctrl Pts',(-9.46574110000282,-4.65978191656113,1.42245259316551));
#7829=CARTESIAN_POINT('Ctrl Pts',(-9.63249190909352,-1.36767785843745,4.67611408303411));
#7830=CARTESIAN_POINT('Ctrl Pts',(-9.79924271818412,3.1588483777678,3.70929723262019));
#7831=CARTESIAN_POINT('Ctrl Pts',(-9.96599352727481,4.83429164020443,-0.605662903808516));
#7832=CARTESIAN_POINT('Ctrl Pts',(-10.1027749454599,2.6294103834109,-3.69639282738262));
#7833=CARTESIAN_POINT('Ctrl Pts',(-10.1839727606148,0.631566798370766,-4.12740254656507));
#7834=CARTESIAN_POINT('Ctrl Pts',(-10.2095869727394,0.000857904561751902,
-4.12627602870235));
#7835=CARTESIAN_POINT('Origin',(-2.02062136059392,0.,0.));
#7836=CARTESIAN_POINT('',(-7.84145469392725,0.00362899612611859,-4.13244631849308));
#7837=CARTESIAN_POINT('',(-8.09292030607275,-0.00362553898374085,-4.13259638903168));
#7838=CARTESIAN_POINT('',(-2.02062136059392,-8.54482171222416E-14,-4.13258));
#7839=CARTESIAN_POINT('Ctrl Pts',(-7.84145469392725,0.00362899612611843,
-4.13244631849308));
#7840=CARTESIAN_POINT('Ctrl Pts',(-7.88389320504026,-1.03737885109729,-4.123146965152));
#7841=CARTESIAN_POINT('Ctrl Pts',(-7.98191531918349,-3.45655705972864,-3.19895396831962));
#7842=CARTESIAN_POINT('Ctrl Pts',(-8.1355210363569,-4.79760499822843,0.84843962631575));
#7843=CARTESIAN_POINT('Ctrl Pts',(-8.30227184544757,-1.92318014634412,4.47640949628817));
#7844=CARTESIAN_POINT('Ctrl Pts',(-8.46902265453821,2.68707386946868,4.06404931397838));
#7845=CARTESIAN_POINT('Ctrl Pts',(-8.63577346362886,4.87202145925566,-0.0164513174707742));
#7846=CARTESIAN_POINT('Ctrl Pts',(-8.77936192120299,2.96688533134334,-3.51736848737324));
#7847=CARTESIAN_POINT('Ctrl Pts',(-8.86736677574689,0.796313775249087,-4.12370954863726));
#7848=CARTESIAN_POINT('Ctrl Pts',(-8.89978802726058,-0.00173944906665571,
-4.1267842487532));
#7849=CARTESIAN_POINT('Ctrl Pts',(-8.09292030607275,-0.00362553898374016,
-4.13259638903168));
#7850=CARTESIAN_POINT('Ctrl Pts',(-8.10585841314105,-0.320965210549713,
-4.13543850744098));
#7851=CARTESIAN_POINT('Ctrl Pts',(-8.17438012323956,-1.99848764231472,-3.95790370152665));
#7852=CARTESIAN_POINT('Ctrl Pts',(-8.29848543636829,-4.57602993554858,-1.67236936683346));
#7853=CARTESIAN_POINT('Ctrl Pts',(-8.46523624545893,-3.90903071617848,2.90798040445782));
#7854=CARTESIAN_POINT('Ctrl Pts',(-8.63198705454961,0.286192326046872,4.86363625657139));
#7855=CARTESIAN_POINT('Ctrl Pts',(-8.79873786364022,4.22310272326453,2.42945998963712));
#7856=CARTESIAN_POINT('Ctrl Pts',(-8.9654886727309,4.34831429136483,-2.19750871754649));
#7857=CARTESIAN_POINT('Ctrl Pts',(-9.0829939313195,1.67089630268792,-4.06033886789914));
#7858=CARTESIAN_POINT('Ctrl Pts',(-9.1449155868779,0.157520945874464,-4.1382094241731));
#7859=CARTESIAN_POINT('Ctrl Pts',(-9.15125363940608,0.00250235482805256,
-4.13709614378632));
#7860=CARTESIAN_POINT('Origin',(-2.02062136059392,0.,0.));
#7861=CARTESIAN_POINT('',(-6.78312136059391,-0.00243776013672262,-4.13721338397786));
#7862=CARTESIAN_POINT('',(-7.03458697273942,0.00166766827024628,-4.12672094007337));
#7863=CARTESIAN_POINT('',(-2.02062136059392,-8.54482171222416E-14,-4.13258));
#7864=CARTESIAN_POINT('Ctrl Pts',(-6.78312136059391,-0.002437760136722,
-4.13721338397786));
#7865=CARTESIAN_POINT('Ctrl Pts',(-6.78925242827318,-0.152382694050069,
-4.13826892406474));
#7866=CARTESIAN_POINT('Ctrl Pts',(-6.85096709898266,-1.66064508317042,-4.06320883630566));
#7867=CARTESIAN_POINT('Ctrl Pts',(-6.96826537272236,-4.34018260025472,-2.21352158400947));
#7868=CARTESIAN_POINT('Ctrl Pts',(-7.13501618181301,-4.23203003048292,2.41387358302829));
#7869=CARTESIAN_POINT('Ctrl Pts',(-7.30176699090366,-0.30412009220566,4.86254814763268));
#7870=CARTESIAN_POINT('Ctrl Pts',(-7.46851779999432,3.89828331300753,2.92237072008051));
#7871=CARTESIAN_POINT('Ctrl Pts',(-7.63526860908495,4.5821635602491,-1.6554880453153));
#7872=CARTESIAN_POINT('Ctrl Pts',(-7.7595809070626,2.00877991675474,-3.95433658447983));
#7873=CARTESIAN_POINT('Ctrl Pts',(-7.82830960201004,0.326075365694815,-4.13532674127967));
#7874=CARTESIAN_POINT('Ctrl Pts',(-7.84145469392725,0.00362899612611843,
-4.13244631849308));
#7875=CARTESIAN_POINT('Ctrl Pts',(-7.03458697273942,0.00166766827024635,
-4.12672094007337));
#7876=CARTESIAN_POINT('Ctrl Pts',(-7.06680123940419,-0.79132149257059,-4.12379463947329));
#7877=CARTESIAN_POINT('Ctrl Pts',(-7.15459910909917,-2.95666357354981,-3.52324577017978));
#7878=CARTESIAN_POINT('Ctrl Pts',(-7.29798058182439,-4.87192825183646,-0.0344121555516432));
#7879=CARTESIAN_POINT('Ctrl Pts',(-7.46473139091503,-2.70203812233939,4.05411631220869));
#7880=CARTESIAN_POINT('Ctrl Pts',(-7.63148220000569,1.9066649487049,4.48346938373121));
#7881=CARTESIAN_POINT('Ctrl Pts',(-7.79823300909633,4.79444516092715,0.866120455819185));
#7882=CARTESIAN_POINT('Ctrl Pts',(-7.9520457111187,3.46654002845746,-3.19165050851006));
#7883=CARTESIAN_POINT('Ctrl Pts',(-8.05027481011083,1.04236268872917,-4.12322843833323));
#7884=CARTESIAN_POINT('Ctrl Pts',(-8.09292030607275,-0.00362553898374016,
-4.13259638903168));
#7885=CARTESIAN_POINT('Origin',(-2.02062136059392,0.,0.));
#7886=CARTESIAN_POINT('',(-5.72478802726058,-0.000920689960702824,-4.12624153669615));
#7887=CARTESIAN_POINT('',(-5.97625363940608,0.00172301320119014,-4.13822032223503));
#7888=CARTESIAN_POINT('',(-2.02062136059392,-8.54482171222416E-14,-4.13258));
#7889=CARTESIAN_POINT('Ctrl Pts',(-5.72478802726058,-0.000920689960703241,
-4.12624153669615));
#7890=CARTESIAN_POINT('Ctrl Pts',(-5.75019525453632,-0.626530543868342,
-4.12751052848577));
#7891=CARTESIAN_POINT('Ctrl Pts',(-5.83118608484228,-2.61915399515296,-3.70154511677044));
#7892=CARTESIAN_POINT('Ctrl Pts',(-5.96776051817846,-4.83200052420425,-0.623373709095541));
#7893=CARTESIAN_POINT('Ctrl Pts',(-6.13451132726911,-3.17251385387215,3.69757110728708));
#7894=CARTESIAN_POINT('Ctrl Pts',(-6.30126213635975,1.35043653758945,4.68115243305697));
#7895=CARTESIAN_POINT('Ctrl Pts',(-6.46801294545041,4.654502338127,1.43960623750361));
#7896=CARTESIAN_POINT('Ctrl Pts',(-6.62863268686179,3.79047768953512,-2.93434413358466));
#7897=CARTESIAN_POINT('Ctrl Pts',(-6.73366882524296,1.20700201984206,-4.12869951067038));
#7898=CARTESIAN_POINT('Ctrl Pts',(-6.78312136059391,-0.002437760136722,
-4.13721338397786));
#7899=CARTESIAN_POINT('Ctrl Pts',(-5.97625363940608,0.00172301320119007,
-4.13822032223503));
#7900=CARTESIAN_POINT('Ctrl Pts',(-6.02774406566733,-1.25674781667388,-4.13153454343483));
#7901=CARTESIAN_POINT('Ctrl Pts',(-6.1348180949588,-3.88552118684993,-2.85071891086943));
#7902=CARTESIAN_POINT('Ctrl Pts',(-6.29747572728047,-4.59919754534593,1.60756123106444));
#7903=CARTESIAN_POINT('Ctrl Pts',(-6.46422653637114,-1.1796758764517,4.72707458124765));
#7904=CARTESIAN_POINT('Ctrl Pts',(-6.63097734546178,3.30460036718375,3.58001183659734));
#7905=CARTESIAN_POINT('Ctrl Pts',(-6.79772815455243,4.80620164594365,-0.798307658286345));
#7906=CARTESIAN_POINT('Ctrl Pts',(-6.93226469697832,2.51776555740345,-3.74944888951008));
#7907=CARTESIAN_POINT('Ctrl Pts',(-7.01121763637397,0.576929263596523,-4.12884377911675));
#7908=CARTESIAN_POINT('Ctrl Pts',(-7.03458697273942,0.00166766827024635,
-4.12672094007337));
#7909=CARTESIAN_POINT('Origin',(-2.02062136059392,0.,0.));
#7910=CARTESIAN_POINT('',(-4.66645469392725,0.00373476147016709,-4.13406160474742));
#7911=CARTESIAN_POINT('',(-4.91792030607275,-0.00355669702627348,-4.13100277490313));
#7912=CARTESIAN_POINT('',(-2.02062136059392,-8.54482171222416E-14,-4.13258));
#7913=CARTESIAN_POINT('Ctrl Pts',(-4.66645469392725,0.00373476147016695,
-4.13406160474743));
#7914=CARTESIAN_POINT('Ctrl Pts',(-4.71113808079947,-1.0912387702623,-4.12426498144378));
#7915=CARTESIAN_POINT('Ctrl Pts',(-4.8114050707019,-3.56480744527474,-3.11813528878865));
#7916=CARTESIAN_POINT('Ctrl Pts',(-4.96725566363455,-4.75964777332308,1.03954055446569));
#7917=CARTESIAN_POINT('Ctrl Pts',(-5.13400647272521,-1.74282092047479,4.54970029196174));
#7918=CARTESIAN_POINT('Ctrl Pts',(-5.30075728181585,2.84743064031601,3.95339638363342));
#7919=CARTESIAN_POINT('Ctrl Pts',(-5.46750809090652,4.86744091168727,-0.211183787882214));
#7920=CARTESIAN_POINT('Ctrl Pts',(-5.60885167272141,2.85587568895914,-3.57964961658015));
#7921=CARTESIAN_POINT('Ctrl Pts',(-5.6946116515061,0.742121351672978,-4.12473434456309));
#7922=CARTESIAN_POINT('Ctrl Pts',(-5.72478802726058,-0.000920689960703241,
-4.12624153669615));
#7923=CARTESIAN_POINT('Ctrl Pts',(-4.91792030607275,-0.00355669702627386,
-4.13100277490313));
#7924=CARTESIAN_POINT('Ctrl Pts',(-4.93310328890026,-0.376331185874824,
-4.13417041225107));
#7925=CARTESIAN_POINT('Ctrl Pts',(-5.00386987475799,-2.11019431320042,-3.91804337328331));
#7926=CARTESIAN_POINT('Ctrl Pts',(-5.13022006364592,-4.63919374492796,-1.48810854410265));
#7927=CARTESIAN_POINT('Ctrl Pts',(-5.29697087273658,-3.78968291940726,3.06190173912655));
#7928=CARTESIAN_POINT('Ctrl Pts',(-5.46372168182724,0.480379735760071,4.84831319412259));
#7929=CARTESIAN_POINT('Ctrl Pts',(-5.63047249091787,4.31683427907999,2.25871009593692));
#7930=CARTESIAN_POINT('Ctrl Pts',(-5.79722330000854,4.2570020577074,-2.36956013235693));
#7931=CARTESIAN_POINT('Ctrl Pts',(-5.91248368283793,1.55979385144584,-4.09036965111346));
#7932=CARTESIAN_POINT('Ctrl Pts',(-5.97216046263711,0.101763815721157,-4.13875180112256));
#7933=CARTESIAN_POINT('Ctrl Pts',(-5.97625363940608,0.00172301320119007,
-4.13822032223503));
#7934=CARTESIAN_POINT('Origin',(-2.02062136059392,0.,0.));
#7935=CARTESIAN_POINT('',(-3.8,-8.54482171222416E-14,-4.13258));
#7936=CARTESIAN_POINT('',(-3.85958697273942,0.00379452541638126,-4.12696394339489));
#7937=CARTESIAN_POINT('',(-2.02062136059392,-8.54482171222416E-14,-4.13258));
#7938=CARTESIAN_POINT('',(-3.8,-3.75354647592253,-1.72890320998301));
#7939=CARTESIAN_POINT('Origin',(-3.8,0.,0.));
#7940=CARTESIAN_POINT('Ctrl Pts',(-3.8,-3.75354647592253,-1.72890320998301));
#7941=CARTESIAN_POINT('Ctrl Pts',(-3.82779180151511,-4.03880903474479,-1.10958208998205));
#7942=CARTESIAN_POINT('Ctrl Pts',(-3.88337540454532,-4.29012670202008,0.267321915128047));
#7943=CARTESIAN_POINT('Ctrl Pts',(-3.99454261060576,-3.45208686123036,2.96342744061388));
#7944=CARTESIAN_POINT('Ctrl Pts',(-4.1335016181813,-0.115287196098296,4.87052595253633));
#7945=CARTESIAN_POINT('Ctrl Pts',(-4.30025242727195,4.01488990739272,2.76434730128955));
#7946=CARTESIAN_POINT('Ctrl Pts',(-4.4670032363626,4.51082821312795,-1.83739067532815));
#7947=CARTESIAN_POINT('Ctrl Pts',(-4.58907065858103,1.8973723855662,-3.99184097873188));
#7948=CARTESIAN_POINT('Ctrl Pts',(-4.65555447776925,0.270846299306416,-4.1364514260905));
#7949=CARTESIAN_POINT('Ctrl Pts',(-4.66645469392725,0.00373476147016695,
-4.13406160474743));
#7950=CARTESIAN_POINT('Ctrl Pts',(-3.85958697273942,0.00379452541638119,
-4.12696394339489));
#7951=CARTESIAN_POINT('Ctrl Pts',(-3.89404611516341,-0.844507197755786,
-4.12260455473239));
#7952=CARTESIAN_POINT('Ctrl Pts',(-3.98408886061761,-3.06952202029623,-3.45894052741667));
#7953=CARTESIAN_POINT('Ctrl Pts',(-4.12971520910202,-4.86802537958613,0.160938524967199));
#7954=CARTESIAN_POINT('Ctrl Pts',(-4.29646601819267,-2.53854512369288,4.15858025033635));
#7955=CARTESIAN_POINT('Ctrl Pts',(-4.46321682728333,2.08472609067438,4.40382955360039));
#7956=CARTESIAN_POINT('Ctrl Pts',(-4.62996763637397,4.82504106019644,0.673703823735475));
#7957=CARTESIAN_POINT('Ctrl Pts',(-4.78153546263712,3.35799883517397,-3.26923257828396));
#7958=CARTESIAN_POINT('Ctrl Pts',(-4.87751968587004,0.988364371207076,-4.12257396253551));
#7959=CARTESIAN_POINT('Ctrl Pts',(-4.91792030607275,-0.00355669702627386,
-4.13100277490313));
#7960=CARTESIAN_POINT('Origin',(12.5,0.,0.));
#7961=CARTESIAN_POINT('',(12.0861111111111,0.0027100738587886,3.12804403520186));
#7962=CARTESIAN_POINT('',(11.9979166666667,0.000419678397278944,3.12430188357795));
#7963=CARTESIAN_POINT('',(12.5,-3.83226273563583E-16,3.12928));
#7964=CARTESIAN_POINT('',(11.5,-2.74037179130645,1.52224827535853));
#7965=CARTESIAN_POINT('Ctrl Pts',(12.0861111111111,0.0027100738587886,3.12804403520186));
#7966=CARTESIAN_POINT('Ctrl Pts',(12.0759411115904,0.286328133512527,3.13044042737904));
#7967=CARTESIAN_POINT('Ctrl Pts',(12.0657711120697,0.569354955406867,3.09498254986297));
#7968=CARTESIAN_POINT('Ctrl Pts',(12.055601112549,0.841159329208765,3.01925998093544));
#7969=CARTESIAN_POINT('Ctrl Pts',(12.0185643854235,1.83100641853544,2.74349633739716));
#7970=CARTESIAN_POINT('Ctrl Pts',(11.981527658298,2.67201649539735,1.93372475475915));
#7971=CARTESIAN_POINT('Ctrl Pts',(11.9444909311724,2.98515682999528,0.955018020555126));
#7972=CARTESIAN_POINT('Ctrl Pts',(11.9074542040469,3.29829716459321,-0.0236887136488954));
#7973=CARTESIAN_POINT('Ctrl Pts',(11.8704174769214,3.08356775692715,-1.17133059941894));
#7974=CARTESIAN_POINT('Ctrl Pts',(11.8333807497959,2.43749173694913,-1.97042294956637));
#7975=CARTESIAN_POINT('Ctrl Pts',(11.7963440226704,1.7914157169711,-2.76951529971381));
#7976=CARTESIAN_POINT('Ctrl Pts',(11.7593072955449,0.713993084681091,-3.22005811423864));
#7977=CARTESIAN_POINT('Ctrl Pts',(11.7222705684193,-0.308439120858133,-3.11901483946701));
#7978=CARTESIAN_POINT('Ctrl Pts',(11.6852338412938,-1.33087132639734,-3.01797156469538));
#7979=CARTESIAN_POINT('Ctrl Pts',(11.6481971141683,-2.29831310518577,-2.36534220062731));
#7980=CARTESIAN_POINT('Ctrl Pts',(11.6111603870428,-2.77567035901949,-1.4551866721834));
#7981=CARTESIAN_POINT('Ctrl Pts',(11.5741069246952,-3.25324330900873,-0.544619885616052));
#7982=CARTESIAN_POINT('Ctrl Pts',(11.5370534623476,-3.24028864890805,0.623705796976004));
#7983=CARTESIAN_POINT('Ctrl Pts',(11.5,-2.74037179130645,1.52224827535853));
#7984=CARTESIAN_POINT('',(11.5,-3.83226273563583E-16,3.12928));
#7985=CARTESIAN_POINT('Origin',(11.5,0.,0.));
#7986=CARTESIAN_POINT('',(7.5,3.83226273563583E-16,3.12928));
#7987=CARTESIAN_POINT('',(12.5,-3.83226273563583E-16,3.12928));
#7988=CARTESIAN_POINT('Origin',(7.5,0.,0.));
#7989=CARTESIAN_POINT('',(11.5,-3.00888537109653,-0.859652337867658));
#7990=CARTESIAN_POINT('Origin',(11.5,0.,0.));
#7991=CARTESIAN_POINT('Ctrl Pts',(11.5,-3.00888537109653,-0.859652337867647));
#7992=CARTESIAN_POINT('Ctrl Pts',(11.5370367271255,-2.7253520512994,-1.85205266131952));
#7993=CARTESIAN_POINT('Ctrl Pts',(11.574073454251,-1.91519142084935,-2.68503346812488));
#7994=CARTESIAN_POINT('Ctrl Pts',(11.6111101813765,-0.93596858491507,-2.99092531920424));
#7995=CARTESIAN_POINT('Ctrl Pts',(11.6481469085021,0.0432542510192392,-3.2968171702836));
#7996=CARTESIAN_POINT('Ctrl Pts',(11.6851836356276,1.19153929243779,-3.07562006563694));
#7997=CARTESIAN_POINT('Ctrl Pts',(11.7222203627531,1.98690984915662,-2.4246796236146));
#7998=CARTESIAN_POINT('Ctrl Pts',(11.7592570898786,2.78228040587542,-1.77373918159228));
#7999=CARTESIAN_POINT('Ctrl Pts',(11.7962938170041,3.22473647789452,-0.693055402194322));
#8000=CARTESIAN_POINT('Ctrl Pts',(11.8333305441296,3.11667853163645,0.328990021298979));
#8001=CARTESIAN_POINT('Ctrl Pts',(11.8703672712552,3.00862058537838,1.35103544479232));
#8002=CARTESIAN_POINT('Ctrl Pts',(11.9074039983807,2.35004862084309,2.31444251238099));
#8003=CARTESIAN_POINT('Ctrl Pts',(11.9444407255062,1.43694606156941,2.7854219410517));
#8004=CARTESIAN_POINT('Ctrl Pts',(11.9622660392264,0.997481215699867,3.012098451731));
#8005=CARTESIAN_POINT('Ctrl Pts',(11.9800913529465,0.499057499633961,3.12471017867024));
#8006=CARTESIAN_POINT('Ctrl Pts',(11.9979166666667,0.000419678397278944,
3.12430188357795));
#8007=CARTESIAN_POINT('Origin',(12.5,0.,0.));
#8008=CARTESIAN_POINT('',(12.7916666666667,-0.00186668636054099,3.12557338469525));
#8009=CARTESIAN_POINT('',(12.7034722222222,-0.00246025215221161,3.13122573483629));
#8010=CARTESIAN_POINT('',(12.5,-3.83226273563583E-16,3.12928));
#8011=CARTESIAN_POINT('Ctrl Pts',(12.7916666666667,-0.00186668636054099,
3.12557338469525));
#8012=CARTESIAN_POINT('Ctrl Pts',(12.7685318447139,0.644599702058275,3.12199025674229));
#8013=CARTESIAN_POINT('Ctrl Pts',(12.7453970227611,1.29305476042152,2.92633962364339));
#8014=CARTESIAN_POINT('Ctrl Pts',(12.7222622008083,1.81617216807712,2.55440513890671));
#8015=CARTESIAN_POINT('Ctrl Pts',(12.6852254736828,2.65363513716708,1.95897215706338));
#8016=CARTESIAN_POINT('Ctrl Pts',(12.6481887465573,3.16986933919048,0.911740023124581));
#8017=CARTESIAN_POINT('Ctrl Pts',(12.6111520194318,3.13212478401222,-0.115129478532907));
#8018=CARTESIAN_POINT('Ctrl Pts',(12.5741152923062,3.09438022883395,-1.1419989801904));
#8019=CARTESIAN_POINT('Ctrl Pts',(12.5370785651807,2.50265691645403,-2.14850584956656));
#8020=CARTESIAN_POINT('Ctrl Pts',(12.5000418380552,1.62373766273927,-2.68084847845011));
#8021=CARTESIAN_POINT('Ctrl Pts',(12.4630051109297,0.744818409024517,-3.21319110733367));
#8022=CARTESIAN_POINT('Ctrl Pts',(12.4259683838042,-0.421296786025069,-3.2713694957246));
#8023=CARTESIAN_POINT('Ctrl Pts',(12.3889316566787,-1.34883431794025,-2.82915483796664));
#8024=CARTESIAN_POINT('Ctrl Pts',(12.3518949295531,-2.27637184985542,-2.38694018020868));
#8025=CARTESIAN_POINT('Ctrl Pts',(12.3148582024276,-2.96533171863621,-1.44433247630184));
#8026=CARTESIAN_POINT('Ctrl Pts',(12.2778214753021,-3.10510571574056,-0.426318656724116));
#8027=CARTESIAN_POINT('Ctrl Pts',(12.2407847481766,-3.24487971284492,0.591695162853618));
#8028=CARTESIAN_POINT('Ctrl Pts',(12.2037480210511,-2.83546783827283,1.68511509810224));
#8029=CARTESIAN_POINT('Ctrl Pts',(12.1667112939255,-2.06141985009107,2.36094721350727));
#8030=CARTESIAN_POINT('Ctrl Pts',(12.1398445663207,-1.4999194674829,2.85120104424225));
#8031=CARTESIAN_POINT('Ctrl Pts',(12.1129778387159,-0.74654159886839,3.12171333521239));
#8032=CARTESIAN_POINT('Ctrl Pts',(12.0861111111111,0.0027100738587886,3.12804403520186));
#8033=CARTESIAN_POINT('Ctrl Pts',(11.9979166666667,0.000419678397278944,
3.12430188357795));
#8034=CARTESIAN_POINT('Ctrl Pts',(12.017128080072,-0.536992311861124,3.12386183938392));
#8035=CARTESIAN_POINT('Ctrl Pts',(12.0363394934774,-1.07465299962375,2.99214146550899));
#8036=CARTESIAN_POINT('Ctrl Pts',(12.0555509068828,-1.53902036099652,2.73044868939998));
#8037=CARTESIAN_POINT('Ctrl Pts',(12.0925876340083,-2.43425107027675,2.22594421932479));
#8038=CARTESIAN_POINT('Ctrl Pts',(12.1296243611338,-3.05707933482518,1.23838348942165));
#8039=CARTESIAN_POINT('Ctrl Pts',(12.1666610882593,-3.1269438384749,0.21317965577281));
#8040=CARTESIAN_POINT('Ctrl Pts',(12.2036978153848,-3.19680834212461,-0.812024177876054));
#8041=CARTESIAN_POINT('Ctrl Pts',(12.2407345425103,-2.71370908487558,-1.87487111527063));
#8042=CARTESIAN_POINT('Ctrl Pts',(12.2777712696359,-1.89532938230047,-2.49623879441291));
#8043=CARTESIAN_POINT('Ctrl Pts',(12.3148079967614,-1.07694967972536,-3.11760647355519));
#8044=CARTESIAN_POINT('Ctrl Pts',(12.3518447238869,0.0767104681758195,-3.29749489444519));
#8045=CARTESIAN_POINT('Ctrl Pts',(12.3888814510124,1.04543649023232,-2.95475681896349));
#8046=CARTESIAN_POINT('Ctrl Pts',(12.4259181781379,2.01416251228882,-2.6120187434818));
#8047=CARTESIAN_POINT('Ctrl Pts',(12.4629549052634,2.79795440850063,-1.74665417162839));
#8048=CARTESIAN_POINT('Ctrl Pts',(12.499991632389,3.04346127985791,-0.748848835435417));
#8049=CARTESIAN_POINT('Ctrl Pts',(12.5370283595145,3.28896815121518,0.248956500757544));
#8050=CARTESIAN_POINT('Ctrl Pts',(12.57406508664,2.99618999771794,1.37920260129008));
#8051=CARTESIAN_POINT('Ctrl Pts',(12.6111018137655,2.29711270931807,2.13231005776941));
#8052=CARTESIAN_POINT('Ctrl Pts',(12.6418919499178,1.71594135425148,2.75839888693832));
#8053=CARTESIAN_POINT('Ctrl Pts',(12.67268208607,0.853965596558272,3.12383692324705));
#8054=CARTESIAN_POINT('Ctrl Pts',(12.7034722222222,-0.00246025215221161,
3.13122573483629));
#8055=CARTESIAN_POINT('Origin',(12.5,0.,0.));
#8056=CARTESIAN_POINT('',(13.4972222222222,-0.000466489781952295,3.13415071378679));
#8057=CARTESIAN_POINT('',(13.4090277777778,0.00254982869572569,3.13085069941083));
#8058=CARTESIAN_POINT('',(12.5,-3.83226273563583E-16,3.12928));
#8059=CARTESIAN_POINT('Ctrl Pts',(13.4972222222222,-0.000466489781952295,
3.13415071378679));
#8060=CARTESIAN_POINT('Ctrl Pts',(13.4611225778374,1.0011752361596,3.13203727576076));
#8061=CARTESIAN_POINT('Ctrl Pts',(13.4250229334525,2.00471724277239,2.60915792578322));
#8062=CARTESIAN_POINT('Ctrl Pts',(13.3889232890676,2.57549002663233,1.78614582971136));
#8063=CARTESIAN_POINT('Ctrl Pts',(13.3518865619421,3.16107905961881,0.941769799348359));
#8064=CARTESIAN_POINT('Ctrl Pts',(13.3148498348166,3.29113941428029,-0.21852304293746));
#8065=CARTESIAN_POINT('Ctrl Pts',(13.2778131076911,2.90703123947695,-1.17159508170247));
#8066=CARTESIAN_POINT('Ctrl Pts',(13.2407763805655,2.52292306467361,-2.12466712046747));
#8067=CARTESIAN_POINT('Ctrl Pts',(13.20373965344,1.62464636040544,-2.87051835571166));
#8068=CARTESIAN_POINT('Ctrl Pts',(13.1667029263145,0.617204241705108,-3.07286914148878));
#8069=CARTESIAN_POINT('Ctrl Pts',(13.129666199189,-0.390237876995243,-3.2752199272659));
#8070=CARTESIAN_POINT('Ctrl Pts',(13.0926294720635,-1.50684541012777,-2.93407026357592));
#8071=CARTESIAN_POINT('Ctrl Pts',(13.055592744938,-2.22917678144872,-2.20323327515319));
#8072=CARTESIAN_POINT('Ctrl Pts',(13.0185560178124,-2.95150815276966,-1.47239628673047));
#8073=CARTESIAN_POINT('Ctrl Pts',(12.9815192906869,-3.27956336227905,-0.351871973575007));
#8074=CARTESIAN_POINT('Ctrl Pts',(12.9444825635614,-3.06543358395665,0.653132423113603));
#8075=CARTESIAN_POINT('Ctrl Pts',(12.9074458364359,-2.85130380563425,1.65813681980223));
#8076=CARTESIAN_POINT('Ctrl Pts',(12.8704091093104,-2.09498903948003,2.54762130002399));
#8077=CARTESIAN_POINT('Ctrl Pts',(12.8333723821849,-1.13748578832468,2.92054662526094));
#8078=CARTESIAN_POINT('Ctrl Pts',(12.8194704770121,-0.77808255717439,3.06052585426743));
#8079=CARTESIAN_POINT('Ctrl Pts',(12.8055685718394,-0.390333666893012,3.12772651581186));
#8080=CARTESIAN_POINT('Ctrl Pts',(12.7916666666667,-0.00186668636054099,
3.12557338469525));
#8081=CARTESIAN_POINT('Ctrl Pts',(12.7034722222222,-0.00246025215221161,
3.13122573483629));
#8082=CARTESIAN_POINT('Ctrl Pts',(12.7097188131955,-0.176208817257243,3.13272475009066));
#8083=CARTESIAN_POINT('Ctrl Pts',(12.7159654041688,-0.349728954655018,3.11948688159765));
#8084=CARTESIAN_POINT('Ctrl Pts',(12.7222119951421,-0.520629562324878,3.09069883764907));
#8085=CARTESIAN_POINT('Ctrl Pts',(12.7592487222676,-1.53391812226541,2.92001134862325));
#8086=CARTESIAN_POINT('Ctrl Pts',(12.7962854493931,-2.45511881884397,2.20266755814549));
#8087=CARTESIAN_POINT('Ctrl Pts',(12.8333221765186,-2.8688976113206,1.26209701792293));
#8088=CARTESIAN_POINT('Ctrl Pts',(12.8703589036441,-3.28267640379722,0.321526477700369));
#8089=CARTESIAN_POINT('Ctrl Pts',(12.9073956307696,-3.18903329217191,-0.842270812266993));
#8090=CARTESIAN_POINT('Ctrl Pts',(12.9444323578952,-2.63018634149623,-1.70457873484637));
#8091=CARTESIAN_POINT('Ctrl Pts',(12.9814690850207,-2.07133939082054,-2.56688665742574));
#8092=CARTESIAN_POINT('Ctrl Pts',(13.0185058121462,-1.0472886010945,-3.12770521261713));
#8093=CARTESIAN_POINT('Ctrl Pts',(13.0555425392717,-0.0197458690424814,
-3.13417908092781));
#8094=CARTESIAN_POINT('Ctrl Pts',(13.0925792663972,1.00779686300953,-3.14065294923848));
#8095=CARTESIAN_POINT('Ctrl Pts',(13.1296159935227,2.0388315373875,-2.59278213066846));
#8096=CARTESIAN_POINT('Ctrl Pts',(13.1666527206483,2.6084994313068,-1.73758385256085));
#8097=CARTESIAN_POINT('Ctrl Pts',(13.2036894477738,3.1781673252261,-0.882385574453231));
#8098=CARTESIAN_POINT('Ctrl Pts',(13.2407261748993,3.28646843868673,0.280140163191997));
#8099=CARTESIAN_POINT('Ctrl Pts',(13.2777629020248,2.88457303616479,1.22584921153991));
#8100=CARTESIAN_POINT('Ctrl Pts',(13.3147996291503,2.48267763364286,2.17155825988783));
#8101=CARTESIAN_POINT('Ctrl Pts',(13.3518363562759,1.57058571513837,2.90045061893844));
#8102=CARTESIAN_POINT('Ctrl Pts',(13.3888730834014,0.559529508309474,3.08389274618773));
#8103=CARTESIAN_POINT('Ctrl Pts',(13.3955913148602,0.376130214081445,3.11716800471636));
#8104=CARTESIAN_POINT('Ctrl Pts',(13.402309546319,0.189474628719766,3.13249593311487));
#8105=CARTESIAN_POINT('Ctrl Pts',(13.4090277777778,0.00254982869572569,
3.13085069941083));
#8106=CARTESIAN_POINT('Origin',(12.5,0.,0.));
#8107=CARTESIAN_POINT('',(14.2027777777778,0.00238663826217594,3.12669232570569));
#8108=CARTESIAN_POINT('',(14.1145833333333,-0.000513589794302337,3.12442363780013));
#8109=CARTESIAN_POINT('',(12.5,-3.83226273563583E-16,3.12928));
#8110=CARTESIAN_POINT('Ctrl Pts',(14.2027777777778,0.00238663826217594,
3.12669232570569));
#8111=CARTESIAN_POINT('Ctrl Pts',(14.1907500380863,0.33817965113956,3.12913181099994));
#8112=CARTESIAN_POINT('Ctrl Pts',(14.1787222983949,0.673266869205693,3.07921013021573));
#8113=CARTESIAN_POINT('Ctrl Pts',(14.1666945587035,0.989889258789813,2.97381657459394));
#8114=CARTESIAN_POINT('Ctrl Pts',(14.1296578315779,1.96485690405785,2.6492807548562));
#8115=CARTESIAN_POINT('Ctrl Pts',(14.0926211044524,2.76474216966312,1.79876399463044));
#8116=CARTESIAN_POINT('Ctrl Pts',(14.0555843773269,3.02890327293092,0.805736140614047));
#8117=CARTESIAN_POINT('Ctrl Pts',(14.0185476502014,3.29306437619872,-0.187291713402341));
#8118=CARTESIAN_POINT('Ctrl Pts',(13.9815109230759,3.02150131712905,-1.32283066120934));
#8119=CARTESIAN_POINT('Ctrl Pts',(13.9444741959504,2.33665288871641,-2.08890378908321));
#8120=CARTESIAN_POINT('Ctrl Pts',(13.9074374688249,1.65180446030378,-2.85497691695707));
#8121=CARTESIAN_POINT('Ctrl Pts',(13.8704007416993,0.553670662548177,-3.25158422489779));
#8122=CARTESIAN_POINT('Ctrl Pts',(13.8333640145738,-0.462636336428813,-3.09990860904172));
#8123=CARTESIAN_POINT('Ctrl Pts',(13.7963272874483,-1.47894333540582,-2.94823299318564));
#8124=CARTESIAN_POINT('Ctrl Pts',(13.7592905603228,-2.41342353560422,-2.24827445353276));
#8125=CARTESIAN_POINT('Ctrl Pts',(13.7222538331973,-2.84475075128751,-1.3156211207214));
#8126=CARTESIAN_POINT('Ctrl Pts',(13.6852171060718,-3.27607796697079,-0.382967787910053));
#8127=CARTESIAN_POINT('Ctrl Pts',(13.6481803789462,-3.20425219813897,0.782380338059762));
#8128=CARTESIAN_POINT('Ctrl Pts',(13.6111436518207,-2.66165731366806,1.65500637319886));
#8129=CARTESIAN_POINT('Ctrl Pts',(13.5741069246952,-2.11906242919715,2.52763240833795));
#8130=CARTESIAN_POINT('Ctrl Pts',(13.5370701975697,-1.10569842908715,3.10753635264633));
#8131=CARTESIAN_POINT('Ctrl Pts',(13.5000334704442,-0.078457573376404,3.13325871558044));
#8132=CARTESIAN_POINT('Ctrl Pts',(13.4990963877035,-0.0524668946344309,
3.13390952854975));
#8133=CARTESIAN_POINT('Ctrl Pts',(13.4981593049629,-0.0264673324407938,
3.13420557488948));
#8134=CARTESIAN_POINT('Ctrl Pts',(13.4972222222222,-0.000466489781952295,
3.13415071378679));
#8135=CARTESIAN_POINT('Ctrl Pts',(13.4090277777778,0.00254982869572569,
3.13085069941083));
#8136=CARTESIAN_POINT('Ctrl Pts',(13.4393462734445,-0.841017228242204,3.12342597592035));
#8137=CARTESIAN_POINT('Ctrl Pts',(13.4696647691112,-1.69006710637031,2.77032612457132));
#8138=CARTESIAN_POINT('Ctrl Pts',(13.4999832647779,-2.27006058234701,2.1610859585059));
#8139=CARTESIAN_POINT('Ctrl Pts',(13.5370199919034,-2.97857397102126,1.41684514812684));
#8140=CARTESIAN_POINT('Ctrl Pts',(13.574056719029,-3.28558025321646,0.290371631920759));
#8141=CARTESIAN_POINT('Ctrl Pts',(13.6110934461545,-3.0526604127121,-0.710445009045119));
#8142=CARTESIAN_POINT('Ctrl Pts',(13.64813017328,-2.81974057220774,-1.711261650011));
#8143=CARTESIAN_POINT('Ctrl Pts',(13.6851669004055,-2.04689460900382,-2.58642141573667));
#8144=CARTESIAN_POINT('Ctrl Pts',(13.722203627531,-1.0825732041523,-2.94134372888256));
#8145=CARTESIAN_POINT('Ctrl Pts',(13.7592403546565,-0.118251799300779,-3.29626604202845));
#8146=CARTESIAN_POINT('Ctrl Pts',(13.7962770817821,1.03754504719836,-3.13095090259454));
#8147=CARTESIAN_POINT('Ctrl Pts',(13.8333138089076,1.8637068186776,-2.51993344139308));
#8148=CARTESIAN_POINT('Ctrl Pts',(13.8703505360331,2.68986859015684,-1.90891598019161));
#8149=CARTESIAN_POINT('Ctrl Pts',(13.9073872631586,3.1863952866162,-0.852196197222612));
#8150=CARTESIAN_POINT('Ctrl Pts',(13.9444239902841,3.12941945385552,0.173785949482539));
#8151=CARTESIAN_POINT('Ctrl Pts',(13.9814607174096,3.07244362109484,1.19976809618769));
#8152=CARTESIAN_POINT('Ctrl Pts',(14.0184974445352,2.4619652591141,2.19501260662896));
#8153=CARTESIAN_POINT('Ctrl Pts',(14.0555341716607,1.5732288519108,2.7107966814075));
#8154=CARTESIAN_POINT('Ctrl Pts',(14.0752172255516,1.10091264161256,2.98490853004684));
#8155=CARTESIAN_POINT('Ctrl Pts',(14.0949002794424,0.550006395023051,3.12360358234945));
#8156=CARTESIAN_POINT('Ctrl Pts',(14.1145833333333,-0.000513589794302337,
3.12442363780013));
#8157=CARTESIAN_POINT('Origin',(12.5,0.,0.));
#8158=CARTESIAN_POINT('',(14.9083333333333,-0.00238297903978529,3.12668129410776));
#8159=CARTESIAN_POINT('',(14.8201388888889,-0.0019469841911291,3.13258495084107));
#8160=CARTESIAN_POINT('',(12.5,-3.83226273563583E-16,3.12928));
#8161=CARTESIAN_POINT('Ctrl Pts',(14.9083333333333,-0.00238297903978529,
3.12668129410776));
#8162=CARTESIAN_POINT('Ctrl Pts',(14.8833407712098,0.695370947567696,3.12162129710325));
#8163=CARTESIAN_POINT('Ctrl Pts',(14.8583482090863,1.39616677765808,2.8905005982614));
#8164=CARTESIAN_POINT('Ctrl Pts',(14.8333556469628,1.94066152675158,2.46115797968743));
#8165=CARTESIAN_POINT('Ctrl Pts',(14.7963189198373,2.74755372707047,1.82491087029183));
#8166=CARTESIAN_POINT('Ctrl Pts',(14.7592821927117,3.21119981690445,0.753357091697611));
#8167=CARTESIAN_POINT('Ctrl Pts',(14.7222454655862,3.12255712459883,-0.27037523681061));
#8168=CARTESIAN_POINT('Ctrl Pts',(14.6852087384607,3.0339144322932,-1.29410756531884));
#8169=CARTESIAN_POINT('Ctrl Pts',(14.6481720113352,2.39298295784794,-2.27001844374107));
#8170=CARTESIAN_POINT('Ctrl Pts',(14.6111352842097,1.4887374824335,-2.75810196918001));
#8171=CARTESIAN_POINT('Ctrl Pts',(14.5740985570842,0.584492007019091,-3.24618549461893));
#8172=CARTESIAN_POINT('Ctrl Pts',(14.5370618299586,-0.583067469364482,-3.2464416670746));
#8173=CARTESIAN_POINT('Ctrl Pts',(14.5000251028331,-1.48752703699029,-2.75875498696274));
#8174=CARTESIAN_POINT('Ctrl Pts',(14.4629883757076,-2.39198660461612,-2.27106830685088));
#8175=CARTESIAN_POINT('Ctrl Pts',(14.4259516485821,-3.03334626348418,-1.29543877417146));
#8176=CARTESIAN_POINT('Ctrl Pts',(14.3889149214566,-3.12243817858281,-0.27174544211123));
#8177=CARTESIAN_POINT('Ctrl Pts',(14.3518781943311,-3.21153009368144,0.751947889949001));
#8178=CARTESIAN_POINT('Ctrl Pts',(14.3148414672055,-2.74835426501066,1.82370502139004));
#8179=CARTESIAN_POINT('Ctrl Pts',(14.27780474008,-1.94174133820984,2.46030614748571));
#8180=CARTESIAN_POINT('Ctrl Pts',(14.2527957526459,-1.39707732180893,2.89016998262139));
#8181=CARTESIAN_POINT('Ctrl Pts',(14.2277867652119,-0.695819629494208,3.1216199630977));
#8182=CARTESIAN_POINT('Ctrl Pts',(14.2027777777778,0.00238663826217594,
3.12669232570569));
#8183=CARTESIAN_POINT('Ctrl Pts',(14.1145833333333,-0.000513589794302337,
3.12442363780013));
#8184=CARTESIAN_POINT('Ctrl Pts',(14.131937006568,-0.485882576670811,3.12514664421999));
#8185=CARTESIAN_POINT('Ctrl Pts',(14.1492906798026,-0.970951315911326,3.01869714522533));
#8186=CARTESIAN_POINT('Ctrl Pts',(14.1666443530372,-1.40159534772937,2.80339047366672));
#8187=CARTESIAN_POINT('Ctrl Pts',(14.2036810801627,-2.32068868774038,2.34387655203163));
#8188=CARTESIAN_POINT('Ctrl Pts',(14.2407178072883,-2.99188091533653,1.38852506964565));
#8189=CARTESIAN_POINT('Ctrl Pts',(14.2777545344138,-3.11255367729729,0.368072377684776));
#8190=CARTESIAN_POINT('Ctrl Pts',(14.3147912615393,-3.23322643925805,-0.652380314276102));
#8191=CARTESIAN_POINT('Ctrl Pts',(14.3518279886648,-2.80337973558341,-1.73793421581188));
#8192=CARTESIAN_POINT('Ctrl Pts',(14.3888647157903,-2.01681721325787,-2.39914901507215));
#8193=CARTESIAN_POINT('Ctrl Pts',(14.4259014429158,-1.23025469093231,-3.06036381433243));
#8194=CARTESIAN_POINT('Ctrl Pts',(14.4629381700414,-0.0869763499558283,
-3.29723951131717));
#8195=CARTESIAN_POINT('Ctrl Pts',(14.4999748971669,0.897551459923792,-3.00297669735814));
#8196=CARTESIAN_POINT('Ctrl Pts',(14.5370116242924,1.88207926980338,-2.70871388339912));
#8197=CARTESIAN_POINT('Ctrl Pts',(14.5740483514179,2.70785654858613,-1.88331255849635));
#8198=CARTESIAN_POINT('Ctrl Pts',(14.6110850785434,3.0025676625162,-0.898918850956859));
#8199=CARTESIAN_POINT('Ctrl Pts',(14.6481218056689,3.29727877644628,0.0854748565826594));
#8200=CARTESIAN_POINT('Ctrl Pts',(14.6851585327945,3.06092372552366,1.22886094675891));
#8201=CARTESIAN_POINT('Ctrl Pts',(14.72219525992,2.40006717672232,2.01572448893877));
#8202=CARTESIAN_POINT('Ctrl Pts',(14.754843136243,1.81752210465454,2.70934473030295));
#8203=CARTESIAN_POINT('Ctrl Pts',(14.7874910125659,0.9051214060285,3.1259318656848));
#8204=CARTESIAN_POINT('Ctrl Pts',(14.8201388888889,-0.0019469841911291,
3.13258495084107));
#8205=CARTESIAN_POINT('Origin',(12.5,0.,0.));
#8206=CARTESIAN_POINT('',(15.6138888888889,0.000458430935519946,3.13415378742723));
#8207=CARTESIAN_POINT('',(15.5256944444444,0.00273677309831025,3.12933051972766));
#8208=CARTESIAN_POINT('',(12.5,-3.83226273563583E-16,3.12928));
#8209=CARTESIAN_POINT('Ctrl Pts',(15.6138888888889,0.000458430935519946,
3.13415378742723));
#8210=CARTESIAN_POINT('Ctrl Pts',(15.6129682314588,0.026003460838895,3.1342068097319));
#8211=CARTESIAN_POINT('Ctrl Pts',(15.6120475740287,0.0515472747567656,3.13392105241082));
#8212=CARTESIAN_POINT('Ctrl Pts',(15.6111269165986,0.0770826641377291,3.13329285250871));
#8213=CARTESIAN_POINT('Ctrl Pts',(15.5740901894731,1.10433473167287,3.1080212720117));
#8214=CARTESIAN_POINT('Ctrl Pts',(15.5370534623476,2.1179530558054,2.52856204520716));
#8215=CARTESIAN_POINT('Ctrl Pts',(15.5000167352221,2.66093079912727,1.65617418921447));
#8216=CARTESIAN_POINT('Ctrl Pts',(15.4629800080966,3.20390854244916,0.783786333221769));
#8217=CARTESIAN_POINT('Ctrl Pts',(15.425943280971,3.27624570496037,-0.381530151959092));
#8218=CARTESIAN_POINT('Ctrl Pts',(15.3889065538455,2.84532780123959,-1.31437266624461));
#8219=CARTESIAN_POINT('Ctrl Pts',(15.35186982672,2.41440989751882,-2.24721518053012));
#8220=CARTESIAN_POINT('Ctrl Pts',(15.3148330995945,1.48023692756606,-2.9475837239203));
#8221=CARTESIAN_POINT('Ctrl Pts',(15.277796372469,0.463996581040033,-3.0997052992767));
#8222=CARTESIAN_POINT('Ctrl Pts',(15.2407596453435,-0.55224376548601,-3.25182687463311));
#8223=CARTESIAN_POINT('Ctrl Pts',(15.2037229182179,-1.65055148858532,-2.85570148195572));
#8224=CARTESIAN_POINT('Ctrl Pts',(15.1666861910924,-2.33573601532084,-2.0899289503389));
#8225=CARTESIAN_POINT('Ctrl Pts',(15.1296494639669,-3.02092054205634,-1.32415641872211));
#8226=CARTESIAN_POINT('Ctrl Pts',(15.0926127368414,-3.29298187242807,-0.188736748165898));
#8227=CARTESIAN_POINT('Ctrl Pts',(15.0555760097159,-3.0292565530098,0.804406928293301));
#8228=CARTESIAN_POINT('Ctrl Pts',(15.0185392825904,-2.76553123359151,1.79755060475254));
#8229=CARTESIAN_POINT('Ctrl Pts',(14.9815025554648,-1.96601926438319,2.64841828711476));
#8230=CARTESIAN_POINT('Ctrl Pts',(14.9444658283393,-0.991194124377123,2.97338190819738));
#8231=CARTESIAN_POINT('Ctrl Pts',(14.9324216633373,-0.674185691246991,3.07905851020116));
#8232=CARTESIAN_POINT('Ctrl Pts',(14.9203774983353,-0.338637556754483,3.12911975714051));
#8233=CARTESIAN_POINT('Ctrl Pts',(14.9083333333333,-0.00238297903978529,
3.12668129410776));
#8234=CARTESIAN_POINT('Ctrl Pts',(14.8201388888889,-0.0019469841911291,
3.13258495084107));
#8235=CARTESIAN_POINT('Ctrl Pts',(14.8245277396914,-0.123884098660682,3.13347932442417));
#8236=CARTESIAN_POINT('Ctrl Pts',(14.828916590494,-0.24572485086035,3.12696561644642));
#8237=CARTESIAN_POINT('Ctrl Pts',(14.8333054412965,-0.366654956566943,3.11272096581749));
#8238=CARTESIAN_POINT('Ctrl Pts',(14.870342168422,-1.38716249437492,2.9925129063329));
#8239=CARTESIAN_POINT('Ctrl Pts',(14.9073788955476,-2.34281952331084,2.32175579318021));
#8240=CARTESIAN_POINT('Ctrl Pts',(14.9444156226731,-2.80275193021011,1.40287179990722));
#8241=CARTESIAN_POINT('Ctrl Pts',(14.9814523497986,-3.26268433710938,0.483987806634232));
#8242=CARTESIAN_POINT('Ctrl Pts',(15.0184890769241,-3.22689212197199,-0.68302306675906));
#8243=CARTESIAN_POINT('Ctrl Pts',(15.0555258040496,-2.71151281063441,-1.57199425711018));
#8244=CARTESIAN_POINT('Ctrl Pts',(15.0925625311751,-2.19613349929684,-2.4609654474613));
#8245=CARTESIAN_POINT('Ctrl Pts',(15.1295992583007,-1.20116709175907,-3.07189695477025));
#8246=CARTESIAN_POINT('Ctrl Pts',(15.1666359854262,-0.175210995747215,-3.12933999037876));
#8247=CARTESIAN_POINT('Ctrl Pts',(15.2036727125517,0.850745100264609,-3.18678302598726));
#8248=CARTESIAN_POINT('Ctrl Pts',(15.2407094396772,1.90769088475052,-2.69073758989537));
#8249=CARTESIAN_POINT('Ctrl Pts',(15.2777461668027,2.51908449481913,-1.86485414506571));
#8250=CARTESIAN_POINT('Ctrl Pts',(15.3147828939283,3.13047810488777,-1.03897070023603));
#8251=CARTESIAN_POINT('Ctrl Pts',(15.3518196210538,3.29631954053909,0.116750753331433));
#8252=CARTESIAN_POINT('Ctrl Pts',(15.3888563481793,2.94183639736288,1.08123367788258));
#8253=CARTESIAN_POINT('Ctrl Pts',(15.4258930753048,2.58735325418669,2.04571660243371));
#8254=CARTESIAN_POINT('Ctrl Pts',(15.4629298024303,1.71254553218301,2.81896099796853));
#8255=CARTESIAN_POINT('Ctrl Pts',(15.4999665295558,0.71183505306025,3.05233656909261));
#8256=CARTESIAN_POINT('Ctrl Pts',(15.5085425011854,0.48011736782176,3.10637542274735));
#8257=CARTESIAN_POINT('Ctrl Pts',(15.5171184728149,0.241649170664516,3.13146819915058));
#8258=CARTESIAN_POINT('Ctrl Pts',(15.5256944444444,0.00273677309831025,
3.12933051972766));
#8259=CARTESIAN_POINT('Origin',(12.5,0.,0.));
#8260=CARTESIAN_POINT('',(16.3194444444444,0.00187101823217309,3.12558143738675));
#8261=CARTESIAN_POINT('',(16.23125,-0.00128962790611267,3.12488103019915));
#8262=CARTESIAN_POINT('',(12.5,-3.83226273563583E-16,3.12928));
#8263=CARTESIAN_POINT('Ctrl Pts',(16.3194444444444,0.00187101823217309,
3.12558143738675));
#8264=CARTESIAN_POINT('Ctrl Pts',(16.3055589645823,0.389877309368545,3.12773895872151));
#8265=CARTESIAN_POINT('Ctrl Pts',(16.2916734847201,0.777165056969583,3.06070213748841));
#8266=CARTESIAN_POINT('Ctrl Pts',(16.2777880048579,1.13620541767896,2.92104601309929));
#8267=CARTESIAN_POINT('Ctrl Pts',(16.2407512777324,2.09387342761727,2.54854136639278));
#8268=CARTESIAN_POINT('Ctrl Pts',(16.2037145506069,2.85057585049677,1.65938783649842));
#8269=CARTESIAN_POINT('Ctrl Pts',(16.1666778234814,3.06514599690796,0.654477254830099));
#8270=CARTESIAN_POINT('Ctrl Pts',(16.1296410963559,3.27971614331915,-0.350433326838245));
#8271=CARTESIAN_POINT('Ctrl Pts',(16.0926043692304,2.952154013262,-1.47110096028055));
#8272=CARTESIAN_POINT('Ctrl Pts',(16.0555676421048,2.23014373870985,-2.20225472242977));
#8273=CARTESIAN_POINT('Ctrl Pts',(16.0185309149793,1.50813346415772,-2.93340848457896));
#8274=CARTESIAN_POINT('Ctrl Pts',(15.9814941878538,0.391675045110607,-3.27504837543507));
#8275=CARTESIAN_POINT('Ctrl Pts',(15.9444574607283,-0.615855939183027,-3.07313975782695));
#8276=CARTESIAN_POINT('Ctrl Pts',(15.9074207336028,-1.62338692347669,-2.87123114021883));
#8277=CARTESIAN_POINT('Ctrl Pts',(15.8703840064772,-2.52199047301688,-2.12577401414645));
#8278=CARTESIAN_POINT('Ctrl Pts',(15.8333472793517,-2.90651674823961,-1.17287058620046));
#8279=CARTESIAN_POINT('Ctrl Pts',(15.7963105522262,-3.29104302346234,-0.219967158254486));
#8280=CARTESIAN_POINT('Ctrl Pts',(15.7592738251007,-3.16149202436763,0.94038257156508));
#8281=CARTESIAN_POINT('Ctrl Pts',(15.7222370979752,-2.5762736193514,1.78501546938014));
#8282=CARTESIAN_POINT('Ctrl Pts',(15.6861210282798,-2.00560254922723,2.60865251757726));
#8283=CARTESIAN_POINT('Ctrl Pts',(15.6500049585843,-1.00163643107721,3.13207379851029));
#8284=CARTESIAN_POINT('Ctrl Pts',(15.6138888888889,0.000458430935519946,
3.13415378742723));
#8285=CARTESIAN_POINT('Ctrl Pts',(15.5256944444444,0.00273677309831025,
3.12933051972766));
#8286=CARTESIAN_POINT('Ctrl Pts',(15.5541551999404,-0.790132842826523,3.12223628317785));
#8287=CARTESIAN_POINT('Ctrl Pts',(15.5826159554364,-1.58789466920639,2.81523885428422));
#8288=CARTESIAN_POINT('Ctrl Pts',(15.6110767109324,-2.16005202005137,2.27104446827638));
#8289=CARTESIAN_POINT('Ctrl Pts',(15.6481134380579,-2.90461537779831,1.56287004962275));
#8290=CARTESIAN_POINT('Ctrl Pts',(15.6851501651834,-3.26712885705034,0.453014465602199));
#8291=CARTESIAN_POINT('Ctrl Pts',(15.7221868923089,-3.08414718980646,-0.55812514652711));
#8292=CARTESIAN_POINT('Ctrl Pts',(15.7592236194345,-2.90116552256259,-1.56926475865642));
#8293=CARTESIAN_POINT('Ctrl Pts',(15.79626034656,-2.17268870882281,-2.48168839889448));
#8294=CARTESIAN_POINT('Ctrl Pts',(15.8332970736855,-1.22716271404673,-2.88401446146024));
#8295=CARTESIAN_POINT('Ctrl Pts',(15.870333800811,-0.281636719270631,-3.28634052402601));
#8296=CARTESIAN_POINT('Ctrl Pts',(15.9073705279365,0.880938456541781,-3.17856900891947));
#8297=CARTESIAN_POINT('Ctrl Pts',(15.944407255062,1.73639594705027,-2.60929051764448));
#8298=CARTESIAN_POINT('Ctrl Pts',(15.9814439821876,2.59185343755873,-2.0400120263695));
#8299=CARTESIAN_POINT('Ctrl Pts',(16.0184807093131,3.14019324276328,-1.00922655892609));
#8300=CARTESIAN_POINT('Ctrl Pts',(16.0555174364386,3.13418751004356,0.0183188344338106));
#8301=CARTESIAN_POINT('Ctrl Pts',(16.0925541635641,3.12818177732384,1.04586422779373));
#8302=CARTESIAN_POINT('Ctrl Pts',(16.1295908906896,2.56783050667984,2.07016954707014));
#8303=CARTESIAN_POINT('Ctrl Pts',(16.1666276178151,1.7057767412313,2.62940946216903));
#8304=CARTESIAN_POINT('Ctrl Pts',(16.1881684118768,1.20440083486035,2.95466692353587));
#8305=CARTESIAN_POINT('Ctrl Pts',(16.2097092059384,0.600969263894665,3.12260861946924));
#8306=CARTESIAN_POINT('Ctrl Pts',(16.23125,-0.00128962790611267,3.12488103019915));
#8307=CARTESIAN_POINT('Origin',(12.5,0.,0.));
#8308=CARTESIAN_POINT('',(17.025,-0.00286579537612686,3.12796937893455));
#8309=CARTESIAN_POINT('',(16.9368055555556,-0.00124183810536736,3.13363401966996));
#8310=CARTESIAN_POINT('',(12.5,-3.83226273563583E-16,3.12928));
#8311=CARTESIAN_POINT('Ctrl Pts',(17.025,-0.00286579537612686,3.12796937893455));
#8312=CARTESIAN_POINT('Ctrl Pts',(16.9981496977057,0.745967747214349,3.12166102983157));
#8313=CARTESIAN_POINT('Ctrl Pts',(16.9712993954115,1.49903478150536,2.85156854398222));
#8314=CARTESIAN_POINT('Ctrl Pts',(16.9444490931172,2.06045203202976,2.36187848789424));
#8315=CARTESIAN_POINT('Ctrl Pts',(16.9074123659917,2.83485886303522,1.68641059987375));
#8316=CARTESIAN_POINT('Ctrl Pts',(16.8703756388662,3.24461656710609,0.59311775692406));
#8317=CARTESIAN_POINT('Ctrl Pts',(16.8333389117407,3.10525703072847,-0.424969989956834));
#8318=CARTESIAN_POINT('Ctrl Pts',(16.7963021846152,2.96589749435085,-1.44305773683774));
#8319=CARTESIAN_POINT('Ctrl Pts',(16.7592654574897,2.27742071752473,-2.38594038764986));
#8320=CARTESIAN_POINT('Ctrl Pts',(16.7222287303641,1.35009404560768,-2.82855544715106));
#8321=CARTESIAN_POINT('Ctrl Pts',(16.6851920032386,0.422767373690645,-3.27117050665225));
#8322=CARTESIAN_POINT('Ctrl Pts',(16.6481552761131,-0.743409193317292,-3.21351797484255));
#8323=CARTESIAN_POINT('Ctrl Pts',(16.6111185489876,-1.62257062602736,-2.68156448866523));
#8324=CARTESIAN_POINT('Ctrl Pts',(16.5740818218621,-2.50173205873745,-2.1496110024879));
#8325=CARTESIAN_POINT('Ctrl Pts',(16.5370450947366,-3.09387835714965,-1.14335656194291));
#8326=CARTESIAN_POINT('Ctrl Pts',(16.500008367611,-3.1320690281377,-0.116501956963576));
#8327=CARTESIAN_POINT('Ctrl Pts',(16.4629716404855,-3.17025969912576,0.910352648015761));
#8328=CARTESIAN_POINT('Ctrl Pts',(16.42593491336,-2.65449474268967,1.95780741742946));
#8329=CARTESIAN_POINT('Ctrl Pts',(16.3888981862345,-1.81729546597306,2.55360692037697));
#8330=CARTESIAN_POINT('Ctrl Pts',(16.3657469389711,-1.29397148547453,2.92603458023396));
#8331=CARTESIAN_POINT('Ctrl Pts',(16.3425956917078,-0.645051499030484,3.12198420413355));
#8332=CARTESIAN_POINT('Ctrl Pts',(16.3194444444444,0.00187101823217309,
3.12558143738675));
#8333=CARTESIAN_POINT('Ctrl Pts',(16.23125,-0.00128962790611267,3.12488103019915));
#8334=CARTESIAN_POINT('Ctrl Pts',(16.2467459330639,-0.434540298600381,3.12651574823524));
#8335=CARTESIAN_POINT('Ctrl Pts',(16.2622418661278,-0.867184105462616,3.04241627717908));
#8336=CARTESIAN_POINT('Ctrl Pts',(16.2777377991917,-1.26079134546038,2.86947278040687));
#8337=CARTESIAN_POINT('Ctrl Pts',(16.3147745263172,-2.20154940645041,2.45612167262446));
#8338=CARTESIAN_POINT('Ctrl Pts',(16.3518112534427,-2.91930926817738,1.53524494613828));
#8339=CARTESIAN_POINT('Ctrl Pts',(16.3888479805682,-3.09045972439169,0.522035514887462));
#8340=CARTESIAN_POINT('Ctrl Pts',(16.4258847076938,-3.261610180606,-0.491173916363365));
#8341=CARTESIAN_POINT('Ctrl Pts',(16.4629214348193,-2.88615123130764,-1.59671605237884));
#8342=CARTESIAN_POINT('Ctrl Pts',(16.4999581619448,-2.13335918933439,-2.2961387186959));
#8343=CARTESIAN_POINT('Ctrl Pts',(16.5369948890703,-1.38056714736117,-2.99556138501294));
#8344=CARTESIAN_POINT('Ctrl Pts',(16.5740316161958,-0.250442012713058,-3.28886458163161));
#8345=CARTESIAN_POINT('Ctrl Pts',(16.6110683433213,0.747469213303786,-3.04380727986156));
#8346=CARTESIAN_POINT('Ctrl Pts',(16.6481050704469,1.74538043932068,-2.7987499780915));
#8347=CARTESIAN_POINT('Ctrl Pts',(16.6851417975724,2.61107775670628,-2.01533217793271));
#8348=CARTESIAN_POINT('Ctrl Pts',(16.7221785246979,2.95426813783484,-1.04677166091806));
#8349=CARTESIAN_POINT('Ctrl Pts',(16.7592152518234,3.2974585189634,-0.0782111439034383));
#8350=CARTESIAN_POINT('Ctrl Pts',(16.7962519789489,3.1181419638349,1.07549208996702));
#8351=CARTESIAN_POINT('Ctrl Pts',(16.8332887060744,2.49712538461279,1.89417267635317));
#8352=CARTESIAN_POINT('Ctrl Pts',(16.8677943225681,1.91854942550477,2.65690417389999));
#8353=CARTESIAN_POINT('Ctrl Pts',(16.9022999390619,0.956582565410831,3.12883959342244));
#8354=CARTESIAN_POINT('Ctrl Pts',(16.9368055555556,-0.00124183810536736,
3.13363401966996));
#8355=CARTESIAN_POINT('Origin',(6.31105904597576,0.,0.));
#8356=CARTESIAN_POINT('',(17.2471701570869,-0.00251338628586275,2.74332054702823));
#8357=CARTESIAN_POINT('',(17.4201909540243,0.00345790343507901,2.74289527966314));
#8358=CARTESIAN_POINT('',(6.31105904597576,-2.40127424194345E-13,2.74447));
#8359=CARTESIAN_POINT('',(17.5,-2.13661963545526,-1.73017240849159));
#8360=CARTESIAN_POINT('Ctrl Pts',(17.2471701570869,-0.00251338628586274,
2.74332054702823));
#8361=CARTESIAN_POINT('Ctrl Pts',(17.2573565819181,-0.251669735170033,2.74541949845145));
#8362=CARTESIAN_POINT('Ctrl Pts',(17.3045797338749,-1.40425395958611,2.60078774550573));
#8363=CARTESIAN_POINT('Ctrl Pts',(17.3888396129572,-3.08059075226134,0.98472800355632));
#8364=CARTESIAN_POINT('Ctrl Pts',(17.4629298024303,-2.70469097060614,-1.02925882463816));
#8365=CARTESIAN_POINT('Ctrl Pts',(17.4999832647779,-2.1368761668465,-1.72985604583254));
#8366=CARTESIAN_POINT('Ctrl Pts',(17.5,-2.13661963545526,-1.73017240849159));
#8367=CARTESIAN_POINT('',(17.5,-1.79044391050984,2.08000629427371));
#8368=CARTESIAN_POINT('Origin',(17.5,0.,0.));
#8369=CARTESIAN_POINT('Ctrl Pts',(17.4201909540243,0.00345790343507887,
2.74289527966314));
#8370=CARTESIAN_POINT('Ctrl Pts',(17.4467939693495,-0.645452442013525,2.73713226711808));
#8371=CARTESIAN_POINT('Ctrl Pts',(17.4733969846747,-1.29767401677323,2.50417657585036));
#8372=CARTESIAN_POINT('Ctrl Pts',(17.5,-1.79044391050984,2.08000629427371));
#8373=CARTESIAN_POINT('Origin',(6.31105904597576,0.,0.));
#8374=CARTESIAN_POINT('',(16.5416146015313,0.00164093766200188,2.7412262525133));
#8375=CARTESIAN_POINT('',(16.7146353984687,-0.00108912830610847,2.7482886024784));
#8376=CARTESIAN_POINT('',(6.31105904597576,-2.40127424194345E-13,2.74447));
#8377=CARTESIAN_POINT('Ctrl Pts',(16.5416146015313,0.00164093766200198,
2.7412262525133));
#8378=CARTESIAN_POINT('Ctrl Pts',(16.5647658487947,-0.565729013557334,2.73807137383623));
#8379=CARTESIAN_POINT('Ctrl Pts',(16.6249538231835,-2.04531615348856,2.29129126280134));
#8380=CARTESIAN_POINT('Ctrl Pts',(16.7221785246979,-3.23275133144039,-0.12024256669683));
#8381=CARTESIAN_POINT('Ctrl Pts',(16.8332887060745,-1.67476251138916,-2.76778621038717));
#8382=CARTESIAN_POINT('Ctrl Pts',(16.944398887451,1.3935502661728,-2.9194750755342));
#8383=CARTESIAN_POINT('Ctrl Pts',(17.0555090688276,3.20499301948596,-0.438668165950223));
#8384=CARTESIAN_POINT('Ctrl Pts',(17.1564328253729,2.22572404203867,2.17416315785229));
#8385=CARTESIAN_POINT('Ctrl Pts',(17.2203198547926,0.654235512065684,2.7377879405301));
#8386=CARTESIAN_POINT('Ctrl Pts',(17.2471701570869,-0.00251338628586274,
2.74332054702823));
#8387=CARTESIAN_POINT('Ctrl Pts',(16.7146353984687,-0.00108912830610815,
2.7482886024784));
#8388=CARTESIAN_POINT('Ctrl Pts',(16.7171665091005,-0.0627090721457289,
2.74859704343587));
#8389=CARTESIAN_POINT('Ctrl Pts',(16.7567343468578,-1.0256833553319,2.71895713996502));
#8390=CARTESIAN_POINT('Ctrl Pts',(16.8333389117407,-2.81731360827276,1.58970384938413));
#8391=CARTESIAN_POINT('Ctrl Pts',(16.9444490931172,-2.87602516926841,-1.48168199878463));
#8392=CARTESIAN_POINT('Ctrl Pts',(17.0555592744938,-0.340304924609707,-3.21701581880541));
#8393=CARTESIAN_POINT('Ctrl Pts',(17.1666694558703,2.5003018985142,-2.05139755090012));
#8394=CARTESIAN_POINT('Ctrl Pts',(17.2777796372469,3.09015270863279,0.963909059086441));
#8395=CARTESIAN_POINT('Ctrl Pts',(17.3622868032982,1.41355949459234,2.59643995117772));
#8396=CARTESIAN_POINT('Ctrl Pts',(17.409757242224,0.257960765078696,2.74515553517409));
#8397=CARTESIAN_POINT('Ctrl Pts',(17.4201909540243,0.00345790343507887,
2.74289527966314));
#8398=CARTESIAN_POINT('Origin',(6.31105904597576,0.,0.));
#8399=CARTESIAN_POINT('',(15.8360590459758,0.000402057325936356,2.74874445398954));
#8400=CARTESIAN_POINT('',(16.0090798429131,-0.00113104135785747,2.74061197494333));
#8401=CARTESIAN_POINT('',(6.31105904597576,-2.40127424194345E-13,2.74447));
#8402=CARTESIAN_POINT('Ctrl Pts',(15.8360590459758,0.000402057325936344,
2.74874445398954));
#8403=CARTESIAN_POINT('Ctrl Pts',(15.8721751156712,-0.878464418651885,2.74692024293042));
#8404=CARTESIAN_POINT('Ctrl Pts',(15.9453279124921,-2.66192523639442,1.81710664778947));
#8405=CARTESIAN_POINT('Ctrl Pts',(16.0555174364386,-2.99996091020525,-1.21057824477605));
#8406=CARTESIAN_POINT('Ctrl Pts',(16.1666276178151,-0.635656197677258,-3.17194129198671));
#8407=CARTESIAN_POINT('Ctrl Pts',(16.2777377991917,2.30184377419065,-2.27305679019278));
#8408=CARTESIAN_POINT('Ctrl Pts',(16.3888479805682,3.16368845323301,0.675517993738418));
#8409=CARTESIAN_POINT('Ctrl Pts',(16.4768069146815,1.58757838240569,2.52750602840772));
#8410=CARTESIAN_POINT('Ctrl Pts',(16.5277291216692,0.341933792834836,2.74311846176836));
#8411=CARTESIAN_POINT('Ctrl Pts',(16.5416146015313,0.00164093766200198,
2.7412262525133));
#8412=CARTESIAN_POINT('Ctrl Pts',(16.0090798429131,-0.00113104135785743,
2.74061197494333));
#8413=CARTESIAN_POINT('Ctrl Pts',(16.024575775977,-0.381104539478848,2.74204567042868));
#8414=CARTESIAN_POINT('Ctrl Pts',(16.0771084361664,-1.66744584810722,2.49200020129795));
#8415=CARTESIAN_POINT('Ctrl Pts',(16.1666778234814,-3.18981590492019,0.538818880952951));
#8416=CARTESIAN_POINT('Ctrl Pts',(16.2777880048579,-2.20195049570698,-2.36995939331172));
#8417=CARTESIAN_POINT('Ctrl Pts',(16.3888981862345,0.771507802963376,-3.14166581525927));
#8418=CARTESIAN_POINT('Ctrl Pts',(16.5000083676111,3.04923333405545,-1.08042490680574));
#8419=CARTESIAN_POINT('Ctrl Pts',(16.6085874383558,2.58818339487869,1.88592031114025));
#8420=CARTESIAN_POINT('Ctrl Pts',(16.680129781975,0.83895086195309,2.74408375056253));
#8421=CARTESIAN_POINT('Ctrl Pts',(16.7146353984687,-0.00108912830610815,
2.7482886024784));
#8422=CARTESIAN_POINT('Origin',(6.31105904597576,0.,0.));
#8423=CARTESIAN_POINT('',(15.1305034904202,-0.00208994225058081,2.74219085899629));
#8424=CARTESIAN_POINT('',(15.3035242873576,0.00240022997755877,2.74451430727738));
#8425=CARTESIAN_POINT('',(6.31105904597576,-2.40127424194345E-13,2.74447));
#8426=CARTESIAN_POINT('Ctrl Pts',(15.1305034904202,-0.0020899422505807,
2.74219085899629));
#8427=CARTESIAN_POINT('Ctrl Pts',(15.1425476554222,-0.296995032527095,2.74432946232979));
#8428=CARTESIAN_POINT('Ctrl Pts',(15.1916285475497,-1.49623099506937,2.56541251573375));
#8429=CARTESIAN_POINT('Ctrl Pts',(15.2777461668027,-3.12664706219579,0.830268585748956));
#8430=CARTESIAN_POINT('Ctrl Pts',(15.3888563481793,-2.4108298524555,-2.15712010102701));
#8431=CARTESIAN_POINT('Ctrl Pts',(15.4999665295558,0.478914047241236,-3.1993607344391));
#8432=CARTESIAN_POINT('Ctrl Pts',(15.6110767109324,2.93680502297325,-1.35662970083576));
#8433=CARTESIAN_POINT('Ctrl Pts',(15.7221868923089,2.74647960716147,1.70942012604223));
#8434=CARTESIAN_POINT('Ctrl Pts',(15.7971810039901,0.946435777915112,2.73845835539946));
#8435=CARTESIAN_POINT('Ctrl Pts',(15.8351383885457,0.0228057949969399,2.74879095610009));
#8436=CARTESIAN_POINT('Ctrl Pts',(15.8360590459758,0.000402057325936344,
2.74874445398954));
#8437=CARTESIAN_POINT('Ctrl Pts',(15.3035242873576,0.00240022997755877,
2.74451430727738));
#8438=CARTESIAN_POINT('Ctrl Pts',(15.3319850428536,-0.692969591456429,2.73829245452401));
#8439=CARTESIAN_POINT('Ctrl Pts',(15.3974825254751,-2.30311648495819,2.11867023132325));
#8440=CARTESIAN_POINT('Ctrl Pts',(15.5000167352221,-3.18330238991452,-0.576068854262237));
#8441=CARTESIAN_POINT('Ctrl Pts',(15.6111269165986,-1.26661603298472,-2.97673543691781));
#8442=CARTESIAN_POINT('Ctrl Pts',(15.7222370979752,1.79222116863531,-2.69317913316952));
#8443=CARTESIAN_POINT('Ctrl Pts',(15.8333472793517,3.23495126487765,0.0189077927378523));
#8444=CARTESIAN_POINT('Ctrl Pts',(15.9289615276644,1.9662352038716,2.33808270679898));
#8445=CARTESIAN_POINT('Ctrl Pts',(15.9875390488515,0.527067605225601,2.73861900433163));
#8446=CARTESIAN_POINT('Ctrl Pts',(16.0090798429131,-0.00113104135785743,
2.74061197494333));
#8447=CARTESIAN_POINT('Origin',(6.31105904597576,0.,0.));
#8448=CARTESIAN_POINT('',(14.4249479348646,0.00209315149513272,2.74220053403003));
#8449=CARTESIAN_POINT('',(14.597968731802,-0.00170756202823946,2.74736853846086));
#8450=CARTESIAN_POINT('',(6.31105904597576,-2.40127424194345E-13,2.74447));
#8451=CARTESIAN_POINT('Ctrl Pts',(14.4249479348646,0.00209315149513306,
2.74220053403003));
#8452=CARTESIAN_POINT('Ctrl Pts',(14.4499569222987,-0.610254147458351,2.73775192380439));
#8453=CARTESIAN_POINT('Ctrl Pts',(14.5120026368583,-2.13608848404379,2.23415056401446));
#8454=CARTESIAN_POINT('Ctrl Pts',(14.6110850785434,-3.22282447167335,-0.280482049863781));
#8455=CARTESIAN_POINT('Ctrl Pts',(14.72219525992,-1.53535098610454,-2.84744887630882));
#8456=CARTESIAN_POINT('Ctrl Pts',(14.8333054412965,1.53660034725377,-2.84677486412127));
#8457=CARTESIAN_POINT('Ctrl Pts',(14.9444156226731,3.22294724207053,-0.279067792363451));
#8458=CARTESIAN_POINT('Ctrl Pts',(15.0434816390476,2.13528823001497,2.23467091857333));
#8459=CARTESIAN_POINT('Ctrl Pts',(15.1055109282967,0.609860640297671,2.73775309376633));
#8460=CARTESIAN_POINT('Ctrl Pts',(15.1305034904202,-0.0020899422505807,
2.74219085899629));
#8461=CARTESIAN_POINT('Ctrl Pts',(14.597968731802,-0.00170756202823962,
2.74736853846086));
#8462=CARTESIAN_POINT('Ctrl Pts',(14.6023575826046,-0.108649974515486,2.74815293022752));
#8463=CARTESIAN_POINT('Ctrl Pts',(14.6437831605326,-1.11726258433269,2.69423166099349));
#8464=CARTESIAN_POINT('Ctrl Pts',(14.7222454655862,-2.89286032037552,1.44797408585202));
#8465=CARTESIAN_POINT('Ctrl Pts',(14.8333556469628,-2.79868786471978,-1.62253382494694));
#8466=CARTESIAN_POINT('Ctrl Pts',(14.9444658283393,-0.180844025406761,-3.22994817636084));
#8467=CARTESIAN_POINT('Ctrl Pts',(15.0555760097159,2.60007298791397,-1.9248091495005));
#8468=CARTESIAN_POINT('Ctrl Pts',(15.1666861910924,3.03641634316048,1.11599530807976));
#8469=CARTESIAN_POINT('Ctrl Pts',(15.249335616973,1.32429748583543,2.62934078688256));
#8470=CARTESIAN_POINT('Ctrl Pts',(15.2949483157281,0.211933383849635,2.74638911459596));
#8471=CARTESIAN_POINT('Ctrl Pts',(15.3035242873576,0.00240022997755877,
2.74451430727738));
#8472=CARTESIAN_POINT('Origin',(6.31105904597576,0.,0.));
#8473=CARTESIAN_POINT('',(13.7193923793091,-0.000409125170152389,2.74874175831707));
#8474=CARTESIAN_POINT('',(13.8924131762465,-0.000450433257284111,2.74021082844403));
#8475=CARTESIAN_POINT('',(6.31105904597576,-2.40127424194345E-13,2.74447));
#8476=CARTESIAN_POINT('Ctrl Pts',(13.7193923793091,-0.000409125170152845,
2.74874175831707));
#8477=CARTESIAN_POINT('Ctrl Pts',(13.7203294620497,-0.0232126239467879,
2.74878987310721));
#8478=CARTESIAN_POINT('Ctrl Pts',(13.7583032719159,-0.94724317586819,2.7382683166035));
#8479=CARTESIAN_POINT('Ctrl Pts',(13.8333138089076,-2.74722951044351,1.70821477709733));
#8480=CARTESIAN_POINT('Ctrl Pts',(13.9444239902841,-2.93620940465478,-1.35791829947017));
#8481=CARTESIAN_POINT('Ctrl Pts',(14.0555341716607,-0.477510079213953,-3.19957057729872));
#8482=CARTESIAN_POINT('Ctrl Pts',(14.1666443530372,2.4117762076568,-2.1560619825829));
#8483=CARTESIAN_POINT('Ctrl Pts',(14.2777545344138,3.12628242192166,0.831640533096007));
#8484=CARTESIAN_POINT('Ctrl Pts',(14.3638557283562,1.49541622113688,2.56573803069593));
#8485=CARTESIAN_POINT('Ctrl Pts',(14.4129201951732,0.296593435922158,2.74434003391677));
#8486=CARTESIAN_POINT('Ctrl Pts',(14.4249479348646,0.00209315149513306,
2.74220053403003));
#8487=CARTESIAN_POINT('Ctrl Pts',(13.8924131762465,-0.000450433257283556,
2.74021082844403));
#8488=CARTESIAN_POINT('Ctrl Pts',(13.9097668494811,-0.426133217607935,2.74084492620102));
#8489=CARTESIAN_POINT('Ctrl Pts',(13.9641572498413,-1.75949557556805,2.44823535666775));
#8490=CARTESIAN_POINT('Ctrl Pts',(14.0555843773269,-3.21262218420355,0.379905893696461));
#8491=CARTESIAN_POINT('Ctrl Pts',(14.1666945587035,-2.08165782546866,-2.47628158343685));
#8492=CARTESIAN_POINT('Ctrl Pts',(14.27780474008,0.926407712092398,-3.09952230728101));
#8493=CARTESIAN_POINT('Ctrl Pts',(14.3889149214566,3.09910012213646,-0.927819064852091));
#8494=CARTESIAN_POINT('Ctrl Pts',(14.4956362520306,2.50179315500806,1.96170022028259));
#8495=CARTESIAN_POINT('Ctrl Pts',(14.5653208554791,0.793817921439607,2.74153358837055));
#8496=CARTESIAN_POINT('Ctrl Pts',(14.597968731802,-0.00170756202823962,
2.74736853846086));
#8497=CARTESIAN_POINT('Origin',(6.31105904597576,0.,0.));
#8498=CARTESIAN_POINT('',(13.0138368237535,-0.00163713848441054,2.74121919006755));
#8499=CARTESIAN_POINT('',(13.1868576206909,0.00223627427396768,2.74584754928036));
#8500=CARTESIAN_POINT('',(6.31105904597576,-2.40127424194345E-13,2.74447));
#8501=CARTESIAN_POINT('Ctrl Pts',(13.0138368237535,-0.00163713848441042,
2.74121919006755));
#8502=CARTESIAN_POINT('Ctrl Pts',(13.0277387289263,-0.342334031719208,2.74310754897296));
#8503=CARTESIAN_POINT('Ctrl Pts',(13.0786773612245,-1.58839010174264,2.52715388843177));
#8504=CARTESIAN_POINT('Ctrl Pts',(13.1666527206483,-3.16398690488428,0.674130562432347));
#8505=CARTESIAN_POINT('Ctrl Pts',(13.2777629020248,-2.30084489057847,-2.2740671332604));
#8506=CARTESIAN_POINT('Ctrl Pts',(13.3888730834014,0.637047413519777,-3.17166180440568));
#8507=CARTESIAN_POINT('Ctrl Pts',(13.4999832647779,3.00049216748507,-1.20926182141535));
#8508=CARTESIAN_POINT('Ctrl Pts',(13.6101563634138,2.66117802619039,1.81782333804968));
#8509=CARTESIAN_POINT('Ctrl Pts',(13.6832927349242,0.878059937232371,2.74688821141199));
#8510=CARTESIAN_POINT('Ctrl Pts',(13.7193923793091,-0.000409125170152845,
2.74874175831707));
#8511=CARTESIAN_POINT('Ctrl Pts',(13.1868576206909,0.0022362742739675,2.74584754928036));
#8512=CARTESIAN_POINT('Ctrl Pts',(13.2171761163576,-0.737596684347281,2.73933584982295));
#8513=CARTESIAN_POINT('Ctrl Pts',(13.2845313391499,-2.39188383154569,2.05135677955649));
#8514=CARTESIAN_POINT('Ctrl Pts',(13.3889232890676,-3.15080336973401,-0.733285784066829));
#8515=CARTESIAN_POINT('Ctrl Pts',(13.5000334704442,-1.11737789106066,-3.03590784624195));
#8516=CARTESIAN_POINT('Ctrl Pts',(13.6111436518207,1.92362493193192,-2.60094922247975));
#8517=CARTESIAN_POINT('Ctrl Pts',(13.7222538331973,3.23003019700743,0.17937316103817));
#8518=CARTESIAN_POINT('Ctrl Pts',(13.8160103413392,1.8746748888874,2.38896815098548));
#8519=CARTESIAN_POINT('Ctrl Pts',(13.8727301223556,0.482371680050521,2.73949161585115));
#8520=CARTESIAN_POINT('Ctrl Pts',(13.8924131762465,-0.000450433257283556,
2.74021082844403));
#8521=CARTESIAN_POINT('Origin',(6.31105904597576,0.,0.));
#8522=CARTESIAN_POINT('',(12.308281268198,0.00237681396444245,2.74338602275617));
#8523=CARTESIAN_POINT('',(12.4813020651354,-0.00215771302817941,2.74617646630731));
#8524=CARTESIAN_POINT('',(6.31105904597576,-2.40127424194345E-13,2.74447));
#8525=CARTESIAN_POINT('Ctrl Pts',(12.308281268198,0.00237681396444228,2.74338602275617));
#8526=CARTESIAN_POINT('Ctrl Pts',(12.3351479958028,-0.654738796734952,2.73783381387738));
#8527=CARTESIAN_POINT('Ctrl Pts',(12.3990514505331,-2.22631877341838,2.17353305904194));
#8528=CARTESIAN_POINT('Ctrl Pts',(12.499991632389,-3.20492050341239,-0.440027286179248));
#8529=CARTESIAN_POINT('Ctrl Pts',(12.6111018137655,-1.39220669281745,-2.92011078635296));
#8530=CARTESIAN_POINT('Ctrl Pts',(12.7222119951421,1.67594460974195,-2.76703834644286));
#8531=CARTESIAN_POINT('Ctrl Pts',(12.8333221765186,3.23282051646234,-0.118830540369083));
#8532=CARTESIAN_POINT('Ctrl Pts',(12.9305304527224,2.0445057938132,2.2917833978649));
#8533=CARTESIAN_POINT('Ctrl Pts',(12.9907020018007,0.565332774410553,2.73807668215105));
#8534=CARTESIAN_POINT('Ctrl Pts',(13.0138368237535,-0.00163713848441042,
2.74121919006755));
#8535=CARTESIAN_POINT('Ctrl Pts',(12.4813020651354,-0.00215771302817922,
2.74617646630731));
#8536=CARTESIAN_POINT('Ctrl Pts',(12.4875486561086,-0.154540281693694,2.74749114648778));
#8537=CARTESIAN_POINT('Ctrl Pts',(12.5308319742074,-1.20902775123263,2.66704419284517));
#8538=CARTESIAN_POINT('Ctrl Pts',(12.6111520194318,-2.96113087371272,1.30267234656244));
#8539=CARTESIAN_POINT('Ctrl Pts',(12.7222622008083,-2.71474763805241,-1.75938034453266));
#8540=CARTESIAN_POINT('Ctrl Pts',(12.8333723821849,-0.0203802395970517,
-3.23494312590674));
#8541=CARTESIAN_POINT('Ctrl Pts',(12.9444825635614,2.69236237160118,-1.79344697461225));
#8542=CARTESIAN_POINT('Ctrl Pts',(13.055592744938,2.97731209504479,1.26526015085605));
#8543=CARTESIAN_POINT('Ctrl Pts',(13.1363844306478,1.23234702031805,2.65973770731103));
#8544=CARTESIAN_POINT('Ctrl Pts',(13.1801393892321,0.166174785983408,2.74729046731382));
#8545=CARTESIAN_POINT('Ctrl Pts',(13.1868576206909,0.0022362742739675,2.74584754928036));
#8546=CARTESIAN_POINT('Origin',(6.31105904597576,0.,0.));
#8547=CARTESIAN_POINT('',(11.6027257126424,-0.00086355650365784,2.74801451426414));
#8548=CARTESIAN_POINT('',(11.7757465095798,0.000368070217596217,2.74010404643342));
#8549=CARTESIAN_POINT('',(6.31105904597576,-2.40127424194345E-13,2.74447));
#8550=CARTESIAN_POINT('Ctrl Pts',(11.6027257126424,-0.000863556503657801,
2.74801451426414));
#8551=CARTESIAN_POINT('Ctrl Pts',(11.6055205355538,-0.0687633395569884,
2.74836953511412));
#8552=CARTESIAN_POINT('Ctrl Pts',(11.6453520855907,-1.03632772241894,2.71524735924733));
#8553=CARTESIAN_POINT('Ctrl Pts',(11.7222203627531,-2.83067589512619,1.57017369104947));
#8554=CARTESIAN_POINT('Ctrl Pts',(11.8333305441297,-2.8641624611478,-1.50209920446617));
#8555=CARTESIAN_POINT('Ctrl Pts',(11.9444407255062,-0.31873833294753,-3.2192242723449));
#8556=CARTESIAN_POINT('Ctrl Pts',(12.0555509068828,2.51605506199403,-2.03380663169372));
#8557=CARTESIAN_POINT('Ctrl Pts',(12.1666610882593,3.08102695724522,0.985739774737783));
#8558=CARTESIAN_POINT('Ctrl Pts',(12.250904542031,1.40330949595238,2.60114006687193));
#8559=CARTESIAN_POINT('Ctrl Pts',(12.2981112686773,0.251118139821528,2.74548772872002));
#8560=CARTESIAN_POINT('Ctrl Pts',(12.308281268198,0.00237681396444228,2.74338602275617));
#8561=CARTESIAN_POINT('Ctrl Pts',(11.7757465095798,0.000368070217596321,
2.74010404643342));
#8562=CARTESIAN_POINT('Ctrl Pts',(11.7949579229852,-0.470957948836102,2.73971811481679));
#8563=CARTESIAN_POINT('Ctrl Pts',(11.851206063516,-1.85156853473615,2.40148519824032));
#8564=CARTESIAN_POINT('Ctrl Pts',(11.9444909311725,-3.22738649441818,0.219978889334158));
#8565=CARTESIAN_POINT('Ctrl Pts',(12.055601112549,-1.95630999898576,-2.57646457459802));
#8566=CARTESIAN_POINT('Ctrl Pts',(12.1667112939256,1.07907098268771,-3.04976677939907));
#8567=CARTESIAN_POINT('Ctrl Pts',(12.2778214753021,3.14129617065081,-0.772916730971463));
#8568=CARTESIAN_POINT('Ctrl Pts',(12.3826850657054,2.41427869158146,2.03367474766772));
#8569=CARTESIAN_POINT('Ctrl Pts',(12.4505119289831,0.748952781721611,2.73969626263678));
#8570=CARTESIAN_POINT('Ctrl Pts',(12.4813020651354,-0.00215771302817922,
2.74617646630731));
#8571=CARTESIAN_POINT('Origin',(-11.3,0.,-1.38777878078145E-16));
#8572=CARTESIAN_POINT('',(-11.3,-3.06161699786838E-16,-2.5));
#8573=CARTESIAN_POINT('Origin',(-11.3,0.,-1.38777878078145E-16));
#8574=CARTESIAN_POINT('',(-6.3,-3.06161699786838E-16,-2.5));
#8575=CARTESIAN_POINT('',(-11.3,3.06161699786838E-16,-2.5));
#8576=CARTESIAN_POINT('Origin',(-6.3,0.,-1.38777878078145E-16));
#8577=CARTESIAN_POINT('Origin',(-6.3,0.,0.));
#8578=CARTESIAN_POINT('',(-6.3,1.83697019872103E-16,1.5));
#8579=CARTESIAN_POINT('Origin',(-6.3,0.,-1.38777878078145E-16));
#8580=CARTESIAN_POINT('Origin',(17.5,0.,-1.38777878078145E-16));
#8581=CARTESIAN_POINT('',(17.5,-1.83697019872103E-16,1.5));
#8582=CARTESIAN_POINT('Origin',(17.5,0.,-1.38777878078145E-16));
#8583=CARTESIAN_POINT('',(17.5,1.83697019872103E-16,1.5));
#8584=CARTESIAN_POINT('Ctrl Pts',(11.2778298429131,-2.63888039242679,-0.753940220021089));
#8585=CARTESIAN_POINT('Ctrl Pts',(11.3148665700387,-2.39021338590017,-1.62430430239914));
#8586=CARTESIAN_POINT('Ctrl Pts',(11.3889400242897,-0.969144293040914,-3.08540131823227));
#8587=CARTESIAN_POINT('Ctrl Pts',(11.5000502056662,2.05209431228229,-2.5034123452516));
#8588=CARTESIAN_POINT('Ctrl Pts',(11.6111603870428,3.21623502449812,0.339961413610883));
#8589=CARTESIAN_POINT('Ctrl Pts',(11.7222705684194,1.48347445384786,2.87476986295228));
#8590=CARTESIAN_POINT('Ctrl Pts',(11.8333807497959,-1.58867073180966,2.81833774159152));
#8591=CARTESIAN_POINT('Ctrl Pts',(11.9444909311725,-3.22738649441818,0.219978889334158));
#8592=CARTESIAN_POINT('Ctrl Pts',(12.055601112549,-1.95630999898576,-2.57646457459802));
#8593=CARTESIAN_POINT('Ctrl Pts',(12.1667112939256,1.07907098268771,-3.04976677939907));
#8594=CARTESIAN_POINT('Ctrl Pts',(12.2778214753021,3.14129617065081,-0.772916730971463));
#8595=CARTESIAN_POINT('Ctrl Pts',(12.3889316566787,2.37097118318216,2.20085983954496));
#8596=CARTESIAN_POINT('Ctrl Pts',(12.5000418380552,-0.537371086408018,3.19006674334306));
#8597=CARTESIAN_POINT('Ctrl Pts',(12.6111520194318,-2.96113087371272,1.30267234656244));
#8598=CARTESIAN_POINT('Ctrl Pts',(12.7222622008083,-2.71474763805241,-1.75938034453266));
#8599=CARTESIAN_POINT('Ctrl Pts',(12.8333723821849,-0.0203802395970517,
-3.23494312590674));
#8600=CARTESIAN_POINT('Ctrl Pts',(12.9444825635614,2.69236237160118,-1.79344697461225));
#8601=CARTESIAN_POINT('Ctrl Pts',(13.055592744938,2.97731209504479,1.26526015085605));
#8602=CARTESIAN_POINT('Ctrl Pts',(13.1667029263145,0.577518301349701,3.1830398439263));
#8603=CARTESIAN_POINT('Ctrl Pts',(13.2778131076911,-2.34304292839008,2.23056478637313));
#8604=CARTESIAN_POINT('Ctrl Pts',(13.3889232890676,-3.15080336973401,-0.733285784066829));
#8605=CARTESIAN_POINT('Ctrl Pts',(13.5000334704442,-1.11737789106066,-3.03590784624195));
#8606=CARTESIAN_POINT('Ctrl Pts',(13.6111436518207,1.92362493193192,-2.60094922247975));
#8607=CARTESIAN_POINT('Ctrl Pts',(13.7222538331973,3.23003019700743,0.17937316103817));
#8608=CARTESIAN_POINT('Ctrl Pts',(13.8333640145738,1.62380811067578,2.79794871346949));
#8609=CARTESIAN_POINT('Ctrl Pts',(13.9444741959504,-1.4466565951184,2.89351939219821));
#8610=CARTESIAN_POINT('Ctrl Pts',(14.0555843773269,-3.21262218420355,0.379905893696461));
#8611=CARTESIAN_POINT('Ctrl Pts',(14.1666945587035,-2.08165782546866,-2.47628158343685));
#8612=CARTESIAN_POINT('Ctrl Pts',(14.27780474008,0.926407712092398,-3.09952230728101));
#8613=CARTESIAN_POINT('Ctrl Pts',(14.3889149214566,3.09910012213646,-0.927819064852091));
#8614=CARTESIAN_POINT('Ctrl Pts',(14.5000251028331,2.47722926372271,2.08052997029908));
#8615=CARTESIAN_POINT('Ctrl Pts',(14.6111352842097,-0.378442902116018,3.2127948506933));
#8616=CARTESIAN_POINT('Ctrl Pts',(14.7222454655862,-2.89286032037552,1.44797408585202));
#8617=CARTESIAN_POINT('Ctrl Pts',(14.8333556469628,-2.79868786471978,-1.62253382494694));
#8618=CARTESIAN_POINT('Ctrl Pts',(14.9444658283393,-0.180844025406761,-3.22994817636084));
#8619=CARTESIAN_POINT('Ctrl Pts',(15.0555760097159,2.60007298791397,-1.9248091495005));
#8620=CARTESIAN_POINT('Ctrl Pts',(15.1666861910924,3.03641634316048,1.11599530807976));
#8621=CARTESIAN_POINT('Ctrl Pts',(15.277796372469,0.734720538878818,3.15046909714319));
#8622=CARTESIAN_POINT('Ctrl Pts',(15.3889065538455,-2.22949764722345,2.34405847983083));
#8623=CARTESIAN_POINT('Ctrl Pts',(15.5000167352221,-3.18330238991452,-0.576068854262237));
#8624=CARTESIAN_POINT('Ctrl Pts',(15.6111269165986,-1.26661603298472,-2.97673543691781));
#8625=CARTESIAN_POINT('Ctrl Pts',(15.7222370979752,1.79222116863531,-2.69317913316952));
#8626=CARTESIAN_POINT('Ctrl Pts',(15.8333472793517,3.23495126487765,0.0189077927378523));
#8627=CARTESIAN_POINT('Ctrl Pts',(15.9444574607283,1.76061795011092,2.71394488075284));
#8628=CARTESIAN_POINT('Ctrl Pts',(16.0555676421048,-1.30132678820918,2.96172627454466));
#8629=CARTESIAN_POINT('Ctrl Pts',(16.1666778234814,-3.18981590492019,0.538818880952951));
#8630=CARTESIAN_POINT('Ctrl Pts',(16.2777880048579,-2.20195049570698,-2.36995939331172));
#8631=CARTESIAN_POINT('Ctrl Pts',(16.3888981862345,0.771507802963376,-3.14166581525927));
#8632=CARTESIAN_POINT('Ctrl Pts',(16.5000083676111,3.04923333405545,-1.08042490680574));
#8633=CARTESIAN_POINT('Ctrl Pts',(16.6111185489876,2.57743575820393,1.9550694378299));
#8634=CARTESIAN_POINT('Ctrl Pts',(16.7222287303641,-0.218664785341476,3.22761587366617));
#8635=CARTESIAN_POINT('Ctrl Pts',(16.8333389117407,-2.81731360827276,1.58970384938413));
#8636=CARTESIAN_POINT('Ctrl Pts',(16.9444490931172,-2.87602516926841,-1.48168199878463));
#8637=CARTESIAN_POINT('Ctrl Pts',(17.0555592744938,-0.340304924609707,-3.21701581880541));
#8638=CARTESIAN_POINT('Ctrl Pts',(17.1666694558703,2.5003018985142,-2.05139755090012));
#8639=CARTESIAN_POINT('Ctrl Pts',(17.2777796372469,3.09015270863279,0.963909059086441));
#8640=CARTESIAN_POINT('Ctrl Pts',(17.3888898186234,0.885764787333493,3.11036375634801));
#8641=CARTESIAN_POINT('Ctrl Pts',(17.4629632728745,-1.10440949422799,2.67053630680951));
#8642=CARTESIAN_POINT('Ctrl Pts',(17.5,-1.79044391050984,2.08000629427371));
#8643=CARTESIAN_POINT('Ctrl Pts',(11.3518865619421,-2.7622153853167,-0.789177592636594));
#8644=CARTESIAN_POINT('Ctrl Pts',(11.3889232890676,-2.50192627436659,-1.70022042203926));
#8645=CARTESIAN_POINT('Ctrl Pts',(11.4629967433187,-1.01443979216038,-3.2296056371316));
#8646=CARTESIAN_POINT('Ctrl Pts',(11.5741069246952,2.14800431947363,-2.62041588383116));
#8647=CARTESIAN_POINT('Ctrl Pts',(11.6852171060718,3.36655419963663,0.355850401475147));
#8648=CARTESIAN_POINT('Ctrl Pts',(11.7963272874483,1.55280852133452,3.00912976862473));
#8649=CARTESIAN_POINT('Ctrl Pts',(11.9074374688248,-1.66292142311588,2.95006014413699));
#8650=CARTESIAN_POINT('Ctrl Pts',(12.0185476502014,-3.37822686273666,0.230260179395598));
#8651=CARTESIAN_POINT('Ctrl Pts',(12.1296578315779,-2.04774327519936,-2.69688240062041));
#8652=CARTESIAN_POINT('Ctrl Pts',(12.2407680129545,1.12950419381747,-3.19230562471111));
#8653=CARTESIAN_POINT('Ctrl Pts',(12.351878194331,3.28811288200468,-0.809041020572641));
#8654=CARTESIAN_POINT('Ctrl Pts',(12.4629883757076,2.48178473686167,2.30372279363752));
#8655=CARTESIAN_POINT('Ctrl Pts',(12.5740985570841,-0.562486532834296,3.33916287526238));
#8656=CARTESIAN_POINT('Ctrl Pts',(12.6852087384607,-3.09952708761599,1.36355615359754));
#8657=CARTESIAN_POINT('Ctrl Pts',(12.7963189198373,-2.84162848555047,-1.84160959709989));
#8658=CARTESIAN_POINT('Ctrl Pts',(12.9074291012138,-0.0213327635208507,
-3.38613667320733));
#8659=CARTESIAN_POINT('Ctrl Pts',(13.0185392825904,2.81819698498929,-1.87726842044097));
#8660=CARTESIAN_POINT('Ctrl Pts',(13.1296494639669,3.11646458074564,1.32439540084977));
#8661=CARTESIAN_POINT('Ctrl Pts',(13.2407596453435,0.604510133111081,3.33180755528055));
#8662=CARTESIAN_POINT('Ctrl Pts',(13.35186982672,-2.45255118186874,2.33481607902639));
#8663=CARTESIAN_POINT('Ctrl Pts',(13.4629800080966,-3.29806442495989,-0.767557817472994));
#8664=CARTESIAN_POINT('Ctrl Pts',(13.5740901894731,-1.16960147597374,-3.17779895798208));
#8665=CARTESIAN_POINT('Ctrl Pts',(13.6852003708497,2.01353058585377,-2.72251140270672));
#8666=CARTESIAN_POINT('Ctrl Pts',(13.7963105522262,3.38099412569681,0.187756635940914));
#8667=CARTESIAN_POINT('Ctrl Pts',(13.9074207336028,1.69970103949498,2.92871818133641));
#8668=CARTESIAN_POINT('Ctrl Pts',(14.0185309149793,-1.51426988346034,3.02875560627134));
#8669=CARTESIAN_POINT('Ctrl Pts',(14.1296410963559,-3.36277250377993,0.397661791550867));
#8670=CARTESIAN_POINT('Ctrl Pts',(14.2407512777324,-2.1789495609487,-2.59201709474046));
#8671=CARTESIAN_POINT('Ctrl Pts',(14.351861459109,0.969705805068476,-3.24438660762131));
#8672=CARTESIAN_POINT('Ctrl Pts',(14.4629716404855,3.24394469054727,-0.971183121099241));
#8673=CARTESIAN_POINT('Ctrl Pts',(14.5740818218621,2.59300906734881,2.1777689925111));
#8674=CARTESIAN_POINT('Ctrl Pts',(14.6851920032386,-0.396130423223696,3.36295324029072));
#8675=CARTESIAN_POINT('Ctrl Pts',(14.7963021846152,-3.02806573099927,1.51564895057718));
#8676=CARTESIAN_POINT('Ctrl Pts',(14.9074123659917,-2.92949187875806,-1.69836719668208));
#8677=CARTESIAN_POINT('Ctrl Pts',(15.0185225473683,-0.189296245011622,-3.38090827160029));
#8678=CARTESIAN_POINT('Ctrl Pts',(15.1296327287448,2.72159421502146,-2.01477015093482));
#8679=CARTESIAN_POINT('Ctrl Pts',(15.2407429101214,3.17833122083712,1.16815427435279));
#8680=CARTESIAN_POINT('Ctrl Pts',(15.3518530914979,0.769059629312313,3.29771452926325));
#8681=CARTESIAN_POINT('Ctrl Pts',(15.4629632728745,-2.33369906433106,2.45361419776833));
#8682=CARTESIAN_POINT('Ctrl Pts',(15.5740734542511,-3.3320823720438,-0.602992942314277));
#8683=CARTESIAN_POINT('Ctrl Pts',(15.6851836356276,-1.32581465368416,-3.11586097098939));
#8684=CARTESIAN_POINT('Ctrl Pts',(15.7962938170042,1.87598532320826,-2.81905192005066));
#8685=CARTESIAN_POINT('Ctrl Pts',(15.9074039983807,3.38614519257438,0.0197914979976824));
#8686=CARTESIAN_POINT('Ctrl Pts',(16.0185141797572,1.84290504541922,2.84078820928409));
#8687=CARTESIAN_POINT('Ctrl Pts',(16.1296243611338,-1.36214770704727,3.10015031606665));
#8688=CARTESIAN_POINT('Ctrl Pts',(16.2407345425104,-3.33890031324824,0.564001993852663));
#8689=CARTESIAN_POINT('Ctrl Pts',(16.3518447238869,-2.30486442447442,-2.48072565833924));
#8690=CARTESIAN_POINT('Ctrl Pts',(16.4629549052635,0.807566242620607,-3.28849980292294));
#8691=CARTESIAN_POINT('Ctrl Pts',(16.57406508664,3.19174724740093,-1.13092139712846));
#8692=CARTESIAN_POINT('Ctrl Pts',(16.6851752680166,2.69789897503809,2.04644473316576));
#8693=CARTESIAN_POINT('Ctrl Pts',(16.7962854493931,-0.228884657307908,3.37846696262511));
#8694=CARTESIAN_POINT('Ctrl Pts',(16.9073956307697,-2.94898814526283,1.66400282614851));
#8695=CARTESIAN_POINT('Ctrl Pts',(17.0185058121462,-3.01044374497231,-1.55093229118502));
#8696=CARTESIAN_POINT('Ctrl Pts',(17.1296159935228,-0.356209967361031,-3.36737148641269));
#8697=CARTESIAN_POINT('Ctrl Pts',(17.2407261748993,2.61716006221153,-2.14727499312174));
#8698=CARTESIAN_POINT('Ctrl Pts',(17.3518363562758,3.23457909621813,1.008959875823));
#8699=CARTESIAN_POINT('Ctrl Pts',(17.4629465376524,0.927163326676719,3.255734760231));
#8700=CARTESIAN_POINT('Ctrl Pts',(17.5370199919034,-1.15602696711879,2.79535082184318));
#8701=CARTESIAN_POINT('Ctrl Pts',(17.574056719029,-1.87412500026526,2.1772208411139));
#8702=CARTESIAN_POINT('Ctrl Pts',(11.425943280971,-2.88555037820662,-0.824414965252099));
#8703=CARTESIAN_POINT('Ctrl Pts',(11.4629800080966,-2.613639162833,-1.77613654167938));
#8704=CARTESIAN_POINT('Ctrl Pts',(11.5370534623476,-1.05973529127984,-3.37380995603093));
#8705=CARTESIAN_POINT('Ctrl Pts',(11.6481636437241,2.24391432666497,-2.73741942241072));
#8706=CARTESIAN_POINT('Ctrl Pts',(11.7592738251007,3.51687337477513,0.37173938933941));
#8707=CARTESIAN_POINT('Ctrl Pts',(11.8703840064772,1.62214258882117,3.14348967429718));
#8708=CARTESIAN_POINT('Ctrl Pts',(11.9814941878538,-1.73717211442211,3.08178254668246));
#8709=CARTESIAN_POINT('Ctrl Pts',(12.0926043692303,-3.52906723105514,0.240541469457042));
#8710=CARTESIAN_POINT('Ctrl Pts',(12.2037145506069,-2.13917655141296,-2.8173002266428));
#8711=CARTESIAN_POINT('Ctrl Pts',(12.3148247319834,1.17993740494724,-3.33484447002315));
#8712=CARTESIAN_POINT('Ctrl Pts',(12.42593491336,3.43492959335856,-0.845165310173819));
#8713=CARTESIAN_POINT('Ctrl Pts',(12.5370450947365,2.59259829054118,2.40658574773008));
#8714=CARTESIAN_POINT('Ctrl Pts',(12.6481552761131,-0.58760197926057,3.4882590071817));
#8715=CARTESIAN_POINT('Ctrl Pts',(12.7592654574896,-3.23792330151926,1.42443996063263));
#8716=CARTESIAN_POINT('Ctrl Pts',(12.8703756388662,-2.96850933304854,-1.92383884966712));
#8717=CARTESIAN_POINT('Ctrl Pts',(12.9814858202428,-0.0222852874446496,
-3.53733022050793));
#8718=CARTESIAN_POINT('Ctrl Pts',(13.0925960016193,2.94403159837739,-1.96108986626968));
#8719=CARTESIAN_POINT('Ctrl Pts',(13.2037061829959,3.25561706644649,1.38353065084349));
#8720=CARTESIAN_POINT('Ctrl Pts',(13.3148163643724,0.631501964872464,3.48057526663481));
#8721=CARTESIAN_POINT('Ctrl Pts',(13.425926545749,-2.56205943534739,2.43906737167966));
#8722=CARTESIAN_POINT('Ctrl Pts',(13.5370367271255,-3.44532548018578,-0.801829850879159));
#8723=CARTESIAN_POINT('Ctrl Pts',(13.648146908502,-1.22182506088681,-3.31969006972222));
#8724=CARTESIAN_POINT('Ctrl Pts',(13.7592570898786,2.10343623977561,-2.84407358293368));
#8725=CARTESIAN_POINT('Ctrl Pts',(13.8703672712551,3.5319580543862,0.196140110843654));
#8726=CARTESIAN_POINT('Ctrl Pts',(13.9814774526317,1.77559396831417,3.05948764920333));
#8727=CARTESIAN_POINT('Ctrl Pts',(14.0925876340083,-1.58188317180228,3.16399182034447));
#8728=CARTESIAN_POINT('Ctrl Pts',(14.2036978153848,-3.51292282335631,0.415417689405273));
#8729=CARTESIAN_POINT('Ctrl Pts',(14.3148079967614,-2.27624129642874,-2.70775260604407));
#8730=CARTESIAN_POINT('Ctrl Pts',(14.4259181781379,1.01300389804456,-3.38925090796161));
#8731=CARTESIAN_POINT('Ctrl Pts',(14.5370283595145,3.38878925895809,-1.01454717734639));
#8732=CARTESIAN_POINT('Ctrl Pts',(14.648138540891,2.70878887097491,2.27500801472313));
#8733=CARTESIAN_POINT('Ctrl Pts',(14.7592487222676,-0.413817944331372,3.51311162988814));
#8734=CARTESIAN_POINT('Ctrl Pts',(14.8703589036441,-3.16327114162301,1.58332381530235));
#8735=CARTESIAN_POINT('Ctrl Pts',(14.9814690850207,-3.06029589279633,-1.77420056841721));
#8736=CARTESIAN_POINT('Ctrl Pts',(15.0925792663972,-0.197748464616487,-3.53186836683973));
#8737=CARTESIAN_POINT('Ctrl Pts',(15.2036894477738,2.84311544212896,-2.10473115236915));
#8738=CARTESIAN_POINT('Ctrl Pts',(15.3147996291503,3.32024609851376,1.22031324062583));
#8739=CARTESIAN_POINT('Ctrl Pts',(15.4259098105269,0.803398719745811,3.44495996138331));
#8740=CARTESIAN_POINT('Ctrl Pts',(15.5370199919034,-2.43790048143868,2.56316991570583));
#8741=CARTESIAN_POINT('Ctrl Pts',(15.64813017328,-3.48086235417308,-0.629917030366317));
#8742=CARTESIAN_POINT('Ctrl Pts',(15.7592403546565,-1.38501327438359,-3.25498650506097));
#8743=CARTESIAN_POINT('Ctrl Pts',(15.8703505360331,1.95974947778121,-2.9449247069318));
#8744=CARTESIAN_POINT('Ctrl Pts',(15.9814607174096,3.53733912027112,0.0206752032575136));
#8745=CARTESIAN_POINT('Ctrl Pts',(16.0925708987862,1.92519214072751,2.96763153781534));
#8746=CARTESIAN_POINT('Ctrl Pts',(16.2036810801627,-1.42296862588535,3.23857435758864));
#8747=CARTESIAN_POINT('Ctrl Pts',(16.3147912615393,-3.4879847215763,0.589185106752375));
#8748=CARTESIAN_POINT('Ctrl Pts',(16.4259014429158,-2.40777835324185,-2.59149192336676));
#8749=CARTESIAN_POINT('Ctrl Pts',(16.5370116242924,0.843624682277836,-3.43533379058661));
#8750=CARTESIAN_POINT('Ctrl Pts',(16.6481218056689,3.33426116074641,-1.18141788745119));
#8751=CARTESIAN_POINT('Ctrl Pts',(16.7592319870455,2.81836219187224,2.13782002850162));
#8752=CARTESIAN_POINT('Ctrl Pts',(16.870342168422,-0.239104529274341,3.52931805158406));
#8753=CARTESIAN_POINT('Ctrl Pts',(16.9814523497986,-3.08066268225289,1.73830180291289));
#8754=CARTESIAN_POINT('Ctrl Pts',(17.0925625311752,-3.14486232067621,-1.6201825835854));
#8755=CARTESIAN_POINT('Ctrl Pts',(17.2036727125517,-0.372115010112353,-3.51772715401998));
#8756=CARTESIAN_POINT('Ctrl Pts',(17.3147828939283,2.73401822590885,-2.24315243534337));
#8757=CARTESIAN_POINT('Ctrl Pts',(17.4258930753048,3.37900548380346,1.05401069255956));
#8758=CARTESIAN_POINT('Ctrl Pts',(17.5370032566814,0.968561866019947,3.40110576411399));
#8759=CARTESIAN_POINT('Ctrl Pts',(17.6110767109324,-1.20764444000958,2.92016533687686));
#8760=CARTESIAN_POINT('Ctrl Pts',(17.6481134380579,-1.95780609002069,2.2744353879541));
#8761=CARTESIAN_POINT('Ctrl Pts',(11.5,-3.00888537109654,-0.859652337867604));
#8762=CARTESIAN_POINT('Ctrl Pts',(11.5370367271255,-2.72535205129942,-1.85205266131949));
#8763=CARTESIAN_POINT('Ctrl Pts',(11.6111101813765,-1.1050307903993,-3.51801427493026));
#8764=CARTESIAN_POINT('Ctrl Pts',(11.7222203627531,2.33982433385631,-2.85442296099028));
#8765=CARTESIAN_POINT('Ctrl Pts',(11.8333305441296,3.66719254991364,0.387628377203671));
#8766=CARTESIAN_POINT('Ctrl Pts',(11.9444407255062,1.69147665630782,3.27784957996963));
#8767=CARTESIAN_POINT('Ctrl Pts',(12.0555509068827,-1.81142280572833,3.21350494922793));
#8768=CARTESIAN_POINT('Ctrl Pts',(12.1666610882593,-3.67990759937363,0.250822759518484));
#8769=CARTESIAN_POINT('Ctrl Pts',(12.2777712696358,-2.23060982762655,-2.93771805266518));
#8770=CARTESIAN_POINT('Ctrl Pts',(12.3888814510124,1.23037061607701,-3.47738331533519));
#8771=CARTESIAN_POINT('Ctrl Pts',(12.4999916323889,3.58174630471244,-0.881289599774998));
#8772=CARTESIAN_POINT('Ctrl Pts',(12.6111018137655,2.70341184422068,2.50944870182264));
#8773=CARTESIAN_POINT('Ctrl Pts',(12.722211995142,-0.612717425686844,3.63735513910102));
#8774=CARTESIAN_POINT('Ctrl Pts',(12.8333221765186,-3.37631951542254,1.48532376766772));
#8775=CARTESIAN_POINT('Ctrl Pts',(12.9444323578952,-3.0953901805466,-2.00606810223435));
#8776=CARTESIAN_POINT('Ctrl Pts',(13.0555425392717,-0.0232378113684482,
-3.68852376780852));
#8777=CARTESIAN_POINT('Ctrl Pts',(13.1666527206483,3.0698662117655,-2.04491131209841));
#8778=CARTESIAN_POINT('Ctrl Pts',(13.2777629020248,3.39476955214734,1.44266590083722));
#8779=CARTESIAN_POINT('Ctrl Pts',(13.3888730834014,0.658493796633847,3.62934297798907));
#8780=CARTESIAN_POINT('Ctrl Pts',(13.4999832647779,-2.67156768882605,2.54331866433293));
#8781=CARTESIAN_POINT('Ctrl Pts',(13.6110934461545,-3.59258653541167,-0.836101884285324));
#8782=CARTESIAN_POINT('Ctrl Pts',(13.722203627531,-1.27404864579989,-3.46158118146235));
#8783=CARTESIAN_POINT('Ctrl Pts',(13.8333138089076,2.19334189369745,-2.96563576316065));
#8784=CARTESIAN_POINT('Ctrl Pts',(13.9444239902841,3.68292198307558,0.204523585746397));
#8785=CARTESIAN_POINT('Ctrl Pts',(14.0555341716607,1.85148689713336,3.19025711707024));
#8786=CARTESIAN_POINT('Ctrl Pts',(14.1666443530372,-1.64949646014422,3.2992280344176));
#8787=CARTESIAN_POINT('Ctrl Pts',(14.2777545344138,-3.66307314293269,0.43317358725968));
#8788=CARTESIAN_POINT('Ctrl Pts',(14.3888647157903,-2.37353303190877,-2.82348811734768));
#8789=CARTESIAN_POINT('Ctrl Pts',(14.4999748971669,1.05630199102063,-3.53411520830192));
#8790=CARTESIAN_POINT('Ctrl Pts',(14.6110850785434,3.5336338273689,-1.05791123359354));
#8791=CARTESIAN_POINT('Ctrl Pts',(14.72219525992,2.82456867460102,2.37224703693515));
#8792=CARTESIAN_POINT('Ctrl Pts',(14.8333054412965,-0.431505465439049,3.66327001948557));
#8793=CARTESIAN_POINT('Ctrl Pts',(14.9444156226731,-3.29847655224676,1.65099868002751));
#8794=CARTESIAN_POINT('Ctrl Pts',(15.0555258040496,-3.19109990683461,-1.85003394015234));
#8795=CARTESIAN_POINT('Ctrl Pts',(15.1666359854262,-0.206200684221351,-3.68282846207918));
#8796=CARTESIAN_POINT('Ctrl Pts',(15.2777461668027,2.96463666923645,-2.19469215380347));
#8797=CARTESIAN_POINT('Ctrl Pts',(15.3888563481793,3.4621609761904,1.27247220689886));
#8798=CARTESIAN_POINT('Ctrl Pts',(15.4999665295558,0.837737810179306,3.59220539350337));
#8799=CARTESIAN_POINT('Ctrl Pts',(15.6110767109324,-2.54210189854628,2.67272563364332));
#8800=CARTESIAN_POINT('Ctrl Pts',(15.7221868923089,-3.62964233630237,-0.656841118418356));
#8801=CARTESIAN_POINT('Ctrl Pts',(15.8332970736855,-1.44421189508303,-3.39411203913255));
#8802=CARTESIAN_POINT('Ctrl Pts',(15.944407255062,2.04351363235416,-3.07079749381293));
#8803=CARTESIAN_POINT('Ctrl Pts',(16.0555174364386,3.68853304796785,0.0215589085173441));
#8804=CARTESIAN_POINT('Ctrl Pts',(16.1666276178151,2.0074792360358,3.09447486634658));
#8805=CARTESIAN_POINT('Ctrl Pts',(16.2777377991917,-1.48378954472344,3.37699839911063));
#8806=CARTESIAN_POINT('Ctrl Pts',(16.3888479805682,-3.63706912990436,0.614368219652086));
#8807=CARTESIAN_POINT('Ctrl Pts',(16.4999581619448,-2.51069228200929,-2.70225818839427));
#8808=CARTESIAN_POINT('Ctrl Pts',(16.6110683433213,0.879683121935064,-3.58216777825028));
#8809=CARTESIAN_POINT('Ctrl Pts',(16.7221785246979,3.4767750740919,-1.23191437777391));
#8810=CARTESIAN_POINT('Ctrl Pts',(16.8332887060744,2.9388254087064,2.22919532383748));
#8811=CARTESIAN_POINT('Ctrl Pts',(16.944398887451,-0.249324401240772,3.68016914054301));
#8812=CARTESIAN_POINT('Ctrl Pts',(17.0555090688275,-3.21233721924296,1.81260077967727));
#8813=CARTESIAN_POINT('Ctrl Pts',(17.1666192502041,-3.27928089638011,-1.68943287598578));
#8814=CARTESIAN_POINT('Ctrl Pts',(17.2777294315807,-0.388020052863678,-3.66808282162726));
#8815=CARTESIAN_POINT('Ctrl Pts',(17.3888396129572,2.85087638960617,-2.339029877565));
#8816=CARTESIAN_POINT('Ctrl Pts',(17.4999497943338,3.5234318713888,1.09906150929612));
#8817=CARTESIAN_POINT('Ctrl Pts',(17.6110599757103,1.00996040536317,3.54647676799698));
#8818=CARTESIAN_POINT('Ctrl Pts',(17.6851334299613,-1.25926191290037,3.04497985191053));
#8819=CARTESIAN_POINT('Ctrl Pts',(17.7221701570869,-2.04148717977611,2.37164993479429));
#8820=CARTESIAN_POINT('',(17.5,2.98670181620386,0.933812389875282));
#8821=CARTESIAN_POINT('Ctrl Pts',(17.5,2.99201114153192,0.935278417247686));
#8822=CARTESIAN_POINT('Ctrl Pts',(17.5,2.95618686873678,1.02872720294642));
#8823=CARTESIAN_POINT('Ctrl Pts',(17.5,2.91551486282818,1.12009175976945));
#8824=CARTESIAN_POINT('Ctrl Pts',(17.5,2.87035115936474,1.20916547210894));
#8825=CARTESIAN_POINT('Ctrl Pts',(17.5,2.82402591685322,1.30053001950195));
#8826=CARTESIAN_POINT('Ctrl Pts',(17.5,2.77297441078795,1.38948503714476));
#8827=CARTESIAN_POINT('Ctrl Pts',(17.5,2.71753266398922,1.47578235443202));
#8828=CARTESIAN_POINT('Ctrl Pts',(17.5,2.66359077484057,1.55974508273195));
#8829=CARTESIAN_POINT('Ctrl Pts',(17.5,2.60549212369996,1.64119234331189));
#8830=CARTESIAN_POINT('Ctrl Pts',(17.5,2.54351219286348,1.71986462749852));
#8831=CARTESIAN_POINT('Ctrl Pts',(17.5,2.48927975338156,1.78870287616181));
#8832=CARTESIAN_POINT('Ctrl Pts',(17.5,2.43207494260491,1.85541628732595));
#8833=CARTESIAN_POINT('Ctrl Pts',(17.5,2.37206721441253,1.91980722930832));
#8834=CARTESIAN_POINT('Ctrl Pts',(17.5,2.35797153372527,1.93493251707836));
#8835=CARTESIAN_POINT('Ctrl Pts',(17.5,2.34371750174661,1.94993317257315));
#8836=CARTESIAN_POINT('Ctrl Pts',(17.5,2.32932886680503,1.96478453109535));
#8837=CARTESIAN_POINT('Ctrl Pts',(17.5,2.25795227594637,2.03845651910801));
#8838=CARTESIAN_POINT('Ctrl Pts',(17.5,2.18318188191246,2.10855192013778));
#8839=CARTESIAN_POINT('Ctrl Pts',(17.5,2.10534529999029,2.17482599266899));
#8840=CARTESIAN_POINT('Ctrl Pts',(17.5,2.02768280085207,2.24095184215693));
#8841=CARTESIAN_POINT('Ctrl Pts',(17.5,1.94696701825411,2.30327398694815));
#8842=CARTESIAN_POINT('Ctrl Pts',(17.5,1.86349278304497,2.36150787027624));
#8843=CARTESIAN_POINT('Ctrl Pts',(17.5,1.7838471962597,2.4170707849508));
#8844=CARTESIAN_POINT('Ctrl Pts',(17.5,1.70168961961474,2.46891200620018));
#8845=CARTESIAN_POINT('Ctrl Pts',(17.5,1.61725987307904,2.51674213215929));
#8846=CARTESIAN_POINT('Ctrl Pts',(17.5,1.55188597034658,2.55377697035828));
#8847=CARTESIAN_POINT('Ctrl Pts',(17.5,1.48514941541885,2.58840623536017));
#8848=CARTESIAN_POINT('Ctrl Pts',(17.5,1.41715847149165,2.62047596001768));
#8849=CARTESIAN_POINT('Ctrl Pts',(17.5,1.40374966321119,2.62680057863159));
#8850=CARTESIAN_POINT('Ctrl Pts',(17.5,1.39029197381195,2.63302555200173));
#8851=CARTESIAN_POINT('Ctrl Pts',(17.5,1.37679957194977,2.63914380078695));
#8852=CARTESIAN_POINT('Ctrl Pts',(17.5,1.28521759849719,2.68067245547331));
#8853=CARTESIAN_POINT('Ctrl Pts',(17.5,1.19188673880811,2.71736051501893));
#8854=CARTESIAN_POINT('Ctrl Pts',(17.5,1.09709443851494,2.74893297640567));
#8855=CARTESIAN_POINT('Ctrl Pts',(17.5,1.00230213822177,2.78050543779241));
#8856=CARTESIAN_POINT('Ctrl Pts',(17.5,0.906047622413122,2.80696284262517));
#8857=CARTESIAN_POINT('Ctrl Pts',(17.5,0.808604941243259,2.82797408666271));
#8858=CARTESIAN_POINT('Ctrl Pts',(17.5,0.712066570601446,2.84879033720291));
#8859=CARTESIAN_POINT('Ctrl Pts',(17.5,0.614360989304161,2.86426041884842));
#8860=CARTESIAN_POINT('Ctrl Pts',(17.5,0.515873101511161,2.87448769410294));
#8861=CARTESIAN_POINT('Ctrl Pts',(17.5,0.463957226499101,2.87987879300581));
#8862=CARTESIAN_POINT('Ctrl Pts',(17.5,0.411824061160367,2.88381221865731));
#8863=CARTESIAN_POINT('Ctrl Pts',(17.5,0.35953132100978,2.8862974935272));
#8864=CARTESIAN_POINT('Ctrl Pts',(17.5,0.34220863924681,2.88712077464692));
#8865=CARTESIAN_POINT('Ctrl Pts',(17.5,0.32486845766231,2.8877851117565));
#8866=CARTESIAN_POINT('Ctrl Pts',(17.5,0.307512911246168,2.88829076198958));
#8867=CARTESIAN_POINT('Ctrl Pts',(17.5,0.29266501129714,2.88872335246469));
#8868=CARTESIAN_POINT('Ctrl Pts',(17.5,0.277814541566904,2.88903952686937));
#8869=CARTESIAN_POINT('Ctrl Pts',(17.5,0.262966602735197,2.88923983540987));
#8870=CARTESIAN_POINT('Ctrl Pts',(17.5,0.165567729508342,2.89055381079483));
#8871=CARTESIAN_POINT('Ctrl Pts',(17.5,0.0682249835159731,2.88688803457754));
#8872=CARTESIAN_POINT('Ctrl Pts',(17.5,-0.0286967957365998,2.87839771217698));
#8873=CARTESIAN_POINT('Ctrl Pts',(17.5,-0.126207877990595,2.86985576698832));
#8874=CARTESIAN_POINT('Ctrl Pts',(17.5,-0.223293783813293,2.85643013222267));
#8875=CARTESIAN_POINT('Ctrl Pts',(17.5,-0.319575188100656,2.83822631075707));
#8876=CARTESIAN_POINT('Ctrl Pts',(17.5,-0.414971268713416,2.82018987648562));
#8877=CARTESIAN_POINT('Ctrl Pts',(17.5,-0.509578424289402,2.79746233314755));
#8878=CARTESIAN_POINT('Ctrl Pts',(17.5,-0.60300687478922,2.77010019521341));
#8879=CARTESIAN_POINT('Ctrl Pts',(17.5,-0.636296169908479,2.76035084927103));
#8880=CARTESIAN_POINT('Ctrl Pts',(17.5,-0.669435567669798,2.75001271570075));
#8881=CARTESIAN_POINT('Ctrl Pts',(17.5,-0.702406476988144,2.73908705831148));
#8882=CARTESIAN_POINT('Ctrl Pts',(17.5,-0.72808949326043,2.73057640930861));
#8883=CARTESIAN_POINT('Ctrl Pts',(17.5,-0.753670264281776,2.72170924999473));
#8884=CARTESIAN_POINT('Ctrl Pts',(17.5,-0.779139744502909,2.71248590820699));
#8885=CARTESIAN_POINT('Ctrl Pts',(17.5,-0.793301160785836,2.70735759065038));
#8886=CARTESIAN_POINT('Ctrl Pts',(17.5,-0.807425325637408,2.702120137982));
#8887=CARTESIAN_POINT('Ctrl Pts',(17.5,-0.82150300384161,2.69677676252646));
#8888=CARTESIAN_POINT('Ctrl Pts',(17.5,-0.911859929200634,2.66248055471447));
#8889=CARTESIAN_POINT('Ctrl Pts',(17.5,-1.00039879315776,2.62379021857943));
#8890=CARTESIAN_POINT('Ctrl Pts',(17.5,-1.08673836223221,2.5807816356184));
#8891=CARTESIAN_POINT('Ctrl Pts',(17.5,-1.15149303903806,2.54852519839763));
#8892=CARTESIAN_POINT('Ctrl Pts',(17.5,-1.21501024519262,2.51383875816143));
#8893=CARTESIAN_POINT('Ctrl Pts',(17.5,-1.2771166901864,2.47673874487325));
#8894=CARTESIAN_POINT('Ctrl Pts',(17.5,-1.29302767605446,2.46723413086431));
#8895=CARTESIAN_POINT('Ctrl Pts',(17.5,-1.30884600475572,2.45757104300138));
#8896=CARTESIAN_POINT('Ctrl Pts',(17.5,-1.32456862136208,2.44774962713072));
#8897=CARTESIAN_POINT('Ctrl Pts',(17.5,-1.34093002026398,2.4375291843848));
#8898=CARTESIAN_POINT('Ctrl Pts',(17.5,-1.3571804153071,2.42714185739091));
#8899=CARTESIAN_POINT('Ctrl Pts',(17.5,-1.37331407180703,2.41658992892275));
#8900=CARTESIAN_POINT('Ctrl Pts',(17.5,-1.45070717967902,2.36597235576457));
#8901=CARTESIAN_POINT('Ctrl Pts',(17.5,-1.52543667563893,2.3115575039094));
#8902=CARTESIAN_POINT('Ctrl Pts',(17.5,-1.59714533998147,2.25339109759569));
#8903=CARTESIAN_POINT('Ctrl Pts',(17.5,-1.6643390192773,2.19888701656911));
#8904=CARTESIAN_POINT('Ctrl Pts',(17.5,-1.72888050434247,2.1410884061011));
#8905=CARTESIAN_POINT('Ctrl Pts',(17.5,-1.79044391050981,2.08000629427373));
#8906=CARTESIAN_POINT('Ctrl Pts',(16.9368055555556,-0.00124183810536736,
3.13363401966996));
#8907=CARTESIAN_POINT('Ctrl Pts',(16.9393366661874,-0.0715016907758837,
3.13398570801758));
#8908=CARTESIAN_POINT('Ctrl Pts',(16.9418677768192,-0.141739253930378,3.13182382827866));
#8909=CARTESIAN_POINT('Ctrl Pts',(16.944398887451,-0.211801569249927,3.12707877761446));
#8910=CARTESIAN_POINT('Ctrl Pts',(16.9814356145765,-1.23699534057483,3.05764635358776));
#8911=CARTESIAN_POINT('Ctrl Pts',(17.018472341702,-2.22466627990891,2.43512356663251));
#8912=CARTESIAN_POINT('Ctrl Pts',(17.0555090688276,-2.7296590290988,1.54018989721104));
#8913=CARTESIAN_POINT('Ctrl Pts',(17.0925457959531,-3.23465177828867,0.645256227789586));
#8914=CARTESIAN_POINT('Ctrl Pts',(17.1295825230786,-3.25696633733439,-0.522088324098063));
#8915=CARTESIAN_POINT('Ctrl Pts',(17.1666192502041,-2.78624680960453,-1.43553559098215));
#8916=CARTESIAN_POINT('Ctrl Pts',(17.2036559773296,-2.31552728187466,-2.34898285786625));
#8917=CARTESIAN_POINT('Ctrl Pts',(17.2406927044551,-1.35177366736917,-3.00853283974677));
#8918=CARTESIAN_POINT('Ctrl Pts',(17.2777294315807,-0.33008078637144,-3.11679900667664));
#8919=CARTESIAN_POINT('Ctrl Pts',(17.3147661587062,0.691612094626263,-3.22506517360651));
#8920=CARTESIAN_POINT('Ctrl Pts',(17.3518028858317,1.77124424211619,-2.78204752558577));
#8921=CARTESIAN_POINT('Ctrl Pts',(17.3888396129572,2.42315289615827,-1.98752347043189));
#8922=CARTESIAN_POINT('Ctrl Pts',(17.4258930753048,3.07535611823997,-1.19264040578812));
#8923=CARTESIAN_POINT('Ctrl Pts',(17.4629465376524,3.29944912253081,-0.0459332328550957));
#8924=CARTESIAN_POINT('Ctrl Pts',(17.5,2.9920111415319,0.93527841724777));
#8925=CARTESIAN_POINT('',(11.5,1.74163221540292,-2.12728853333038));
#8926=CARTESIAN_POINT('Ctrl Pts',(11.5,1.74163221540289,-2.12728853333041));
#8927=CARTESIAN_POINT('Ctrl Pts',(11.5,1.6754983460848,-2.18971310159304));
#8928=CARTESIAN_POINT('Ctrl Pts',(11.5,1.60605756946943,-2.24842766221459));
#8929=CARTESIAN_POINT('Ctrl Pts',(11.5,1.53370666250848,-2.30342844449118));
#8930=CARTESIAN_POINT('Ctrl Pts',(11.5,1.48870774899457,-2.33763638394656));
#8931=CARTESIAN_POINT('Ctrl Pts',(11.5,1.44258220229863,-2.37040714969858));
#8932=CARTESIAN_POINT('Ctrl Pts',(11.5,1.39541784698782,-2.40173355681753));
#8933=CARTESIAN_POINT('Ctrl Pts',(11.5,1.35996051719684,-2.4252841967248));
#8934=CARTESIAN_POINT('Ctrl Pts',(11.5,1.32391595442515,-2.44801842127001));
#8935=CARTESIAN_POINT('Ctrl Pts',(11.5,1.28731969878817,-2.46993124475367));
#8936=CARTESIAN_POINT('Ctrl Pts',(11.5,1.27047921070466,-2.48001486222572));
#8937=CARTESIAN_POINT('Ctrl Pts',(11.5,1.25352161898751,-2.48992454985834));
#8938=CARTESIAN_POINT('Ctrl Pts',(11.5,1.23646366120466,-2.49965242791396));
#8939=CARTESIAN_POINT('Ctrl Pts',(11.5,1.15349978427512,-2.54696538812097));
#8940=CARTESIAN_POINT('Ctrl Pts',(11.5,1.06808978373031,-2.59002645799422));
#8941=CARTESIAN_POINT('Ctrl Pts',(11.5,0.980650076332051,-2.62880618498619));
#8942=CARTESIAN_POINT('Ctrl Pts',(11.5,0.908104186761075,-2.66098046685035));
#8943=CARTESIAN_POINT('Ctrl Pts',(11.5,0.834160133697106,-2.69020710521201));
#8944=CARTESIAN_POINT('Ctrl Pts',(11.5,0.759039221448221,-2.71644760725106));
#8945=CARTESIAN_POINT('Ctrl Pts',(11.5,0.735896143698084,-2.72453172072509));
#8946=CARTESIAN_POINT('Ctrl Pts',(11.5,0.712635156776502,-2.73233409710056));
#8947=CARTESIAN_POINT('Ctrl Pts',(11.5,0.689296290862774,-2.73984276440414));
#8948=CARTESIAN_POINT('Ctrl Pts',(11.5,0.596617960990596,-2.76965958360326));
#8949=CARTESIAN_POINT('Ctrl Pts',(11.5,0.502636261134538,-2.79487806814233));
#8950=CARTESIAN_POINT('Ctrl Pts',(11.5,0.407771662136702,-2.8154757415993));
#8951=CARTESIAN_POINT('Ctrl Pts',(11.5,0.311648676907423,-2.83634664478529));
#8952=CARTESIAN_POINT('Ctrl Pts',(11.5,0.214618344767913,-2.85247372112126));
#8953=CARTESIAN_POINT('Ctrl Pts',(11.5,0.11708995152372,-2.86378842354569));
#8954=CARTESIAN_POINT('Ctrl Pts',(11.5,0.0339094069986007,-2.8734385682625));
#8955=CARTESIAN_POINT('Ctrl Pts',(11.5,-0.0496342302558864,-2.87958748519601));
#8956=CARTESIAN_POINT('Ctrl Pts',(11.5,-0.133295512442482,-2.88216402598827));
#8957=CARTESIAN_POINT('Ctrl Pts',(11.5,-0.196041474082429,-2.88409643158246));
#8958=CARTESIAN_POINT('Ctrl Pts',(11.5,-0.258853805866233,-2.88401884819994));
#8959=CARTESIAN_POINT('Ctrl Pts',(11.5,-0.321629487733481,-2.88189074684596));
#8960=CARTESIAN_POINT('Ctrl Pts',(11.5,-0.339589655079613,-2.88128189553109));
#8961=CARTESIAN_POINT('Ctrl Pts',(11.5,-0.357546818901194,-2.88050514324686));
#8962=CARTESIAN_POINT('Ctrl Pts',(11.5,-0.375498552428769,-2.87955939787267));
#8963=CARTESIAN_POINT('Ctrl Pts',(11.5,-0.38991288476879,-2.87880001226171));
#8964=CARTESIAN_POINT('Ctrl Pts',(11.5,-0.404314471398811,-2.87793214725885));
#8965=CARTESIAN_POINT('Ctrl Pts',(11.5,-0.418700038849196,-2.87695579691367));
#8966=CARTESIAN_POINT('Ctrl Pts',(11.5,-0.518314924568948,-2.87019492158549));
#8967=CARTESIAN_POINT('Ctrl Pts',(11.5,-0.617191774427606,-2.85823450872283));
#8968=CARTESIAN_POINT('Ctrl Pts',(11.5,-0.714915739252852,-2.84100985356028));
#8969=CARTESIAN_POINT('Ctrl Pts',(11.5,-0.76980034643256,-2.83133598866857));
#8970=CARTESIAN_POINT('Ctrl Pts',(11.5,-0.82432160223568,-2.82000075453221));
#8971=CARTESIAN_POINT('Ctrl Pts',(11.5,-0.878407187112181,-2.8069855536265));
#8972=CARTESIAN_POINT('Ctrl Pts',(11.5,-0.97207411755866,-2.78444546423362));
#8973=CARTESIAN_POINT('Ctrl Pts',(11.5,-1.06443504198042,-2.75686984409075));
#8974=CARTESIAN_POINT('Ctrl Pts',(11.5,-1.15526473328226,-2.72455568488084));
#8975=CARTESIAN_POINT('Ctrl Pts',(11.5,-1.2477720768826,-2.69164467322439));
#8976=CARTESIAN_POINT('Ctrl Pts',(11.5,-1.33869180127646,-2.65381813055025));
#8977=CARTESIAN_POINT('Ctrl Pts',(11.5,-1.42777194774838,-2.61133786685417));
#8978=CARTESIAN_POINT('Ctrl Pts',(11.5,-1.44116715503358,-2.60495000199005));
#8979=CARTESIAN_POINT('Ctrl Pts',(11.5,-1.45452072891369,-2.59845681919759));
#8980=CARTESIAN_POINT('Ctrl Pts',(11.5,-1.46783177014928,-2.59185911703875));
#8981=CARTESIAN_POINT('Ctrl Pts',(11.5,-1.48092318111787,-2.58537027601715));
#8982=CARTESIAN_POINT('Ctrl Pts',(11.5,-1.49396480782134,-2.57878461253459));
#8983=CARTESIAN_POINT('Ctrl Pts',(11.5,-1.50695463925494,-2.57210396032877));
#8984=CARTESIAN_POINT('Ctrl Pts',(11.5,-1.59535167129061,-2.5266414899283));
#8985=CARTESIAN_POINT('Ctrl Pts',(11.5,-1.68137042273013,-2.47677486352737));
#8986=CARTESIAN_POINT('Ctrl Pts',(11.5,-1.76478142307552,-2.42284780580769));
#8987=CARTESIAN_POINT('Ctrl Pts',(11.5,-1.84964618144939,-2.367980861349));
#8988=CARTESIAN_POINT('Ctrl Pts',(11.5,-1.93181221398771,-2.30891031874277));
#8989=CARTESIAN_POINT('Ctrl Pts',(11.5,-2.0110240619475,-2.24594472545267));
#8990=CARTESIAN_POINT('Ctrl Pts',(11.5,-2.09067182224227,-2.18263262492279));
#8991=CARTESIAN_POINT('Ctrl Pts',(11.5,-2.16733354150418,-2.1153819617396));
#8992=CARTESIAN_POINT('Ctrl Pts',(11.5,-2.24072464383423,-2.04445994940425));
#8993=CARTESIAN_POINT('Ctrl Pts',(11.5,-2.28343197845474,-2.00318941364986));
#8994=CARTESIAN_POINT('Ctrl Pts',(11.5,-2.32503128239988,-1.96067484424903));
#8995=CARTESIAN_POINT('Ctrl Pts',(11.5,-2.36546107913365,-1.91696280022464));
#8996=CARTESIAN_POINT('Ctrl Pts',(11.5,-2.37617668279633,-1.90537726240621));
#8997=CARTESIAN_POINT('Ctrl Pts',(11.5,-2.38681119131404,-1.89370637339424));
#8998=CARTESIAN_POINT('Ctrl Pts',(11.5,-2.39736001043912,-1.88195473952896));
#8999=CARTESIAN_POINT('Ctrl Pts',(11.5,-2.46693948958022,-1.80444155500023));
#9000=CARTESIAN_POINT('Ctrl Pts',(11.5,-2.53254475701014,-1.72369730849432));
#9001=CARTESIAN_POINT('Ctrl Pts',(11.5,-2.59391797095194,-1.64004854763065));
#9002=CARTESIAN_POINT('Ctrl Pts',(11.5,-2.6552857871543,-1.55640714362817));
#9003=CARTESIAN_POINT('Ctrl Pts',(11.5,-2.71242302426706,-1.46986112652195));
#9004=CARTESIAN_POINT('Ctrl Pts',(11.5,-2.76504256273483,-1.3806939649676));
#9005=CARTESIAN_POINT('Ctrl Pts',(11.5,-2.81648515265399,-1.29352121773979));
#9006=CARTESIAN_POINT('Ctrl Pts',(11.5,-2.86361043010112,-1.2038425918871));
#9007=CARTESIAN_POINT('Ctrl Pts',(11.5,-2.90611282749101,-1.11189157788853));
#9008=CARTESIAN_POINT('Ctrl Pts',(11.5,-2.94415834259565,-1.0295827222285));
#9009=CARTESIAN_POINT('Ctrl Pts',(11.5,-2.97849952576258,-0.945452388211704));
#9010=CARTESIAN_POINT('Ctrl Pts',(11.5,-3.00888537109654,-0.859652337867604));
#9011=CARTESIAN_POINT('Ctrl Pts',(11.5,1.74163221540292,-2.12728853333038));
#9012=CARTESIAN_POINT('Ctrl Pts',(11.5000167352221,1.74194753902338,-2.12703072615701));
#9013=CARTESIAN_POINT('Ctrl Pts',(11.5370701975697,2.43996587550688,-1.55604935630279));
#9014=CARTESIAN_POINT('Ctrl Pts',(11.6111603870428,3.21623502449812,0.339961413610883));
#9015=CARTESIAN_POINT('Ctrl Pts',(11.703059155014,1.78307597769434,2.43649091839122));
#9016=CARTESIAN_POINT('Ctrl Pts',(11.7579211958597,0.437688010027898,2.74046213316008));
#9017=CARTESIAN_POINT('Ctrl Pts',(11.7757465095798,0.000368070217596321,
2.74010404643342));
#9018=CARTESIAN_POINT('Origin',(11.5,-3.39035009034105E-16,-1.34388429440391E-16));
#9019=CARTESIAN_POINT('',(11.5,2.17483533996989,1.673979338259));
#9020=CARTESIAN_POINT('Ctrl Pts',(11.5,-2.74037179130644,1.52224827535855));
#9021=CARTESIAN_POINT('Ctrl Pts',(11.5,-2.68522789565959,1.60825060904712));
#9022=CARTESIAN_POINT('Ctrl Pts',(11.5,-2.62551162067317,1.69120449348737));
#9023=CARTESIAN_POINT('Ctrl Pts',(11.5,-2.56161137073619,1.7709450386397));
#9024=CARTESIAN_POINT('Ctrl Pts',(11.5,-2.52325289591966,1.81881223315143));
#9025=CARTESIAN_POINT('Ctrl Pts',(11.5,-2.48338591301422,1.86552089609455));
#9026=CARTESIAN_POINT('Ctrl Pts',(11.5,-2.44208828782799,1.91102907713733));
#9027=CARTESIAN_POINT('Ctrl Pts',(11.5,-2.41332748279841,1.94272222937841));
#9028=CARTESIAN_POINT('Ctrl Pts',(11.5,-2.38387270738196,1.97383303461522));
#9029=CARTESIAN_POINT('Ctrl Pts',(11.5,-2.35374924890349,2.00434582328947));
#9030=CARTESIAN_POINT('Ctrl Pts',(11.5,-2.33300484648291,2.02535833643384));
#9031=CARTESIAN_POINT('Ctrl Pts',(11.5,-2.31193880361688,2.04609133112648));
#9032=CARTESIAN_POINT('Ctrl Pts',(11.5,-2.29058415799812,2.06651607659715));
#9033=CARTESIAN_POINT('Ctrl Pts',(11.5,-2.21567173710861,2.13816639365582));
#9034=CARTESIAN_POINT('Ctrl Pts',(11.5,-2.1371660523277,2.20607434300506));
#9035=CARTESIAN_POINT('Ctrl Pts',(11.5,-2.05544717511543,2.27004323957441));
#9036=CARTESIAN_POINT('Ctrl Pts',(11.5,-1.98994646818288,2.32131667956679));
#9037=CARTESIAN_POINT('Ctrl Pts',(11.5,-1.92238052583007,2.37005874503943));
#9038=CARTESIAN_POINT('Ctrl Pts',(11.5,-1.85293392697486,2.41614669958093));
#9039=CARTESIAN_POINT('Ctrl Pts',(11.5,-1.83860343230606,2.42565707442636));
#9040=CARTESIAN_POINT('Ctrl Pts',(11.5,-1.8241928327519,2.43505436381206));
#9041=CARTESIAN_POINT('Ctrl Pts',(11.5,-1.80970371730802,2.4443373786385));
#9042=CARTESIAN_POINT('Ctrl Pts',(11.5,-1.79467457400982,2.45396638329419));
#9043=CARTESIAN_POINT('Ctrl Pts',(11.5,-1.77956804263192,2.46346785851626));
#9044=CARTESIAN_POINT('Ctrl Pts',(11.5,-1.7643907737555,2.47283801913326));
#9045=CARTESIAN_POINT('Ctrl Pts',(11.5,-1.67723527869878,2.52664618409265));
#9046=CARTESIAN_POINT('Ctrl Pts',(11.5,-1.58770059985993,2.5761589640907));
#9047=CARTESIAN_POINT('Ctrl Pts',(11.5,-1.49615130291937,2.62119698965944));
#9048=CARTESIAN_POINT('Ctrl Pts',(11.5,-1.40504558673925,2.66601679398239));
#9049=CARTESIAN_POINT('Ctrl Pts',(11.5,-1.3119438423056,2.70640545198533));
#9050=CARTESIAN_POINT('Ctrl Pts',(11.5,-1.21718680865978,2.74213840367959));
#9051=CARTESIAN_POINT('Ctrl Pts',(11.5,-1.13725500922409,2.77228074792759));
#9052=CARTESIAN_POINT('Ctrl Pts',(11.5,-1.05614478145194,2.79910955029333));
#9053=CARTESIAN_POINT('Ctrl Pts',(11.5,-0.974057170449064,2.82246056007336));
#9054=CARTESIAN_POINT('Ctrl Pts',(11.5,-0.91249146219691,2.83997381740838));
#9055=CARTESIAN_POINT('Ctrl Pts',(11.5,-0.850375884116333,2.85553027716593));
#9056=CARTESIAN_POINT('Ctrl Pts',(11.5,-0.787796024386219,2.86904977030577));
#9057=CARTESIAN_POINT('Ctrl Pts',(11.5,-0.768357878167656,2.87324910673104));
#9058=CARTESIAN_POINT('Ctrl Pts',(11.5,-0.748874948480576,2.87725184455564));
#9059=CARTESIAN_POINT('Ctrl Pts',(11.5,-0.72934983555717,2.8810553873255));
#9060=CARTESIAN_POINT('Ctrl Pts',(11.5,-0.714443926671039,2.88395909713729));
#9061=CARTESIAN_POINT('Ctrl Pts',(11.5,-0.699521373517752,2.88674513809432));
#9062=CARTESIAN_POINT('Ctrl Pts',(11.5,-0.684588237846693,2.88941190966874));
#9063=CARTESIAN_POINT('Ctrl Pts',(11.5,-0.588394281267662,2.90659030506314));
#9064=CARTESIAN_POINT('Ctrl Pts',(11.5,-0.491697023076189,2.91883637392943));
#9065=CARTESIAN_POINT('Ctrl Pts',(11.5,-0.394806278657791,2.92594901715988));
#9066=CARTESIAN_POINT('Ctrl Pts',(11.5,-0.33614832518533,2.93025503315947));
#9067=CARTESIAN_POINT('Ctrl Pts',(11.5,-0.277419294800949,2.93267862879617));
#9068=CARTESIAN_POINT('Ctrl Pts',(11.5,-0.218687776143639,2.93316583531164));
#9069=CARTESIAN_POINT('Ctrl Pts',(11.5,-0.120442965780938,2.93398082380189));
#9070=CARTESIAN_POINT('Ctrl Pts',(11.5,-0.0221902632774436,2.92937998734013));
#9071=CARTESIAN_POINT('Ctrl Pts',(11.5,0.075723310145299,2.91955564815665));
#9072=CARTESIAN_POINT('Ctrl Pts',(11.5,0.1742960871661,2.90966516656296));
#9073=CARTESIAN_POINT('Ctrl Pts',(11.5,0.272526022253827,2.89448016798569));
#9074=CARTESIAN_POINT('Ctrl Pts',(11.5,0.370038200217179,2.87414892278831));
#9075=CARTESIAN_POINT('Ctrl Pts',(11.5,0.389917116857178,2.87000417761999));
#9076=CARTESIAN_POINT('Ctrl Pts',(11.5,0.409771308451396,2.86564410168678));
#9077=CARTESIAN_POINT('Ctrl Pts',(11.5,0.429566770129848,2.86107714657782));
#9078=CARTESIAN_POINT('Ctrl Pts',(11.5,0.524472974258972,2.83918160401054));
#9079=CARTESIAN_POINT('Ctrl Pts',(11.5,0.618147332695838,2.81251326655061));
#9080=CARTESIAN_POINT('Ctrl Pts',(11.5,0.710264611701581,2.78129464117325));
#9081=CARTESIAN_POINT('Ctrl Pts',(11.5,0.802839644103325,2.74992088277481));
#9082=CARTESIAN_POINT('Ctrl Pts',(11.5,0.893842923213482,2.71395101320751));
#9083=CARTESIAN_POINT('Ctrl Pts',(11.5,0.982924582720196,2.6735618955982));
#9084=CARTESIAN_POINT('Ctrl Pts',(11.5,1.07110348593258,2.63358208255671));
#9085=CARTESIAN_POINT('Ctrl Pts',(11.5,1.15740025777598,2.58927157997392));
#9086=CARTESIAN_POINT('Ctrl Pts',(11.5,1.24144457723657,2.54076202525505));
#9087=CARTESIAN_POINT('Ctrl Pts',(11.5,1.28791337274902,2.51394069344941));
#9088=CARTESIAN_POINT('Ctrl Pts',(11.5,1.33369296348998,2.48583502016763));
#9089=CARTESIAN_POINT('Ctrl Pts',(11.5,1.37871537629901,2.45646285819853));
#9090=CARTESIAN_POINT('Ctrl Pts',(11.5,1.39029031940509,2.44891148361679));
#9091=CARTESIAN_POINT('Ctrl Pts',(11.5,1.40181519328379,2.44127638362465));
#9092=CARTESIAN_POINT('Ctrl Pts',(11.5,1.41328879535344,2.43355783208256));
#9093=CARTESIAN_POINT('Ctrl Pts',(11.5,1.42527357037227,2.42549540293941));
#9094=CARTESIAN_POINT('Ctrl Pts',(11.5,1.43719489093316,2.41734695848377));
#9095=CARTESIAN_POINT('Ctrl Pts',(11.5,1.44904941660578,2.40911468703902));
#9096=CARTESIAN_POINT('Ctrl Pts',(11.5,1.52761467188249,2.35455573416101));
#9097=CARTESIAN_POINT('Ctrl Pts',(11.5,1.60328127839427,2.29629620946793));
#9098=CARTESIAN_POINT('Ctrl Pts',(11.5,1.67572445087655,2.23450230194849));
#9099=CARTESIAN_POINT('Ctrl Pts',(11.5,1.74719189401076,2.17354068996543));
#9100=CARTESIAN_POINT('Ctrl Pts',(11.5,1.81552278438674,2.10913870839384));
#9101=CARTESIAN_POINT('Ctrl Pts',(11.5,1.8803692919521,2.04142130079242));
#9102=CARTESIAN_POINT('Ctrl Pts',(11.5,1.94316303793631,1.97584753512205));
#9103=CARTESIAN_POINT('Ctrl Pts',(11.5,2.00268990969272,1.90716439133937));
#9104=CARTESIAN_POINT('Ctrl Pts',(11.5,2.0585928103237,1.8354606691417));
#9105=CARTESIAN_POINT('Ctrl Pts',(11.5,2.09931564454396,1.7832276229299));
#9106=CARTESIAN_POINT('Ctrl Pts',(11.5,2.13811461246799,1.72939118776719));
#9107=CARTESIAN_POINT('Ctrl Pts',(11.5,2.17483533996987,1.67397933825903));
#9108=CARTESIAN_POINT('Origin',(11.5,0.,0.));
#9109=CARTESIAN_POINT('Origin',(6.31105904597576,0.,0.));
#9110=CARTESIAN_POINT('Ctrl Pts',(11.5,2.17483533996988,1.67397933825901));
#9111=CARTESIAN_POINT('Ctrl Pts',(11.5342419042141,1.66438129007497,2.33716166182151));
#9112=CARTESIAN_POINT('Ctrl Pts',(11.5684838084283,0.831038120704126,2.7436648326118));
#9113=CARTESIAN_POINT('Ctrl Pts',(11.6027257126424,-0.000863556503657801,
2.74801451426414));
#9114=CARTESIAN_POINT('Ctrl Pts',(11.2778298429131,2.47977523261723,1.90869277624718));
#9115=CARTESIAN_POINT('Ctrl Pts',(11.3148665700387,1.85024399599598,2.72658027923321));
#9116=CARTESIAN_POINT('Ctrl Pts',(11.3889400242897,-0.270245974232659,3.67756763903138));
#9117=CARTESIAN_POINT('Ctrl Pts',(11.5000502056662,-3.22757307061125,1.79033224190003));
#9118=CARTESIAN_POINT('Ctrl Pts',(11.6111603870428,-3.26575488397419,-1.71271283655926));
#9119=CARTESIAN_POINT('Ctrl Pts',(11.7222705684193,-0.363429547608884,-3.67060092876346));
#9120=CARTESIAN_POINT('Ctrl Pts',(11.8333807497959,2.8688383492611,-2.31897248518898));
#9121=CARTESIAN_POINT('Ctrl Pts',(11.9444909311724,3.51302657225926,1.12395317212115));
#9122=CARTESIAN_POINT('Ctrl Pts',(12.055601112549,0.989996341673528,3.55326792003516));
#9123=CARTESIAN_POINT('Ctrl Pts',(12.1667112939255,-2.42605596370075,2.77853503335085));
#9124=CARTESIAN_POINT('Ctrl Pts',(12.2778214753021,-3.654291587417,-0.501724772394995));
#9125=CARTESIAN_POINT('Ctrl Pts',(12.3889316566787,-1.58741198107463,-3.32954788411553));
#9126=CARTESIAN_POINT('Ctrl Pts',(12.5000418380552,1.91093360407408,-3.15501271894274));
#9127=CARTESIAN_POINT('Ctrl Pts',(12.6111520194318,3.68610354121388,-0.135492110814209));
#9128=CARTESIAN_POINT('Ctrl Pts',(12.7222622008083,2.13740093514368,3.00620429100217));
#9129=CARTESIAN_POINT('Ctrl Pts',(12.8333723821849,-1.33867427332583,3.43710578024575));
#9130=CARTESIAN_POINT('Ctrl Pts',(12.9444825635614,-3.60761857178845,0.768652339580466));
#9131=CARTESIAN_POINT('Ctrl Pts',(13.055592744938,-2.62345294326026,-2.59292059988597));
#9132=CARTESIAN_POINT('Ctrl Pts',(13.1667029263145,0.726369656137273,-3.61636959095586));
#9133=CARTESIAN_POINT('Ctrl Pts',(13.2778131076911,3.42119976894177,-1.37881588522328));
#9134=CARTESIAN_POINT('Ctrl Pts',(13.3889232890676,3.03101870495732,2.1020626416342));
#9135=CARTESIAN_POINT('Ctrl Pts',(13.5000334704442,-0.0923344289771245,
3.68744029695472));
#9136=CARTESIAN_POINT('Ctrl Pts',(13.6111436518207,-3.13242642930716,1.94772846402957));
#9137=CARTESIAN_POINT('Ctrl Pts',(13.7222538331973,-3.3479037358026,-1.54831591387988));
#9138=CARTESIAN_POINT('Ctrl Pts',(13.8333640145738,-0.544463135207435,-3.64819153283852));
#9139=CARTESIAN_POINT('Ctrl Pts',(13.9444741959504,2.74993825805937,-2.45836960901635));
#9140=CARTESIAN_POINT('Ctrl Pts',(14.0555843773269,3.56462743526839,0.948247234404664));
#9141=CARTESIAN_POINT('Ctrl Pts',(14.1666945587035,1.16497163845258,3.49979751508197));
#9142=CARTESIAN_POINT('Ctrl Pts',(14.27780474008,-2.28517843633987,2.89546215283107));
#9143=CARTESIAN_POINT('Ctrl Pts',(14.3889149214566,-3.67470592235222,-0.319809241492028));
#9144=CARTESIAN_POINT('Ctrl Pts',(14.5000251028331,-1.75062694574811,-3.24669783953025));
#9145=CARTESIAN_POINT('Ctrl Pts',(14.6111352842097,1.75205148340269,-3.24592932216328));
#9146=CARTESIAN_POINT('Ctrl Pts',(14.7222454655862,3.67484590673845,-0.318196686896633));
#9147=CARTESIAN_POINT('Ctrl Pts',(14.8333556469628,2.28390763723648,2.89646464888606));
#9148=CARTESIAN_POINT('Ctrl Pts',(14.9444658283393,-1.16650729517487,3.49928596947697));
#9149=CARTESIAN_POINT('Ctrl Pts',(15.0555760097159,-3.56504320279981,0.946682922390331));
#9150=CARTESIAN_POINT('Ctrl Pts',(15.1666861910924,-2.7488592116846,-2.45957608927834));
#9151=CARTESIAN_POINT('Ctrl Pts',(15.277796372469,0.54606395761329,-3.64795226731049));
#9152=CARTESIAN_POINT('Ctrl Pts',(15.3889065538455,3.34858286747157,-1.54684663713993));
#9153=CARTESIAN_POINT('Ctrl Pts',(15.5000167352221,3.13157137993795,1.94910281840258));
#9154=CARTESIAN_POINT('Ctrl Pts',(15.6111269165986,0.0907164075403577,3.68748049881626));
#9155=CARTESIAN_POINT('Ctrl Pts',(15.7222370979752,-3.03194102527292,2.10073230138466));
#9156=CARTESIAN_POINT('Ctrl Pts',(15.8333472793517,-3.42059402255705,-1.38031688807408));
#9157=CARTESIAN_POINT('Ctrl Pts',(15.9444574607283,-0.724783373936532,-3.61668826629118));
#9158=CARTESIAN_POINT('Ctrl Pts',(16.0555676421049,2.62459188320486,-2.59176859372284));
#9159=CARTESIAN_POINT('Ctrl Pts',(16.1666778234814,3.60727827337629,0.770234306604058));
#9160=CARTESIAN_POINT('Ctrl Pts',(16.2777880048579,1.33717100473776,3.43769489628713));
#9161=CARTESIAN_POINT('Ctrl Pts',(16.3888981862345,-2.13872978625359,3.00526218684314));
#9162=CARTESIAN_POINT('Ctrl Pts',(16.500008367611,-3.68602465556183,-0.137102121397919));
#9163=CARTESIAN_POINT('Ctrl Pts',(16.6111185489876,-1.90958576032529,-3.15586544303283));
#9164=CARTESIAN_POINT('Ctrl Pts',(16.7222287303641,1.58894394069862,-3.32882303846197));
#9165=CARTESIAN_POINT('Ctrl Pts',(16.8333389117407,3.65437427117695,-0.500175086025652));
#9166=CARTESIAN_POINT('Ctrl Pts',(16.9444490931173,2.42510115896437,2.77970344282341));
#9167=CARTESIAN_POINT('Ctrl Pts',(17.0555592744938,-0.992066714855816,3.55263224209735));
#9168=CARTESIAN_POINT('Ctrl Pts',(17.1666694558704,-3.51252920572509,1.12279953760428));
#9169=CARTESIAN_POINT('Ctrl Pts',(17.2777796372469,-2.86976577342798,-2.32098295301431));
#9170=CARTESIAN_POINT('Ctrl Pts',(17.3888898186235,0.369121713760782,-3.66896249458483));
#9171=CARTESIAN_POINT('Ctrl Pts',(17.4629632728745,2.29344679569698,-2.36595533751798));
#9172=CARTESIAN_POINT('Ctrl Pts',(17.5,2.77222218085677,-1.45161203438306));
#9173=CARTESIAN_POINT('Ctrl Pts',(11.3518865619421,2.37812860173478,1.83045496358446));
#9174=CARTESIAN_POINT('Ctrl Pts',(11.3889232890676,1.77440201401724,2.61481704538477));
#9175=CARTESIAN_POINT('Ctrl Pts',(11.4629967433186,-0.259168521555114,3.52682318629511));
#9176=CARTESIAN_POINT('Ctrl Pts',(11.5741069246952,-3.09527401211623,1.71694605828317));
#9177=CARTESIAN_POINT('Ctrl Pts',(11.6852171060718,-3.13189074303206,-1.64250829252823));
#9178=CARTESIAN_POINT('Ctrl Pts',(11.7963272874483,-0.348532476055099,-3.52014204329061));
#9179=CARTESIAN_POINT('Ctrl Pts',(11.9074374688249,2.75124392017207,-2.22391720069056));
#9180=CARTESIAN_POINT('Ctrl Pts',(12.0185476502014,3.36902670058792,1.07788203966003));
#9181=CARTESIAN_POINT('Ctrl Pts',(12.129657831578,0.949416134486413,3.40761854506619));
#9182=CARTESIAN_POINT('Ctrl Pts',(12.2407680129545,-2.32661129960426,2.66464216063638));
#9183=CARTESIAN_POINT('Ctrl Pts',(12.3518781943311,-3.50450122608213,-0.481158943656415));
#9184=CARTESIAN_POINT('Ctrl Pts',(12.4629883757076,-1.52234355165558,-3.19306885152801));
#9185=CARTESIAN_POINT('Ctrl Pts',(12.5740985570842,1.83260393929671,-3.02568792810945));
#9186=CARTESIAN_POINT('Ctrl Pts',(12.6852087384607,3.53500919963003,-0.129938253999167));
#9187=CARTESIAN_POINT('Ctrl Pts',(12.7963189198372,2.04978831564306,2.88297919628171));
#9188=CARTESIAN_POINT('Ctrl Pts',(12.9074291012138,-1.28380166715461,3.29621792155873));
#9189=CARTESIAN_POINT('Ctrl Pts',(13.0185392825903,-3.45974134948706,0.737145080531093));
#9190=CARTESIAN_POINT('Ctrl Pts',(13.1296494639669,-2.51591692569967,-2.48663611101078));
#9191=CARTESIAN_POINT('Ctrl Pts',(13.2407596453435,0.696595575264778,-3.4681336621058));
#9192=CARTESIAN_POINT('Ctrl Pts',(13.35186982672,3.28096390178954,-1.32229786395397));
#9193=CARTESIAN_POINT('Ctrl Pts',(13.4629800080966,2.90677646096353,2.01589854796332));
#9194=CARTESIAN_POINT('Ctrl Pts',(13.5740901894731,-0.0885496167503964,
3.53629116140585));
#9195=CARTESIAN_POINT('Ctrl Pts',(13.6852003708497,-3.00402745635261,1.86789056838549));
#9196=CARTESIAN_POINT('Ctrl Pts',(13.7963105522262,-3.21067229208666,-1.48485004240997));
#9197=CARTESIAN_POINT('Ctrl Pts',(13.9074207336028,-0.522145449876275,-3.49865121432526));
#9198=CARTESIAN_POINT('Ctrl Pts',(14.0185309149793,2.63721757459185,-2.35760040020519));
#9199=CARTESIAN_POINT('Ctrl Pts',(14.1296410963559,3.41851243081948,0.909378333968443));
#9200=CARTESIAN_POINT('Ctrl Pts',(14.2407512777324,1.11721914840237,3.35633990590045));
#9201=CARTESIAN_POINT('Ctrl Pts',(14.351861459109,-2.19150837868147,2.77677640711842));
#9202=CARTESIAN_POINT('Ctrl Pts',(14.4629716404855,-3.52407877212594,-0.306700177615944));
#9203=CARTESIAN_POINT('Ctrl Pts',(14.5740818218621,-1.67886829253359,-3.11361485178978));
#9204=CARTESIAN_POINT('Ctrl Pts',(14.6851920032386,1.68023443801972,-3.11287783614927));
#9205=CARTESIAN_POINT('Ctrl Pts',(14.7963021846152,3.52421301851581,-0.305153722052242));
#9206=CARTESIAN_POINT('Ctrl Pts',(14.9074123659917,2.19028966996338,2.77773781059975));
#9207=CARTESIAN_POINT('Ctrl Pts',(15.0185225473683,-1.11869185815675,3.35584932868266));
#9208=CARTESIAN_POINT('Ctrl Pts',(15.1296327287448,-3.41891115593181,0.907878143509873));
#9209=CARTESIAN_POINT('Ctrl Pts',(15.2407429101214,-2.63618275860823,-2.35875742652789));
#9210=CARTESIAN_POINT('Ctrl Pts',(15.3518530914979,0.523680654155938,-3.49842175635336));
#9211=CARTESIAN_POINT('Ctrl Pts',(15.4629632728745,3.21132358597213,-1.48344099170521));
#9212=CARTESIAN_POINT('Ctrl Pts',(15.574073454251,3.00320745567913,1.8692085876158));
#9213=CARTESIAN_POINT('Ctrl Pts',(15.6851836356276,0.0869979184325631,3.53632971538264));
#9214=CARTESIAN_POINT('Ctrl Pts',(15.7962938170041,-2.90766097512984,2.01462273870614));
#9215=CARTESIAN_POINT('Ctrl Pts',(15.9074039983807,-3.28038298510645,-1.32373734030807));
#9216=CARTESIAN_POINT('Ctrl Pts',(16.0185141797572,-0.69507431518344,-3.46843927485636));
#9217=CARTESIAN_POINT('Ctrl Pts',(16.1296243611338,2.51700918020012,-2.48553132587948));
#9218=CARTESIAN_POINT('Ctrl Pts',(16.2407345425103,3.4594149999952,0.73866220231551));
#9219=CARTESIAN_POINT('Ctrl Pts',(16.3518447238869,1.28236001793641,3.29678288958056));
#9220=CARTESIAN_POINT('Ctrl Pts',(16.4629549052634,-2.05106269680084,2.88207570921685));
#9221=CARTESIAN_POINT('Ctrl Pts',(16.57406508664,-3.53493354752135,-0.131482269830888));
#9222=CARTESIAN_POINT('Ctrl Pts',(16.6851752680166,-1.83131134401325,-3.02650569881761));
#9223=CARTESIAN_POINT('Ctrl Pts',(16.7962854493931,1.52381271585668,-3.19237371748604));
#9224=CARTESIAN_POINT('Ctrl Pts',(16.9073956307696,3.50458052061328,-0.479672779333843));
#9225=CARTESIAN_POINT('Ctrl Pts',(17.0185058121462,2.32569563256201,2.6657626767012));
#9226=CARTESIAN_POINT('Ctrl Pts',(17.1296159935227,-0.951401642534223,3.40700892373215));
#9227=CARTESIAN_POINT('Ctrl Pts',(17.2407261748993,-3.36854972123717,1.07677569292163));
#9228=CARTESIAN_POINT('Ctrl Pts',(17.3518363562759,-2.75213332898145,-2.22584525891755));
#9229=CARTESIAN_POINT('Ctrl Pts',(17.4629465376524,0.353991318837967,-3.51857076895452));
#9230=CARTESIAN_POINT('Ctrl Pts',(17.5370199919034,2.1994378158409,-2.26897421369926));
#9231=CARTESIAN_POINT('Ctrl Pts',(17.574056719029,2.65858807360575,-1.3921100800516));
#9232=CARTESIAN_POINT('Ctrl Pts',(11.425943280971,2.27648197085233,1.75221715092173));
#9233=CARTESIAN_POINT('Ctrl Pts',(11.4629800080966,1.6985600320385,2.50305381153634));
#9234=CARTESIAN_POINT('Ctrl Pts',(11.5370534623476,-0.248091068877569,3.37607873355883));
#9235=CARTESIAN_POINT('Ctrl Pts',(11.6481636437241,-2.96297495362121,1.64355987466632));
#9236=CARTESIAN_POINT('Ctrl Pts',(11.7592738251007,-2.99802660208993,-1.5723037484972));
#9237=CARTESIAN_POINT('Ctrl Pts',(11.8703840064772,-0.333635404501314,-3.36968315781775));
#9238=CARTESIAN_POINT('Ctrl Pts',(11.9814941878538,2.63364949108305,-2.12886191619214));
#9239=CARTESIAN_POINT('Ctrl Pts',(12.0926043692303,3.22502682891657,1.03181090719891));
#9240=CARTESIAN_POINT('Ctrl Pts',(12.2037145506069,0.908835927299295,3.26196917009722));
#9241=CARTESIAN_POINT('Ctrl Pts',(12.3148247319834,-2.22716663550777,2.55074928792191));
#9242=CARTESIAN_POINT('Ctrl Pts',(12.42593491336,-3.35471086474726,-0.460593114917831));
#9243=CARTESIAN_POINT('Ctrl Pts',(12.5370450947365,-1.45727512223651,-3.05658981894048));
#9244=CARTESIAN_POINT('Ctrl Pts',(12.6481552761131,1.75427427451933,-2.89636313727615));
#9245=CARTESIAN_POINT('Ctrl Pts',(12.7592654574897,3.38391485804619,-0.124384397184127));
#9246=CARTESIAN_POINT('Ctrl Pts',(12.8703756388662,1.96217569614243,2.75975410156126));
#9247=CARTESIAN_POINT('Ctrl Pts',(12.9814858202428,-1.22892906098339,3.1553300628717));
#9248=CARTESIAN_POINT('Ctrl Pts',(13.0925960016193,-3.31186412718567,0.705637821481722));
#9249=CARTESIAN_POINT('Ctrl Pts',(13.2037061829959,-2.40838090813907,-2.38035162213559));
#9250=CARTESIAN_POINT('Ctrl Pts',(13.3148163643724,0.666821494392275,-3.31989773325574));
#9251=CARTESIAN_POINT('Ctrl Pts',(13.425926545749,3.1407280346373,-1.26577984268467));
#9252=CARTESIAN_POINT('Ctrl Pts',(13.5370367271255,2.78253421696974,1.92973445429245));
#9253=CARTESIAN_POINT('Ctrl Pts',(13.6481469085021,-0.0847648045236671,
3.38514202585697));
#9254=CARTESIAN_POINT('Ctrl Pts',(13.7592570898786,-2.87562848339806,1.78805267274141));
#9255=CARTESIAN_POINT('Ctrl Pts',(13.8703672712552,-3.07344084837073,-1.42138417094007));
#9256=CARTESIAN_POINT('Ctrl Pts',(13.9814774526317,-0.499827764545112,-3.34911089581199));
#9257=CARTESIAN_POINT('Ctrl Pts',(14.0925876340083,2.52449689112433,-2.25683119139405));
#9258=CARTESIAN_POINT('Ctrl Pts',(14.2036978153848,3.27239742637057,0.870509433532225));
#9259=CARTESIAN_POINT('Ctrl Pts',(14.3148079967614,1.06946665835215,3.21288229671893));
#9260=CARTESIAN_POINT('Ctrl Pts',(14.4259181781379,-2.09783832102307,2.65809066140578));
#9261=CARTESIAN_POINT('Ctrl Pts',(14.5370283595145,-3.37345162189964,-0.293591113739865));
#9262=CARTESIAN_POINT('Ctrl Pts',(14.648138540891,-1.60710963931907,-2.98053186404929));
#9263=CARTESIAN_POINT('Ctrl Pts',(14.7592487222676,1.60841739263674,-2.97982635013527));
#9264=CARTESIAN_POINT('Ctrl Pts',(14.8703589036441,3.37358013029317,-0.292110757207844));
#9265=CARTESIAN_POINT('Ctrl Pts',(14.9814690850207,2.09667170269029,2.65901097231344));
#9266=CARTESIAN_POINT('Ctrl Pts',(15.0925792663972,-1.07087642113864,3.21241268788835));
#9267=CARTESIAN_POINT('Ctrl Pts',(15.2036894477738,-3.2727791090638,0.869073364629413));
#9268=CARTESIAN_POINT('Ctrl Pts',(15.3147996291503,-2.52350630553187,-2.25793876377745));
#9269=CARTESIAN_POINT('Ctrl Pts',(15.4259098105269,0.501297350698588,-3.34889124539624));
#9270=CARTESIAN_POINT('Ctrl Pts',(15.5370199919034,3.07406430447269,-1.42003534627048));
#9271=CARTESIAN_POINT('Ctrl Pts',(15.64813017328,2.8748435314203,1.78931435682901));
#9272=CARTESIAN_POINT('Ctrl Pts',(15.7592403546565,0.0832794293247676,3.38517893194902));
#9273=CARTESIAN_POINT('Ctrl Pts',(15.8703505360331,-2.78338092498676,1.92851317602762));
#9274=CARTESIAN_POINT('Ctrl Pts',(15.9814607174097,-3.14017194765585,-1.26715779254206));
#9275=CARTESIAN_POINT('Ctrl Pts',(16.0925708987862,-0.665365256430347,-3.32019028342154));
#9276=CARTESIAN_POINT('Ctrl Pts',(16.2036810801628,2.40942647719539,-2.37929405803613));
#9277=CARTESIAN_POINT('Ctrl Pts',(16.3147912615393,3.31155172661411,0.707090098026963));
#9278=CARTESIAN_POINT('Ctrl Pts',(16.4259014429159,1.22754903113505,3.15587088287399));
#9279=CARTESIAN_POINT('Ctrl Pts',(16.5370116242924,-1.96339560734808,2.75888923159056));
#9280=CARTESIAN_POINT('Ctrl Pts',(16.648121805669,-3.38384243948087,-0.125862418263857));
#9281=CARTESIAN_POINT('Ctrl Pts',(16.7592319870455,-1.75303692770121,-2.89714595460239));
#9282=CARTESIAN_POINT('Ctrl Pts',(16.8703421684221,1.45868149101474,-3.05592439651012));
#9283=CARTESIAN_POINT('Ctrl Pts',(16.9814523497986,3.35478677004962,-0.459170472642035));
#9284=CARTESIAN_POINT('Ctrl Pts',(17.0925625311752,2.22629010615965,2.55182191057898));
#9285=CARTESIAN_POINT('Ctrl Pts',(17.2036727125517,-0.910736570212627,3.26138560536695));
#9286=CARTESIAN_POINT('Ctrl Pts',(17.3147828939282,-3.22457023674926,1.03075184823897));
#9287=CARTESIAN_POINT('Ctrl Pts',(17.4258930753048,-2.63450088453493,-2.13070756482078));
#9288=CARTESIAN_POINT('Ctrl Pts',(17.5370032566814,0.338860923915155,-3.36817904332422));
#9289=CARTESIAN_POINT('Ctrl Pts',(17.6110767109324,2.10542883598483,-2.17199308988054));
#9290=CARTESIAN_POINT('Ctrl Pts',(17.6481134380579,2.54495396635472,-1.33260812572015));
#9291=CARTESIAN_POINT('Ctrl Pts',(11.5,2.17483533996988,1.67397933825901));
#9292=CARTESIAN_POINT('Ctrl Pts',(11.5370367271255,1.62271805005976,2.39129057768791));
#9293=CARTESIAN_POINT('Ctrl Pts',(11.6111101813765,-0.237013616200025,3.22533428082256));
#9294=CARTESIAN_POINT('Ctrl Pts',(11.7222203627531,-2.83067589512619,1.57017369104947));
#9295=CARTESIAN_POINT('Ctrl Pts',(11.8333305441297,-2.8641624611478,-1.50209920446617));
#9296=CARTESIAN_POINT('Ctrl Pts',(11.9444407255062,-0.31873833294753,-3.2192242723449));
#9297=CARTESIAN_POINT('Ctrl Pts',(12.0555509068828,2.51605506199403,-2.03380663169372));
#9298=CARTESIAN_POINT('Ctrl Pts',(12.1666610882593,3.08102695724522,0.985739774737783));
#9299=CARTESIAN_POINT('Ctrl Pts',(12.2777712696359,0.868255720112183,3.11631979512825));
#9300=CARTESIAN_POINT('Ctrl Pts',(12.3888814510124,-2.12772197141128,2.43685641520744));
#9301=CARTESIAN_POINT('Ctrl Pts',(12.499991632389,-3.20492050341239,-0.440027286179248));
#9302=CARTESIAN_POINT('Ctrl Pts',(12.6111018137655,-1.39220669281745,-2.92011078635296));
#9303=CARTESIAN_POINT('Ctrl Pts',(12.7222119951421,1.67594460974195,-2.76703834644286));
#9304=CARTESIAN_POINT('Ctrl Pts',(12.8333221765186,3.23282051646234,-0.118830540369083));
#9305=CARTESIAN_POINT('Ctrl Pts',(12.9444323578952,1.87456307664181,2.6365290068408));
#9306=CARTESIAN_POINT('Ctrl Pts',(13.0555425392717,-1.17405645481217,3.01444220418468));
#9307=CARTESIAN_POINT('Ctrl Pts',(13.1666527206483,-3.16398690488428,0.674130562432347));
#9308=CARTESIAN_POINT('Ctrl Pts',(13.2777629020248,-2.30084489057847,-2.2740671332604));
#9309=CARTESIAN_POINT('Ctrl Pts',(13.3888730834014,0.637047413519777,-3.17166180440568));
#9310=CARTESIAN_POINT('Ctrl Pts',(13.4999832647779,3.00049216748507,-1.20926182141535));
#9311=CARTESIAN_POINT('Ctrl Pts',(13.6110934461545,2.65829197297594,1.84357036062158));
#9312=CARTESIAN_POINT('Ctrl Pts',(13.722203627531,-0.0809799922969374,3.23399289030809));
#9313=CARTESIAN_POINT('Ctrl Pts',(13.8333138089076,-2.74722951044351,1.70821477709733));
#9314=CARTESIAN_POINT('Ctrl Pts',(13.9444239902841,-2.93620940465478,-1.35791829947017));
#9315=CARTESIAN_POINT('Ctrl Pts',(14.0555341716607,-0.477510079213953,-3.19957057729872));
#9316=CARTESIAN_POINT('Ctrl Pts',(14.1666443530372,2.4117762076568,-2.1560619825829));
#9317=CARTESIAN_POINT('Ctrl Pts',(14.2777545344138,3.12628242192166,0.831640533096007));
#9318=CARTESIAN_POINT('Ctrl Pts',(14.3888647157903,1.02171416830193,3.06942468753741));
#9319=CARTESIAN_POINT('Ctrl Pts',(14.4999748971669,-2.00416826336466,2.53940491569314));
#9320=CARTESIAN_POINT('Ctrl Pts',(14.6110850785434,-3.22282447167335,-0.280482049863781));
#9321=CARTESIAN_POINT('Ctrl Pts',(14.72219525992,-1.53535098610454,-2.84744887630882));
#9322=CARTESIAN_POINT('Ctrl Pts',(14.8333054412965,1.53660034725377,-2.84677486412127));
#9323=CARTESIAN_POINT('Ctrl Pts',(14.9444156226731,3.22294724207053,-0.279067792363451));
#9324=CARTESIAN_POINT('Ctrl Pts',(15.0555258040496,2.00305373541719,2.54028413402713));
#9325=CARTESIAN_POINT('Ctrl Pts',(15.1666359854262,-1.02306098412052,3.06897604709404));
#9326=CARTESIAN_POINT('Ctrl Pts',(15.2777461668027,-3.12664706219579,0.830268585748956));
#9327=CARTESIAN_POINT('Ctrl Pts',(15.3888563481793,-2.4108298524555,-2.15712010102701));
#9328=CARTESIAN_POINT('Ctrl Pts',(15.4999665295558,0.478914047241236,-3.1993607344391));
#9329=CARTESIAN_POINT('Ctrl Pts',(15.6110767109324,2.93680502297325,-1.35662970083576));
#9330=CARTESIAN_POINT('Ctrl Pts',(15.7221868923089,2.74647960716147,1.70942012604223));
#9331=CARTESIAN_POINT('Ctrl Pts',(15.8332970736855,0.0795609402169746,3.2340281485154));
#9332=CARTESIAN_POINT('Ctrl Pts',(15.944407255062,-2.65910087484368,1.8424036133491));
#9333=CARTESIAN_POINT('Ctrl Pts',(16.0555174364386,-2.99996091020525,-1.21057824477605));
#9334=CARTESIAN_POINT('Ctrl Pts',(16.1666276178151,-0.635656197677258,-3.17194129198671));
#9335=CARTESIAN_POINT('Ctrl Pts',(16.2777377991917,2.30184377419065,-2.27305679019278));
#9336=CARTESIAN_POINT('Ctrl Pts',(16.3888479805682,3.16368845323301,0.675517993738418));
#9337=CARTESIAN_POINT('Ctrl Pts',(16.4999581619448,1.1727380443337,3.01495887616741));
#9338=CARTESIAN_POINT('Ctrl Pts',(16.6110683433213,-1.87572851789532,2.63570275396428));
#9339=CARTESIAN_POINT('Ctrl Pts',(16.7221785246979,-3.23275133144039,-0.12024256669683));
#9340=CARTESIAN_POINT('Ctrl Pts',(16.8332887060745,-1.67476251138916,-2.76778621038717));
#9341=CARTESIAN_POINT('Ctrl Pts',(16.944398887451,1.3935502661728,-2.9194750755342));
#9342=CARTESIAN_POINT('Ctrl Pts',(17.0555090688276,3.20499301948596,-0.438668165950223));
#9343=CARTESIAN_POINT('Ctrl Pts',(17.1666192502041,2.12688457975728,2.43788114445676));
#9344=CARTESIAN_POINT('Ctrl Pts',(17.2777294315806,-0.870071497891033,3.11576228700176));
#9345=CARTESIAN_POINT('Ctrl Pts',(17.3888396129572,-3.08059075226134,0.98472800355632));
#9346=CARTESIAN_POINT('Ctrl Pts',(17.4999497943337,-2.5168684400884,-2.03556987072402));
#9347=CARTESIAN_POINT('Ctrl Pts',(17.6110599757103,0.323730528992343,-3.21778731769391));
#9348=CARTESIAN_POINT('Ctrl Pts',(17.6851334299613,2.01141985612875,-2.07501196606181));
#9349=CARTESIAN_POINT('Ctrl Pts',(17.7221701570869,2.4313198591037,-1.27310617138869));
#9350=CARTESIAN_POINT('',(17.5,2.77222218085673,-1.45161203438314));
#9351=CARTESIAN_POINT('Ctrl Pts',(17.5,-2.13661963545526,-1.73017240849159));
#9352=CARTESIAN_POINT('Ctrl Pts',(17.5,-2.08515054889917,-1.80378775813994));
#9353=CARTESIAN_POINT('Ctrl Pts',(17.5,-2.02984010580452,-1.87443947064043));
#9354=CARTESIAN_POINT('Ctrl Pts',(17.5,-1.97108584319888,-1.9420618385549));
#9355=CARTESIAN_POINT('Ctrl Pts',(17.5,-1.9106470953582,-2.01162294036303));
#9356=CARTESIAN_POINT('Ctrl Pts',(17.5,-1.8465638051779,-2.07797898480205));
#9357=CARTESIAN_POINT('Ctrl Pts',(17.5,-1.77921825338425,-2.14103641199472));
#9358=CARTESIAN_POINT('Ctrl Pts',(17.5,-1.71044760719105,-2.2054281928893));
#9359=CARTESIAN_POINT('Ctrl Pts',(17.5,-1.63827459091031,-2.26638081722986));
#9360=CARTESIAN_POINT('Ctrl Pts',(17.5,-1.56306224206084,-2.32376418089454));
#9361=CARTESIAN_POINT('Ctrl Pts',(17.5,-1.52829000399669,-2.35029370713316));
#9362=CARTESIAN_POINT('Ctrl Pts',(17.5,-1.49286758330746,-2.37605986521152));
#9363=CARTESIAN_POINT('Ctrl Pts',(17.5,-1.4568283253873,-2.40104716087817));
#9364=CARTESIAN_POINT('Ctrl Pts',(17.5,-1.43775404887069,-2.41427203326605));
#9365=CARTESIAN_POINT('Ctrl Pts',(17.5,-1.41850695978676,-2.4272787007441));
#9366=CARTESIAN_POINT('Ctrl Pts',(17.5,-1.39909185381976,-2.4400646565834));
#9367=CARTESIAN_POINT('Ctrl Pts',(17.5,-1.38670843874898,-2.44821984247339));
#9368=CARTESIAN_POINT('Ctrl Pts',(17.5,-1.37425666922628,-2.45628523568417));
#9369=CARTESIAN_POINT('Ctrl Pts',(17.5,-1.36173777036574,-2.46426015337331));
#9370=CARTESIAN_POINT('Ctrl Pts',(17.5,-1.34826800980245,-2.47284079876244));
#9371=CARTESIAN_POINT('Ctrl Pts',(17.5,-1.33472720834105,-2.48131240183676));
#9372=CARTESIAN_POINT('Ctrl Pts',(17.5,-1.32112386891463,-2.48967038497829));
#9373=CARTESIAN_POINT('Ctrl Pts',(17.5,-1.23851779725309,-2.54042411041972));
#9374=CARTESIAN_POINT('Ctrl Pts',(17.5,-1.15353345594526,-2.58703900470907));
#9375=CARTESIAN_POINT('Ctrl Pts',(17.5,-1.06657867676747,-2.62941049519298));
#9376=CARTESIAN_POINT('Ctrl Pts',(17.5,-0.978384333528758,-2.6723860028144));
#9377=CARTESIAN_POINT('Ctrl Pts',(17.5,-0.888162218931244,-2.7109968201012));
#9378=CARTESIAN_POINT('Ctrl Pts',(17.5,-0.796299651003914,-2.74509635369707));
#9379=CARTESIAN_POINT('Ctrl Pts',(17.5,-0.70936535410226,-2.77736650512781));
#9380=CARTESIAN_POINT('Ctrl Pts',(17.5,-0.620960982038847,-2.80559649585105));
#9381=CARTESIAN_POINT('Ctrl Pts',(17.5,-0.53139352778791,-2.8296250233957));
#9382=CARTESIAN_POINT('Ctrl Pts',(17.5,-0.491897767312019,-2.84022066861559));
#9383=CARTESIAN_POINT('Ctrl Pts',(17.5,-0.452175640803025,-2.8499988474688));
#9384=CARTESIAN_POINT('Ctrl Pts',(17.5,-0.412252713049926,-2.8589431991324));
#9385=CARTESIAN_POINT('Ctrl Pts',(17.5,-0.390668749862858,-2.86377888047904));
#9386=CARTESIAN_POINT('Ctrl Pts',(17.5,-0.369026088074322,-2.86837081249009));
#9387=CARTESIAN_POINT('Ctrl Pts',(17.5,-0.347328736467003,-2.87271620605347));
#9388=CARTESIAN_POINT('Ctrl Pts',(17.5,-0.332528635350474,-2.87568026661225));
#9389=CARTESIAN_POINT('Ctrl Pts',(17.5,-0.317701312775904,-2.87852987940172));
#9390=CARTESIAN_POINT('Ctrl Pts',(17.5,-0.302864813704609,-2.88126121635579));
#9391=CARTESIAN_POINT('Ctrl Pts',(17.5,-0.204420669796362,-2.89938436837945));
#9392=CARTESIAN_POINT('Ctrl Pts',(17.5,-0.105420125046787,-2.91233626142474));
#9393=CARTESIAN_POINT('Ctrl Pts',(17.5,-0.00626315031430333,-2.91997456198461));
#9394=CARTESIAN_POINT('Ctrl Pts',(17.5,0.0928938244181797,-2.92761286254448));
#9395=CARTESIAN_POINT('Ctrl Pts',(17.5,0.19220814057884,-2.92993806112431));
#9396=CARTESIAN_POINT('Ctrl Pts',(17.5,0.291299738502685,-2.92675901324666));
#9397=CARTESIAN_POINT('Ctrl Pts',(17.5,0.387924521981319,-2.9236591054918));
#9398=CARTESIAN_POINT('Ctrl Pts',(17.5,0.48433840078149,-2.91532580897902));
#9399=CARTESIAN_POINT('Ctrl Pts',(17.5,0.580257711266641,-2.90199113688639));
#9400=CARTESIAN_POINT('Ctrl Pts',(17.5,0.635858553481423,-2.89426152545301));
#9401=CARTESIAN_POINT('Ctrl Pts',(17.5,0.691293255230208,-2.88485040631276));
#9402=CARTESIAN_POINT('Ctrl Pts',(17.5,0.746505904461344,-2.87379512970302));
#9403=CARTESIAN_POINT('Ctrl Pts',(17.5,0.762465313437507,-2.8705995634113));
#9404=CARTESIAN_POINT('Ctrl Pts',(17.5,0.778406162914978,-2.86726658946689));
#9405=CARTESIAN_POINT('Ctrl Pts',(17.5,0.794327083882691,-2.86379702535286));
#9406=CARTESIAN_POINT('Ctrl Pts',(17.5,0.809274116003297,-2.86053969580754));
#9407=CARTESIAN_POINT('Ctrl Pts',(17.5,0.824195469413857,-2.8571637166981));
#9408=CARTESIAN_POINT('Ctrl Pts',(17.5,0.839085208180427,-2.85367134425366));
#9409=CARTESIAN_POINT('Ctrl Pts',(17.5,0.938119702591826,-2.83044290856695));
#9410=CARTESIAN_POINT('Ctrl Pts',(17.5,1.03582349675566,-2.80205563519959));
#9411=CARTESIAN_POINT('Ctrl Pts',(17.5,1.13187821786259,-2.7688278072615));
#9412=CARTESIAN_POINT('Ctrl Pts',(17.5,1.22698900377855,-2.73592651107269));
#9413=CARTESIAN_POINT('Ctrl Pts',(17.5,1.32048376651626,-2.69827882563225));
#9414=CARTESIAN_POINT('Ctrl Pts',(17.5,1.41205239017741,-2.65613732290727));
#9415=CARTESIAN_POINT('Ctrl Pts',(17.5,1.50422449801504,-2.61371808607369));
#9416=CARTESIAN_POINT('Ctrl Pts',(17.5,1.59444582865076,-2.56674525617429));
#9417=CARTESIAN_POINT('Ctrl Pts',(17.5,1.68238679744524,-2.51542514145094));
#9418=CARTESIAN_POINT('Ctrl Pts',(17.5,1.71378846479295,-2.49709992633356));
#9419=CARTESIAN_POINT('Ctrl Pts',(17.5,1.74489919393432,-2.47821996839572));
#9420=CARTESIAN_POINT('Ctrl Pts',(17.5,1.7757032551745,-2.45879322198352));
#9421=CARTESIAN_POINT('Ctrl Pts',(17.5,1.80208382524598,-2.44215617399845));
#9422=CARTESIAN_POINT('Ctrl Pts',(17.5,1.82823947405487,-2.42511808788779));
#9423=CARTESIAN_POINT('Ctrl Pts',(17.5,1.85416003454368,-2.40768354898739));
#9424=CARTESIAN_POINT('Ctrl Pts',(17.5,1.8664915139464,-2.39938921995701));
#9425=CARTESIAN_POINT('Ctrl Pts',(17.5,1.87876829464113,-2.39100610403478));
#9426=CARTESIAN_POINT('Ctrl Pts',(17.5,1.89098168757876,-2.38254016359902));
#9427=CARTESIAN_POINT('Ctrl Pts',(17.5,1.979579249695,-2.32112711585216));
#9428=CARTESIAN_POINT('Ctrl Pts',(17.5,2.06495700800673,-2.25528406206602));
#9429=CARTESIAN_POINT('Ctrl Pts',(17.5,2.14673852946977,-2.18527807495699));
#9430=CARTESIAN_POINT('Ctrl Pts',(17.5,2.20807467056705,-2.13277358462522));
#9431=CARTESIAN_POINT('Ctrl Pts',(17.5,2.26738771275628,-2.07792615184735));
#9432=CARTESIAN_POINT('Ctrl Pts',(17.5,2.32450792532137,-2.02082877798254));
#9433=CARTESIAN_POINT('Ctrl Pts',(17.5,2.33975076735417,-2.00559203058219));
#9434=CARTESIAN_POINT('Ctrl Pts',(17.5,2.35483857887505,-1.99019373206829));
#9435=CARTESIAN_POINT('Ctrl Pts',(17.5,2.36976424854836,-1.97463936483486));
#9436=CARTESIAN_POINT('Ctrl Pts',(17.5,2.44207310173291,-1.899284725393));
#9437=CARTESIAN_POINT('Ctrl Pts',(17.5,2.51044136637607,-1.82041497009495));
#9438=CARTESIAN_POINT('Ctrl Pts',(17.5,2.57452327266254,-1.73825102754192));
#9439=CARTESIAN_POINT('Ctrl Pts',(17.5,2.6375105292251,-1.65749061279015));
#9440=CARTESIAN_POINT('Ctrl Pts',(17.5,2.69635733130978,-1.5735470614686));
#9441=CARTESIAN_POINT('Ctrl Pts',(17.5,2.75070229801432,-1.4865923957728));
#9442=CARTESIAN_POINT('Ctrl Pts',(17.5,2.75795616215516,-1.47498585022465));
#9443=CARTESIAN_POINT('Ctrl Pts',(17.5,2.76512976162058,-1.46332560816805));
#9444=CARTESIAN_POINT('Ctrl Pts',(17.5,2.77222218085673,-1.45161203438314));
#9445=CARTESIAN_POINT('Ctrl Pts',(17.5,2.77222218085677,-1.45161203438306));
#9446=CARTESIAN_POINT('Ctrl Pts',(17.4629632728745,2.29344679569698,-2.36595533751798));
#9447=CARTESIAN_POINT('Ctrl Pts',(17.425926545749,1.33128425472889,-3.0174589160514));
#9448=CARTESIAN_POINT('Ctrl Pts',(17.3888898186235,0.310388403046718,-3.11854744838969));
#9449=CARTESIAN_POINT('Ctrl Pts',(17.3518530914979,-0.710507448635472,-3.21963598072799));
#9450=CARTESIAN_POINT('Ctrl Pts',(17.3148163643724,-1.79013661103173,-2.77030946687115));
#9451=CARTESIAN_POINT('Ctrl Pts',(17.2777796372469,-2.43707843094605,-1.97168246150629));
#9452=CARTESIAN_POINT('Ctrl Pts',(17.2407429101214,-3.08402025086035,-1.17305545614144));
#9453=CARTESIAN_POINT('Ctrl Pts',(17.2037061829959,-3.29827472829272,-0.0251279592685758));
#9454=CARTESIAN_POINT('Ctrl Pts',(17.1666694558704,-2.98532488519736,0.95380790658336));
#9455=CARTESIAN_POINT('Ctrl Pts',(17.1296327287448,-2.672375042102,1.9327437724353));
#9456=CARTESIAN_POINT('Ctrl Pts',(17.0925960016193,-1.83222087847891,2.74268800726632));
#9457=CARTESIAN_POINT('Ctrl Pts',(17.0555592744938,-0.842615817697341,3.01883865813617));
#9458=CARTESIAN_POINT('Ctrl Pts',(17.0453728496625,-0.570439025991942,3.09478996554133));
#9459=CARTESIAN_POINT('Ctrl Pts',(17.0351864248313,-0.286957069624512,3.1303626303491));
#9460=CARTESIAN_POINT('Ctrl Pts',(17.025,-0.00286579537612686,3.12796937893455));
#9461=CARTESIAN_POINT('Origin',(12.5,0.,0.));
#9462=CARTESIAN_POINT('Origin',(17.5,0.,0.));
#9463=CARTESIAN_POINT('Ctrl Pts',(-3.46271197273942,2.9221753417959,2.9221753417959));
#9464=CARTESIAN_POINT('Ctrl Pts',(-3.49050377425453,3.40432333626703,2.44002734732478));
#9465=CARTESIAN_POINT('Ctrl Pts',(-3.54608737728475,4.11708955050445,1.23544601625479));
#9466=CARTESIAN_POINT('Ctrl Pts',(-3.65725458334518,4.26491869505251,-1.58402152625473));
#9467=CARTESIAN_POINT('Ctrl Pts',(-3.79621359092072,1.79543916744901,-4.52899027806807));
#9468=CARTESIAN_POINT('Ctrl Pts',(-3.96296440001138,-2.80863232719538,-3.98403775904569));
#9469=CARTESIAN_POINT('Ctrl Pts',(-4.12971520910202,-4.86802537958613,0.160938524967199));
#9470=CARTESIAN_POINT('Ctrl Pts',(-4.29646601819267,-2.53854512369288,4.15858025033635));
#9471=CARTESIAN_POINT('Ctrl Pts',(-4.46321682728333,2.08472609067438,4.40382955360039));
#9472=CARTESIAN_POINT('Ctrl Pts',(-4.62996763637397,4.82504106019644,0.673703823735475));
#9473=CARTESIAN_POINT('Ctrl Pts',(-4.79671844546462,3.21104101794518,-3.6642077993304));
#9474=CARTESIAN_POINT('Ctrl Pts',(-4.96346925455528,-1.30154379646309,-4.69501786786148));
#9475=CARTESIAN_POINT('Ctrl Pts',(-5.13022006364592,-4.63919374492796,-1.48810854410265));
#9476=CARTESIAN_POINT('Ctrl Pts',(-5.29697087273658,-3.78968291940726,3.06190173912655));
#9477=CARTESIAN_POINT('Ctrl Pts',(-5.46372168182724,0.480379735760071,4.84831319412259));
#9478=CARTESIAN_POINT('Ctrl Pts',(-5.63047249091787,4.31683427907999,2.25871009593692));
#9479=CARTESIAN_POINT('Ctrl Pts',(-5.79722330000854,4.2570020577074,-2.36956013235693));
#9480=CARTESIAN_POINT('Ctrl Pts',(-5.96397410909917,0.354866392014282,-4.85910920810705));
#9481=CARTESIAN_POINT('Ctrl Pts',(-6.13072491818984,-3.86756197122959,-2.96290871989377));
#9482=CARTESIAN_POINT('Ctrl Pts',(-6.29747572728047,-4.59919754534593,1.60756123106444));
#9483=CARTESIAN_POINT('Ctrl Pts',(-6.46422653637114,-1.1796758764517,4.72707458124765));
#9484=CARTESIAN_POINT('Ctrl Pts',(-6.63097734546178,3.30460036718375,3.58001183659734));
#9485=CARTESIAN_POINT('Ctrl Pts',(-6.79772815455243,4.80620164594365,-0.798307658286345));
#9486=CARTESIAN_POINT('Ctrl Pts',(-6.96447896364309,1.96980818409623,-4.45608850484298));
#9487=CARTESIAN_POINT('Ctrl Pts',(-7.13122977273372,-2.64450005866167,-4.09188078775682));
#9488=CARTESIAN_POINT('Ctrl Pts',(-7.29798058182439,-4.87192825183646,-0.0344121555516432));
#9489=CARTESIAN_POINT('Ctrl Pts',(-7.46473139091503,-2.70203812233939,4.05411631220869));
#9490=CARTESIAN_POINT('Ctrl Pts',(-7.63148220000569,1.9066649487049,4.48346938373121));
#9491=CARTESIAN_POINT('Ctrl Pts',(-7.79823300909633,4.79444516092715,0.866120455819185));
#9492=CARTESIAN_POINT('Ctrl Pts',(-7.96498381818699,3.35484197911214,-3.53297391356588));
#9493=CARTESIAN_POINT('Ctrl Pts',(-8.13173462727763,-1.11278366488892,-4.74326689657291));
#9494=CARTESIAN_POINT('Ctrl Pts',(-8.29848543636829,-4.57602993554858,-1.67236936683346));
#9495=CARTESIAN_POINT('Ctrl Pts',(-8.46523624545893,-3.90903071617848,2.90798040445782));
#9496=CARTESIAN_POINT('Ctrl Pts',(-8.63198705454961,0.286192326046872,4.86363625657139));
#9497=CARTESIAN_POINT('Ctrl Pts',(-8.79873786364022,4.22310272326453,2.42945998963712));
#9498=CARTESIAN_POINT('Ctrl Pts',(-8.9654886727309,4.34831429136483,-2.19750871754649));
#9499=CARTESIAN_POINT('Ctrl Pts',(-9.13223948182153,0.548811007441233,-4.84103666260015));
#9500=CARTESIAN_POINT('Ctrl Pts',(-9.29899029091221,-3.74603679079536,-3.11514267423496));
#9501=CARTESIAN_POINT('Ctrl Pts',(-9.46574110000282,-4.65978191656113,1.42245259316551));
#9502=CARTESIAN_POINT('Ctrl Pts',(-9.63249190909352,-1.36767785843745,4.67611408303411));
#9503=CARTESIAN_POINT('Ctrl Pts',(-9.79924271818412,3.1588483777678,3.70929723262019));
#9504=CARTESIAN_POINT('Ctrl Pts',(-9.96599352727481,4.83429164020443,-0.605662903808516));
#9505=CARTESIAN_POINT('Ctrl Pts',(-10.1327443363654,2.14631151543629,-4.37358490867651));
#9506=CARTESIAN_POINT('Ctrl Pts',(-10.2994951454561,-2.47874725324833,-4.19471210750113));
#9507=CARTESIAN_POINT('Ctrl Pts',(-10.4662459545468,-4.86681126613698,-0.228361869222283));
#9508=CARTESIAN_POINT('Ctrl Pts',(-10.6329967636374,-2.86163607216196,3.94139712482956));
#9509=CARTESIAN_POINT('Ctrl Pts',(-10.7997475727281,1.72536146533535,4.5589582394232));
#9510=CARTESIAN_POINT('Ctrl Pts',(-10.9664983818187,4.75709343708628,1.05138802241409));
#9511=CARTESIAN_POINT('Ctrl Pts',(-11.1054573893942,3.70218455617226,-2.64433076279924));
#9512=CARTESIAN_POINT('Ctrl Pts',(-11.2166245954547,1.28430740365707,-4.10211015440399));
#9513=CARTESIAN_POINT('Ctrl Pts',(-11.2722081984849,-0.112781166274711,
-4.18693578193872));
#9514=CARTESIAN_POINT('Ctrl Pts',(-11.3,-0.782312410554909,-4.05785716218447));
#9515=CARTESIAN_POINT('Ctrl Pts',(-3.57514131515961,3.05987260231896,3.05987260231897));
#9516=CARTESIAN_POINT('Ctrl Pts',(-3.60293311667472,3.56474012941217,2.55500507522576));
#9517=CARTESIAN_POINT('Ctrl Pts',(-3.65851671970494,4.31109295075358,1.29366207520554));
#9518=CARTESIAN_POINT('Ctrl Pts',(-3.76968392576537,4.46588802507958,-1.65866298313622));
#9519=CARTESIAN_POINT('Ctrl Pts',(-3.90864293334092,1.8800429389125,-4.74240305494897));
#9520=CARTESIAN_POINT('Ctrl Pts',(-4.07539374243157,-2.94097927152132,-4.17177156043486));
#9521=CARTESIAN_POINT('Ctrl Pts',(-4.24214455152221,-5.09741399612062,0.168522188303082));
#9522=CARTESIAN_POINT('Ctrl Pts',(-4.40889536061286,-2.65816515615536,4.35453875424484));
#9523=CARTESIAN_POINT('Ctrl Pts',(-4.57564616970352,2.18296149343101,4.61134457046745));
#9524=CARTESIAN_POINT('Ctrl Pts',(-4.74239697879416,5.05240419149028,0.705449752737558));
#9525=CARTESIAN_POINT('Ctrl Pts',(-4.90914778788482,3.36235005997087,-3.83687073599214));
#9526=CARTESIAN_POINT('Ctrl Pts',(-5.07589859697546,-1.36287448140194,-4.9162541124032));
#9527=CARTESIAN_POINT('Ctrl Pts',(-5.24264940606612,-4.85779947353549,-1.55823043821116));
#9528=CARTESIAN_POINT('Ctrl Pts',(-5.40940021515677,-3.96825843087289,3.20618311589343));
#9529=CARTESIAN_POINT('Ctrl Pts',(-5.57615102424742,0.503015945394326,5.07677294307735));
#9530=CARTESIAN_POINT('Ctrl Pts',(-5.74290183333807,4.52024994885839,2.36514388451827));
#9531=CARTESIAN_POINT('Ctrl Pts',(-5.90965264242872,4.45759834397511,-2.48121733998694));
#9532=CARTESIAN_POINT('Ctrl Pts',(-6.07640345151937,0.371588225688384,-5.08807768134298));
#9533=CARTESIAN_POINT('Ctrl Pts',(-6.24315426061002,-4.04980725977349,-3.10252539794655));
#9534=CARTESIAN_POINT('Ctrl Pts',(-6.40990506970067,-4.81591859337494,1.68331191394598));
#9535=CARTESIAN_POINT('Ctrl Pts',(-6.57665587879132,-1.2352639632339,4.94982138593664));
#9536=CARTESIAN_POINT('Ctrl Pts',(-6.74340668788197,3.46031806528911,3.74870733391703));
#9537=CARTESIAN_POINT('Ctrl Pts',(-6.91015749697262,5.03267703593894,-0.835925105818784));
#9538=CARTESIAN_POINT('Ctrl Pts',(-7.07690830606327,2.06262848369512,-4.66606604143669));
#9539=CARTESIAN_POINT('Ctrl Pts',(-7.24365911515393,-2.76911284569141,-4.28469631350648));
#9540=CARTESIAN_POINT('Ctrl Pts',(-7.41040992424457,-5.1015007775325,-0.0360337076468951));
#9541=CARTESIAN_POINT('Ctrl Pts',(-7.57716073333522,-2.82936218874751,4.24515231954489));
#9542=CARTESIAN_POINT('Ctrl Pts',(-7.74391154242588,1.99650984487415,4.69473714817664));
#9543=CARTESIAN_POINT('Ctrl Pts',(-7.91066235151654,5.02036656781371,0.906933343514014));
#9544=CARTESIAN_POINT('Ctrl Pts',(-8.07741316060717,3.5129271369068,-3.69945291379537));
#9545=CARTESIAN_POINT('Ctrl Pts',(-8.24416396969784,-1.16521969089269,-4.96677670731083));
#9546=CARTESIAN_POINT('Ctrl Pts',(-8.41091477878847,-4.7916592912495,-1.75117390573363));
#9547=CARTESIAN_POINT('Ctrl Pts',(-8.57766558787914,-4.09323007383491,3.04500877836179));
#9548=CARTESIAN_POINT('Ctrl Pts',(-8.74441639696978,0.299678135305372,5.09281805108306));
#9549=CARTESIAN_POINT('Ctrl Pts',(-8.91116720606042,4.42210162233252,2.54393976788267));
#9550=CARTESIAN_POINT('Ctrl Pts',(-9.0779180151511,4.55321334627446,-2.30105860589635));
#9551=CARTESIAN_POINT('Ctrl Pts',(-9.24466882424172,0.574671800662194,-5.06915353053665));
#9552=CARTESIAN_POINT('Ctrl Pts',(-9.4114196333324,-3.92255563158268,-3.26193284327287));
#9553=CARTESIAN_POINT('Ctrl Pts',(-9.57817044242301,-4.87935779052324,1.48948068094015));
#9554=CARTESIAN_POINT('Ctrl Pts',(-9.7449212515137,-1.43212487901534,4.89645955303982));
#9555=CARTESIAN_POINT('Ctrl Pts',(-9.91167206060432,3.30769802474313,3.88408485062933));
#9556=CARTESIAN_POINT('Ctrl Pts',(-10.078422869695,5.06209067262544,-0.63420264318076));
#9557=CARTESIAN_POINT('Ctrl Pts',(-10.2451736787856,2.24744891526222,-4.57967475276494));
#9558=CARTESIAN_POINT('Ctrl Pts',(-10.4119244878763,-2.59554952086708,-4.39237319840981));
#9559=CARTESIAN_POINT('Ctrl Pts',(-10.5786752969669,-5.09614267183488,-0.239122621101236));
#9560=CARTESIAN_POINT('Ctrl Pts',(-10.7454261060576,-2.9964806320057,4.12712163593606));
#9561=CARTESIAN_POINT('Ctrl Pts',(-10.9121769151482,1.80666307095451,4.77378315134029));
#9562=CARTESIAN_POINT('Ctrl Pts',(-11.0789277242389,4.98125477503543,1.10093099417301));
#9563=CARTESIAN_POINT('Ctrl Pts',(-11.2178867318144,3.87663701425865,-2.76893557235544));
#9564=CARTESIAN_POINT('Ctrl Pts',(-11.3290539378749,1.34482588405886,-4.29540770316714));
#9565=CARTESIAN_POINT('Ctrl Pts',(-11.3846375409051,-0.118095583042415,
-4.38423044078852));
#9566=CARTESIAN_POINT('Ctrl Pts',(-11.4124293424202,-0.81917613815737,-4.249069443951));
#9567=CARTESIAN_POINT('Ctrl Pts',(-3.68757065757981,3.19756986284202,3.19756986284203));
#9568=CARTESIAN_POINT('Ctrl Pts',(-3.71536245909492,3.7251569225573,2.66998280312675));
#9569=CARTESIAN_POINT('Ctrl Pts',(-3.77094606212513,4.50509635100271,1.35187813415629));
#9570=CARTESIAN_POINT('Ctrl Pts',(-3.88211326818556,4.66685735510664,-1.73330444001772));
#9571=CARTESIAN_POINT('Ctrl Pts',(-4.02107227576111,1.96464671037599,-4.95581583182986));
#9572=CARTESIAN_POINT('Ctrl Pts',(-4.18782308485176,-3.07332621584726,-4.35950536182403));
#9573=CARTESIAN_POINT('Ctrl Pts',(-4.35457389394241,-5.3268026126551,0.176105851638962));
#9574=CARTESIAN_POINT('Ctrl Pts',(-4.52132470303306,-2.77778518861785,4.55049725815333));
#9575=CARTESIAN_POINT('Ctrl Pts',(-4.68807551212371,2.28119689618763,4.8188595873345));
#9576=CARTESIAN_POINT('Ctrl Pts',(-4.85482632121436,5.2797673227841,0.737195681739647));
#9577=CARTESIAN_POINT('Ctrl Pts',(-5.02157713030501,3.51365910199657,-4.00953367265389));
#9578=CARTESIAN_POINT('Ctrl Pts',(-5.18832793939566,-1.42420516634078,-5.13749035694492));
#9579=CARTESIAN_POINT('Ctrl Pts',(-5.35507874848632,-5.07640520214304,-1.62835233231967));
#9580=CARTESIAN_POINT('Ctrl Pts',(-5.52182955757696,-4.14683394233851,3.3504644926603));
#9581=CARTESIAN_POINT('Ctrl Pts',(-5.68858036666762,0.52565215502858,5.30523269203212));
#9582=CARTESIAN_POINT('Ctrl Pts',(-5.85533117575826,4.72366561863679,2.4715776730996));
#9583=CARTESIAN_POINT('Ctrl Pts',(-6.02208198484892,4.65819463024283,-2.59287454761695));
#9584=CARTESIAN_POINT('Ctrl Pts',(-6.18883279393956,0.38831005936249,-5.31704615457892));
#9585=CARTESIAN_POINT('Ctrl Pts',(-6.35558360303022,-4.2320525483174,-3.24214207599932));
#9586=CARTESIAN_POINT('Ctrl Pts',(-6.52233441212086,-5.03263964140395,1.75906259682752));
#9587=CARTESIAN_POINT('Ctrl Pts',(-6.68908522121151,-1.2908520500161,5.17256819062562));
#9588=CARTESIAN_POINT('Ctrl Pts',(-6.85583603030218,3.61603576339446,3.91740283123672));
#9589=CARTESIAN_POINT('Ctrl Pts',(-7.0225868393928,5.25915242593424,-0.873542553351221));
#9590=CARTESIAN_POINT('Ctrl Pts',(-7.18933764848348,2.155448783294,-4.87604357803039));
#9591=CARTESIAN_POINT('Ctrl Pts',(-7.3560884575741,-2.89372563272115,-4.47751183925614));
#9592=CARTESIAN_POINT('Ctrl Pts',(-7.52283926666478,-5.33107330322855,-0.0376552597421406));
#9593=CARTESIAN_POINT('Ctrl Pts',(-7.68959007575542,-2.95668625515564,4.43618832688109));
#9594=CARTESIAN_POINT('Ctrl Pts',(-7.85634088484607,2.0863547410434,4.90600491262208));
#9595=CARTESIAN_POINT('Ctrl Pts',(-8.02309169393672,5.24628797470025,0.947746231208835));
#9596=CARTESIAN_POINT('Ctrl Pts',(-8.18984250302738,3.67101229470149,-3.86593191402486));
#9597=CARTESIAN_POINT('Ctrl Pts',(-8.35659331211802,-1.21765571689647,-5.19028651804875));
#9598=CARTESIAN_POINT('Ctrl Pts',(-8.52334412120867,-5.00728864695041,-1.8299784446338));
#9599=CARTESIAN_POINT('Ctrl Pts',(-8.69009493029934,-4.27742943149135,3.18203715226576));
#9600=CARTESIAN_POINT('Ctrl Pts',(-8.85684573938996,0.31316394456388,5.32199984559472));
#9601=CARTESIAN_POINT('Ctrl Pts',(-9.02359654848063,4.6211005214005,2.65841954612823));
#9602=CARTESIAN_POINT('Ctrl Pts',(-9.19034735757128,4.7581124011841,-2.40460849424621));
#9603=CARTESIAN_POINT('Ctrl Pts',(-9.35709816666192,0.600532593883153,-5.29727039847314));
#9604=CARTESIAN_POINT('Ctrl Pts',(-9.52384897575258,-4.09907447237,-3.40872301231079));
#9605=CARTESIAN_POINT('Ctrl Pts',(-9.69059978484322,-5.09893366448535,1.5565087687148));
#9606=CARTESIAN_POINT('Ctrl Pts',(-9.85735059393389,-1.49657189959321,5.11680502304551));
#9607=CARTESIAN_POINT('Ctrl Pts',(-10.0241014030245,3.45654767171846,4.05887246863849));
#9608=CARTESIAN_POINT('Ctrl Pts',(-10.1908522121152,5.28988970504648,-0.66274238255301));
#9609=CARTESIAN_POINT('Ctrl Pts',(-10.3576030212058,2.34858631508815,-4.78576459685336));
#9610=CARTESIAN_POINT('Ctrl Pts',(-10.5243538302965,-2.71235178848582,-4.59003428931849));
#9611=CARTESIAN_POINT('Ctrl Pts',(-10.6911046393871,-5.3254740775328,-0.249883372980183));
#9612=CARTESIAN_POINT('Ctrl Pts',(-10.8578554484778,-3.13132519184943,4.31284614704255));
#9613=CARTESIAN_POINT('Ctrl Pts',(-11.0246062575684,1.88796467657367,4.98860806325738));
#9614=CARTESIAN_POINT('Ctrl Pts',(-11.1913570666591,5.20541611298459,1.15047396593192));
#9615=CARTESIAN_POINT('Ctrl Pts',(-11.3303160742346,4.05108947234503,-2.89354038191164));
#9616=CARTESIAN_POINT('Ctrl Pts',(-11.4414832802951,1.40534436446065,-4.48870525193029));
#9617=CARTESIAN_POINT('Ctrl Pts',(-11.4970668833253,-0.123409999810118,
-4.58152509963833));
#9618=CARTESIAN_POINT('Ctrl Pts',(-11.5248586848404,-0.85603986575983,-4.44028172571753));
#9619=CARTESIAN_POINT('Ctrl Pts',(-3.8,3.33526712336508,3.33526712336509));
#9620=CARTESIAN_POINT('Ctrl Pts',(-3.82779180151511,3.88557371570244,2.78496053102774));
#9621=CARTESIAN_POINT('Ctrl Pts',(-3.88337540454532,4.69909975125184,1.41009419310704));
#9622=CARTESIAN_POINT('Ctrl Pts',(-3.99454261060576,4.8678266851337,-1.80794589689921));
#9623=CARTESIAN_POINT('Ctrl Pts',(-4.13350161818129,2.04925048183948,-5.16922860871076));
#9624=CARTESIAN_POINT('Ctrl Pts',(-4.30025242727196,-3.20567316017321,-4.5472391632132));
#9625=CARTESIAN_POINT('Ctrl Pts',(-4.46700323636259,-5.55619122918958,0.183689514974844));
#9626=CARTESIAN_POINT('Ctrl Pts',(-4.63375404545326,-2.89740522108033,4.74645576206182));
#9627=CARTESIAN_POINT('Ctrl Pts',(-4.8005048545439,2.37943229894426,5.02637460420156));
#9628=CARTESIAN_POINT('Ctrl Pts',(-4.96725566363456,5.50713045407794,0.768941610741732));
#9629=CARTESIAN_POINT('Ctrl Pts',(-5.1340064727252,3.66496814402226,-4.18219660931564));
#9630=CARTESIAN_POINT('Ctrl Pts',(-5.30075728181586,-1.48553585127963,-5.35872660148664));
#9631=CARTESIAN_POINT('Ctrl Pts',(-5.46750809090651,-5.29501093075058,-1.69847422642818));
#9632=CARTESIAN_POINT('Ctrl Pts',(-5.63425889999715,-4.32540945380413,3.49474586942717));
#9633=CARTESIAN_POINT('Ctrl Pts',(-5.80100970908781,0.548288364662836,5.53369244098688));
#9634=CARTESIAN_POINT('Ctrl Pts',(-5.96776051817845,4.9270812884152,2.57801146168094));
#9635=CARTESIAN_POINT('Ctrl Pts',(-6.13451132726911,4.85879091651054,-2.70453175524696));
#9636=CARTESIAN_POINT('Ctrl Pts',(-6.30126213635975,0.405031893036594,-5.54601462781486));
#9637=CARTESIAN_POINT('Ctrl Pts',(-6.46801294545042,-4.4142978368613,-3.3817587540521));
#9638=CARTESIAN_POINT('Ctrl Pts',(-6.63476375454105,-5.24936068943295,1.83481327970906));
#9639=CARTESIAN_POINT('Ctrl Pts',(-6.80151456363171,-1.3464401367983,5.39531499531461));
#9640=CARTESIAN_POINT('Ctrl Pts',(-6.96826537272237,3.77175346149982,4.08609832855641));
#9641=CARTESIAN_POINT('Ctrl Pts',(-7.135016181813,5.48562781592954,-0.911160000883658));
#9642=CARTESIAN_POINT('Ctrl Pts',(-7.30176699090367,2.24826908289289,-5.0860211146241));
#9643=CARTESIAN_POINT('Ctrl Pts',(-7.4685177999943,-3.01833841975089,-4.67032736500579));
#9644=CARTESIAN_POINT('Ctrl Pts',(-7.63526860908497,-5.56064582892459,-0.0392768118373908));
#9645=CARTESIAN_POINT('Ctrl Pts',(-7.80201941817562,-3.08401032156377,4.62722433421729));
#9646=CARTESIAN_POINT('Ctrl Pts',(-7.96877022726625,2.17619963721265,5.11727267706753));
#9647=CARTESIAN_POINT('Ctrl Pts',(-8.13552103635692,5.4722093815868,0.988559118903657));
#9648=CARTESIAN_POINT('Ctrl Pts',(-8.30227184544756,3.82909745249616,-4.03241091425434));
#9649=CARTESIAN_POINT('Ctrl Pts',(-8.46902265453821,-1.27009174290024,-5.41379632878667));
#9650=CARTESIAN_POINT('Ctrl Pts',(-8.63577346362887,-5.22291800265133,-1.90878298353396));
#9651=CARTESIAN_POINT('Ctrl Pts',(-8.80252427271951,-4.46162878914778,3.31906552616973));
#9652=CARTESIAN_POINT('Ctrl Pts',(-8.96927508181018,0.326649753822379,5.55118164010638));
#9653=CARTESIAN_POINT('Ctrl Pts',(-9.1360258909008,4.82009942046849,2.77289932437379));
#9654=CARTESIAN_POINT('Ctrl Pts',(-9.30277669999149,4.96301145609373,-2.50815838259608));
#9655=CARTESIAN_POINT('Ctrl Pts',(-9.46952750908209,0.626393387104117,-5.52538726640964));
#9656=CARTESIAN_POINT('Ctrl Pts',(-9.6362783181728,-4.27559331315733,-3.5555131813487));
#9657=CARTESIAN_POINT('Ctrl Pts',(-9.8030291272634,-5.31850953844746,1.62353685648945));
#9658=CARTESIAN_POINT('Ctrl Pts',(-9.96977993635409,-1.5610189201711,5.33715049305122));
#9659=CARTESIAN_POINT('Ctrl Pts',(-10.1365307454447,3.60539731869379,4.23366008664763));
#9660=CARTESIAN_POINT('Ctrl Pts',(-10.3032815545354,5.5176887374675,-0.691282121925255));
#9661=CARTESIAN_POINT('Ctrl Pts',(-10.470032363626,2.44972371491408,-4.99185444094178));
#9662=CARTESIAN_POINT('Ctrl Pts',(-10.6367831727167,-2.82915405610457,-4.78769538022717));
#9663=CARTESIAN_POINT('Ctrl Pts',(-10.8035339818073,-5.55480548323071,-0.260644124859129));
#9664=CARTESIAN_POINT('Ctrl Pts',(-10.970284790898,-3.26616975169317,4.49857065814904));
#9665=CARTESIAN_POINT('Ctrl Pts',(-11.1370355999886,1.96926628219283,5.20343297517448));
#9666=CARTESIAN_POINT('Ctrl Pts',(-11.3037864090793,5.42957745093375,1.20001693769084));
#9667=CARTESIAN_POINT('Ctrl Pts',(-11.4427454166548,4.22554193043142,-3.01814519146784));
#9668=CARTESIAN_POINT('Ctrl Pts',(-11.5539126227152,1.46586284486245,-4.68200280069343));
#9669=CARTESIAN_POINT('Ctrl Pts',(-11.6094962257455,-0.128724416577823,
-4.77881975848814));
#9670=CARTESIAN_POINT('Ctrl Pts',(-11.6372880272606,-0.892903593362291,
-4.63149400748406));
#9671=CARTESIAN_POINT('',(-11.3,4.58791074672358,1.126262368614));
#9672=CARTESIAN_POINT('Ctrl Pts',(-11.3,4.58791074672358,1.12626236861403));
#9673=CARTESIAN_POINT('Ctrl Pts',(-11.3,4.59424802788105,1.09162669863077));
#9674=CARTESIAN_POINT('Ctrl Pts',(-11.3,4.60015894566229,1.05693663966997));
#9675=CARTESIAN_POINT('Ctrl Pts',(-11.3,4.60563918080186,1.02219726702515));
#9676=CARTESIAN_POINT('Ctrl Pts',(-11.3,4.62690874496886,0.887368870656581));
#9677=CARTESIAN_POINT('Ctrl Pts',(-11.3,4.64169500468825,0.751798226668319));
#9678=CARTESIAN_POINT('Ctrl Pts',(-11.3,4.65021864274986,0.615870759790383));
#9679=CARTESIAN_POINT('Ctrl Pts',(-11.3,4.65892628051589,0.477009027807943));
#9680=CARTESIAN_POINT('Ctrl Pts',(-11.3,4.66109785017568,0.337774143341495));
#9681=CARTESIAN_POINT('Ctrl Pts',(-11.3,4.65691429168423,0.198575711474047));
#9682=CARTESIAN_POINT('Ctrl Pts',(-11.3,4.6526882585548,0.057964032244955));
#9683=CARTESIAN_POINT('Ctrl Pts',(-11.3,4.64197714465934,-0.0826112701344989));
#9684=CARTESIAN_POINT('Ctrl Pts',(-11.3,4.62491578553916,-0.222717293742222));
#9685=CARTESIAN_POINT('Ctrl Pts',(-11.3,4.60842951310054,-0.358100768131202));
#9686=CARTESIAN_POINT('Ctrl Pts',(-11.3,4.58601334085125,-0.493046668380977));
#9687=CARTESIAN_POINT('Ctrl Pts',(-11.3,4.55774728474201,-0.627144217329657));
#9688=CARTESIAN_POINT('Ctrl Pts',(-11.3,4.55228432325097,-0.653061159655066));
#9689=CARTESIAN_POINT('Ctrl Pts',(-11.3,4.54660130030715,-0.678952243029235));
#9690=CARTESIAN_POINT('Ctrl Pts',(-11.3,4.54070634548723,-0.704781725146079));
#9691=CARTESIAN_POINT('Ctrl Pts',(-11.3,4.50975048620029,-0.840418695790959));
#9692=CARTESIAN_POINT('Ctrl Pts',(-11.3,4.47292851663458,-0.974495540108598));
#9693=CARTESIAN_POINT('Ctrl Pts',(-11.3,4.43042354879604,-1.10661364966238));
#9694=CARTESIAN_POINT('Ctrl Pts',(-11.3,4.38789579217281,-1.23880259355165));
#9695=CARTESIAN_POINT('Ctrl Pts',(-11.3,4.33967858669586,-1.36903148526696));
#9696=CARTESIAN_POINT('Ctrl Pts',(-11.3,4.28590646834918,-1.49688327901715));
#9697=CARTESIAN_POINT('Ctrl Pts',(-11.3,4.23272554913298,-1.62332940247538));
#9698=CARTESIAN_POINT('Ctrl Pts',(-11.3,4.17411078730398,-1.74745110180585));
#9699=CARTESIAN_POINT('Ctrl Pts',(-11.3,4.11015033244366,-1.86881663736279));
#9700=CARTESIAN_POINT('Ctrl Pts',(-11.3,4.050091471197,-1.98277886411771));
#9701=CARTESIAN_POINT('Ctrl Pts',(-11.3,3.98531862978197,-2.09431117308988));
#9702=CARTESIAN_POINT('Ctrl Pts',(-11.3,3.91587501109012,-2.20302485564854));
#9703=CARTESIAN_POINT('Ctrl Pts',(-11.3,3.90041194454937,-2.2272322189594));
#9704=CARTESIAN_POINT('Ctrl Pts',(-11.3,3.88471718478403,-2.25129969073757));
#9705=CARTESIAN_POINT('Ctrl Pts',(-11.3,3.86879103193261,-2.27522273249078));
#9706=CARTESIAN_POINT('Ctrl Pts',(-11.3,3.85899047138552,-2.28994438067288));
#9707=CARTESIAN_POINT('Ctrl Pts',(-11.3,3.8491028908656,-2.30461033430361));
#9708=CARTESIAN_POINT('Ctrl Pts',(-11.3,3.83913549914769,-2.31920937519907));
#9709=CARTESIAN_POINT('Ctrl Pts',(-11.3,3.76286180224591,-2.43092594577546));
#9710=CARTESIAN_POINT('Ctrl Pts',(-11.3,3.68180995274743,-2.5388899354495));
#9711=CARTESIAN_POINT('Ctrl Pts',(-11.3,3.59610204371671,-2.64271389855566));
#9712=CARTESIAN_POINT('Ctrl Pts',(-11.3,3.51213600532444,-2.74442781236827));
#9713=CARTESIAN_POINT('Ctrl Pts',(-11.3,3.42370079786983,-2.84216880810407));
#9714=CARTESIAN_POINT('Ctrl Pts',(-11.3,3.3308749302609,-2.93553885058983));
#9715=CARTESIAN_POINT('Ctrl Pts',(-11.3,3.27986716034251,-2.98684564434315));
#9716=CARTESIAN_POINT('Ctrl Pts',(-11.3,3.22753302840018,-3.03683198672935));
#9717=CARTESIAN_POINT('Ctrl Pts',(-11.3,3.17388144511375,-3.08542647742161));
#9718=CARTESIAN_POINT('Ctrl Pts',(-11.3,3.07421773108554,-3.17569608601534));
#9719=CARTESIAN_POINT('Ctrl Pts',(-11.3,2.97000868339961,-3.26116565355286));
#9720=CARTESIAN_POINT('Ctrl Pts',(-11.3,2.86169507951533,-3.34164524389262));
#9721=CARTESIAN_POINT('Ctrl Pts',(-11.3,2.80301066673127,-3.3852491618754));
#9722=CARTESIAN_POINT('Ctrl Pts',(-11.3,2.7431210238745,-3.42738744501802));
#9723=CARTESIAN_POINT('Ctrl Pts',(-11.3,2.68209464524001,-3.46802369078659));
#9724=CARTESIAN_POINT('Ctrl Pts',(-11.3,2.65986972716646,-3.48282281951145));
#9725=CARTESIAN_POINT('Ctrl Pts',(-11.3,2.63748839746905,-3.49742617563347));
#9726=CARTESIAN_POINT('Ctrl Pts',(-11.3,2.61498430933916,-3.51181279400309));
#9727=CARTESIAN_POINT('Ctrl Pts',(-11.3,2.5034966862055,-3.58308561686545));
#9728=CARTESIAN_POINT('Ctrl Pts',(-11.3,2.38889274491614,-3.64911677497867));
#9729=CARTESIAN_POINT('Ctrl Pts',(-11.3,2.27162706575242,-3.70979484946345));
#9730=CARTESIAN_POINT('Ctrl Pts',(-11.3,2.15381731237023,-3.77075445027536));
#9731=CARTESIAN_POINT('Ctrl Pts',(-11.3,2.03332020132983,-3.82631145101801));
#9732=CARTESIAN_POINT('Ctrl Pts',(-11.3,1.91057442033731,-3.87630502628727));
#9733=CARTESIAN_POINT('Ctrl Pts',(-11.3,1.78928544844457,-3.9257052524834));
#9734=CARTESIAN_POINT('Ctrl Pts',(-11.3,1.66580002016669,-3.96967346380186));
#9735=CARTESIAN_POINT('Ctrl Pts',(-11.3,1.54053251767429,-4.00800505716308));
#9736=CARTESIAN_POINT('Ctrl Pts',(-11.3,1.45464996641541,-4.03428493794764));
#9737=CARTESIAN_POINT('Ctrl Pts',(-11.3,1.36792959203175,-4.05791437438363));
#9738=CARTESIAN_POINT('Ctrl Pts',(-11.3,1.28050553223738,-4.07881321978456));
#9739=CARTESIAN_POINT('Ctrl Pts',(-11.3,1.23311414598816,-4.09014219783577));
#9740=CARTESIAN_POINT('Ctrl Pts',(-11.3,1.18551600307703,-4.10066855717865));
#9741=CARTESIAN_POINT('Ctrl Pts',(-11.3,1.13773001478648,-4.11038674639698));
#9742=CARTESIAN_POINT('Ctrl Pts',(-11.3,1.11050980215161,-4.11592249414254));
#9743=CARTESIAN_POINT('Ctrl Pts',(-11.3,1.08322361381922,-4.12119681341047));
#9744=CARTESIAN_POINT('Ctrl Pts',(-11.3,1.05590523163712,-4.12620330056515));
#9745=CARTESIAN_POINT('Ctrl Pts',(-11.3,0.927242458561909,-4.1497826075824));
#9746=CARTESIAN_POINT('Ctrl Pts',(-11.3,0.797753716296498,-4.16745009537357));
#9747=CARTESIAN_POINT('Ctrl Pts',(-11.3,0.667810611150924,-4.17917863387637));
#9748=CARTESIAN_POINT('Ctrl Pts',(-11.3,0.546406335905553,-4.1901364658831));
#9749=CARTESIAN_POINT('Ctrl Pts',(-11.3,0.42460489682928,-4.19590973008203));
#9750=CARTESIAN_POINT('Ctrl Pts',(-11.3,0.302713529644558,-4.19643527988398));
#9751=CARTESIAN_POINT('Ctrl Pts',(-11.3,0.256552704841973,-4.19663430802595));
#9752=CARTESIAN_POINT('Ctrl Pts',(-11.3,0.210379068114488,-4.19608031895361));
#9753=CARTESIAN_POINT('Ctrl Pts',(-11.3,0.164209710779386,-4.19476840380833));
#9754=CARTESIAN_POINT('Ctrl Pts',(-11.3,0.141665070455296,-4.19412779157561));
#9755=CARTESIAN_POINT('Ctrl Pts',(-11.3,0.119122988057498,-4.19330642601494));
#9756=CARTESIAN_POINT('Ctrl Pts',(-11.3,0.0965975414995718,-4.1923044700121));
#9757=CARTESIAN_POINT('Ctrl Pts',(-11.3,-0.0315885094677339,-4.18660261709142));
#9758=CARTESIAN_POINT('Ctrl Pts',(-11.3,-0.159343997863268,-4.17505390560299));
#9759=CARTESIAN_POINT('Ctrl Pts',(-11.3,-0.286309795941375,-4.15760127667825));
#9760=CARTESIAN_POINT('Ctrl Pts',(-11.3,-0.411258788483419,-4.14042587641798));
#9761=CARTESIAN_POINT('Ctrl Pts',(-11.3,-0.535443619436312,-4.11753248047469));
#9762=CARTESIAN_POINT('Ctrl Pts',(-11.3,-0.658506666821737,-4.08881883007116));
#9763=CARTESIAN_POINT('Ctrl Pts',(-11.3,-0.699907114850449,-4.07915908235239));
#9764=CARTESIAN_POINT('Ctrl Pts',(-11.3,-0.741180431826692,-4.06884022506319));
#9765=CARTESIAN_POINT('Ctrl Pts',(-11.3,-0.782312410554881,-4.05785716218447));
#9766=CARTESIAN_POINT('Ctrl Pts',(-10.546875,0.000979181789334573,-4.70958487111264));
#9767=CARTESIAN_POINT('Ctrl Pts',(-10.5768443909056,-0.841288662305148,
-4.70808048488808));
#9768=CARTESIAN_POINT('Ctrl Pts',(-10.6068137818111,-1.68430688510282,-4.49237317816994));
#9769=CARTESIAN_POINT('Ctrl Pts',(-10.6367831727167,-2.40361633212246,-4.06721334778494));
#9770=CARTESIAN_POINT('Ctrl Pts',(-10.6923667757469,-3.73770453181328,-3.2786782951045));
#9771=CARTESIAN_POINT('Ctrl Pts',(-10.7479503787771,-4.646255007522,-1.76966120998181));
#9772=CARTESIAN_POINT('Ctrl Pts',(-10.8035339818073,-4.71909095678676,-0.221950203585757));
#9773=CARTESIAN_POINT('Ctrl Pts',(-10.8591175848375,-4.79192690605152,1.32576080281026));
#9774=CARTESIAN_POINT('Ctrl Pts',(-10.9147011878678,-4.02904832887234,2.91216573047965));
#9775=CARTESIAN_POINT('Ctrl Pts',(-10.970284790898,-2.77503636796844,3.82284524715191));
#9776=CARTESIAN_POINT('Ctrl Pts',(-11.0258683939282,-1.52102440706451,4.73352476382419));
#9777=CARTESIAN_POINT('Ctrl Pts',(-11.0814519969584,0.224120937564169,4.96847886949934));
#9778=CARTESIAN_POINT('Ctrl Pts',(-11.1370355999886,1.673412138002,4.41871991608963));
#9779=CARTESIAN_POINT('Ctrl Pts',(-11.1913570666591,3.08979429656003,3.88144433414874));
#9780=CARTESIAN_POINT('Ctrl Pts',(-11.2456785333295,4.22360568096252,2.5946880335855));
#9781=CARTESIAN_POINT('Ctrl Pts',(-11.3,4.58791074672358,1.126262368614));
#9782=CARTESIAN_POINT('',(-3.8,1.43163898282954,-3.87667735041786));
#9783=CARTESIAN_POINT('Ctrl Pts',(-3.8,1.43565803962143,-3.88205619390991));
#9784=CARTESIAN_POINT('Ctrl Pts',(-3.8,1.46536228745728,-3.87348872806418));
#9785=CARTESIAN_POINT('Ctrl Pts',(-3.8,1.49494675863389,-3.86456347600013));
#9786=CARTESIAN_POINT('Ctrl Pts',(-3.8,1.52440516589599,-3.85527960125369));
#9787=CARTESIAN_POINT('Ctrl Pts',(-3.8,1.64266644385705,-3.81800932787554));
#9788=CARTESIAN_POINT('Ctrl Pts',(-3.8,1.75889656234114,-3.77496359334193));
#9789=CARTESIAN_POINT('Ctrl Pts',(-3.8,1.87288538108524,-3.72651328619705));
#9790=CARTESIAN_POINT('Ctrl Pts',(-3.8,1.96286827951479,-3.68826656064334));
#9791=CARTESIAN_POINT('Ctrl Pts',(-3.8,2.05145452500197,-3.64665077981782));
#9792=CARTESIAN_POINT('Ctrl Pts',(-3.8,2.13853626967763,-3.60182641116968));
#9793=CARTESIAN_POINT('Ctrl Pts',(-3.8,2.18360630694616,-3.57862710604512));
#9794=CARTESIAN_POINT('Ctrl Pts',(-3.8,2.22827325434114,-3.55456801963023));
#9795=CARTESIAN_POINT('Ctrl Pts',(-3.8,2.27252151870971,-3.52966955750122));
#9796=CARTESIAN_POINT('Ctrl Pts',(-3.8,2.29348331154748,-3.51787437383526));
#9797=CARTESIAN_POINT('Ctrl Pts',(-3.8,2.31435186055758,-3.50589028045723));
#9798=CARTESIAN_POINT('Ctrl Pts',(-3.8,2.33511124536117,-3.49372796752978));
#9799=CARTESIAN_POINT('Ctrl Pts',(-3.8,2.44543757086566,-3.42909101862131));
#9800=CARTESIAN_POINT('Ctrl Pts',(-3.8,2.55277740325543,-3.35937159483474));
#9801=CARTESIAN_POINT('Ctrl Pts',(-3.8,2.65690133263136,-3.28493836868367));
#9802=CARTESIAN_POINT('Ctrl Pts',(-3.8,2.75759027011936,-3.212960654244));
#9803=CARTESIAN_POINT('Ctrl Pts',(-3.8,2.8552723826748,-3.13657433873964));
#9804=CARTESIAN_POINT('Ctrl Pts',(-3.8,2.9497238950891,-3.05607128318074));
#9805=CARTESIAN_POINT('Ctrl Pts',(-3.8,2.97818506185944,-3.03181321858));
#9806=CARTESIAN_POINT('Ctrl Pts',(-3.8,3.00635275164754,-3.00718109598223));
#9807=CARTESIAN_POINT('Ctrl Pts',(-3.8,3.03422045567986,-2.98218226444876));
#9808=CARTESIAN_POINT('Ctrl Pts',(-3.8,3.05520505069279,-2.96335795244523));
#9809=CARTESIAN_POINT('Ctrl Pts',(-3.8,3.07602343710998,-2.94432194024784));
#9810=CARTESIAN_POINT('Ctrl Pts',(-3.8,3.09664970819609,-2.92509914972847));
#9811=CARTESIAN_POINT('Ctrl Pts',(-3.8,3.19333138490676,-2.83499601810995));
#9812=CARTESIAN_POINT('Ctrl Pts',(-3.8,3.28587925072685,-2.74071939781182));
#9813=CARTESIAN_POINT('Ctrl Pts',(-3.8,3.37405786910665,-2.64265563190217));
#9814=CARTESIAN_POINT('Ctrl Pts',(-3.8,3.46332782367488,-2.54337818700235));
#9815=CARTESIAN_POINT('Ctrl Pts',(-3.8,3.54812037488895,-2.44021878436302));
#9816=CARTESIAN_POINT('Ctrl Pts',(-3.8,3.62816671583707,-2.33353077717287));
#9817=CARTESIAN_POINT('Ctrl Pts',(-3.8,3.70866877529917,-2.22623537557194));
#9818=CARTESIAN_POINT('Ctrl Pts',(-3.8,3.78437111454676,-2.11537050925602));
#9819=CARTESIAN_POINT('Ctrl Pts',(-3.8,3.85496548254591,-2.00125591876647));
#9820=CARTESIAN_POINT('Ctrl Pts',(-3.8,3.90791125854527,-1.9156699758993));
#9821=CARTESIAN_POINT('Ctrl Pts',(-3.8,3.95798315103244,-1.82825518955579));
#9822=CARTESIAN_POINT('Ctrl Pts',(-3.8,4.00503480440039,-1.7391348866642));
#9823=CARTESIAN_POINT('Ctrl Pts',(-3.8,4.01875772582071,-1.71314236937746));
#9824=CARTESIAN_POINT('Ctrl Pts',(-3.8,4.0322236340567,-1.68700471981107));
#9825=CARTESIAN_POINT('Ctrl Pts',(-3.8,4.04542863917922,-1.6607248700026));
#9826=CARTESIAN_POINT('Ctrl Pts',(-3.8,4.05399889717135,-1.64366883020834));
#9827=CARTESIAN_POINT('Ctrl Pts',(-3.8,4.06246020180386,-1.62655093914414));
#9828=CARTESIAN_POINT('Ctrl Pts',(-3.8,4.07080844303764,-1.60937820807224));
#9829=CARTESIAN_POINT('Ctrl Pts',(-3.8,4.13038344226994,-1.48682958833611));
#9830=CARTESIAN_POINT('Ctrl Pts',(-3.8,4.18403674345425,-1.36183766228015));
#9831=CARTESIAN_POINT('Ctrl Pts',(-3.8,4.23150037546667,-1.23476387854855));
#9832=CARTESIAN_POINT('Ctrl Pts',(-3.8,4.27254878160005,-1.1248654982022));
#9833=CARTESIAN_POINT('Ctrl Pts',(-3.8,4.30896741480793,-1.01340908017651));
#9834=CARTESIAN_POINT('Ctrl Pts',(-3.8,4.34055922175115,-0.900607766962262));
#9835=CARTESIAN_POINT('Ctrl Pts',(-3.8,4.37613626555721,-0.773576816538356));
#9836=CARTESIAN_POINT('Ctrl Pts',(-3.8,4.405593353887,-0.644840273338379));
#9837=CARTESIAN_POINT('Ctrl Pts',(-3.8,4.42905631941781,-0.514832930882676));
#9838=CARTESIAN_POINT('Ctrl Pts',(-3.8,4.45284730322947,-0.38300805240767));
#9839=CARTESIAN_POINT('Ctrl Pts',(-3.8,4.47047547934119,-0.249875822544684));
#9840=CARTESIAN_POINT('Ctrl Pts',(-3.8,4.48202055754885,-0.115875008539314));
#9841=CARTESIAN_POINT('Ctrl Pts',(-3.8,4.48572379437096,-0.0728924717655052));
#9842=CARTESIAN_POINT('Ctrl Pts',(-3.8,4.48880075022238,-0.0298205056308817));
#9843=CARTESIAN_POINT('Ctrl Pts',(-3.8,4.49125293370532,0.0133265133843919));
#9844=CARTESIAN_POINT('Ctrl Pts',(-3.8,4.49251846680266,0.0355940072304032));
#9845=CARTESIAN_POINT('Ctrl Pts',(-3.8,4.49361762096014,0.0578841959090905));
#9846=CARTESIAN_POINT('Ctrl Pts',(-3.8,4.4945497794446,0.0801710459165392));
#9847=CARTESIAN_POINT('Ctrl Pts',(-3.8,4.50019212377624,0.215073086617219));
#9848=CARTESIAN_POINT('Ctrl Pts',(-3.8,4.49973196265942,0.350032967369924));
#9849=CARTESIAN_POINT('Ctrl Pts',(-3.8,4.49333523727696,0.484594774901703));
#9850=CARTESIAN_POINT('Ctrl Pts',(-3.8,4.48672308024025,0.623688412559219));
#9851=CARTESIAN_POINT('Ctrl Pts',(-3.8,4.47376798265663,0.762357496168334));
#9852=CARTESIAN_POINT('Ctrl Pts',(-3.8,4.4545985430199,0.900115498175967));
#9853=CARTESIAN_POINT('Ctrl Pts',(-3.8,4.43542910338316,1.0378735001836));
#9854=CARTESIAN_POINT('Ctrl Pts',(-3.8,4.41004525933133,1.1747213474372));
#9855=CARTESIAN_POINT('Ctrl Pts',(-3.8,4.37852104472734,1.31017610509693));
#9856=CARTESIAN_POINT('Ctrl Pts',(-3.8,4.35677276453525,1.40362515878289));
#9857=CARTESIAN_POINT('Ctrl Pts',(-3.8,4.33210082674257,1.49641123290037));
#9858=CARTESIAN_POINT('Ctrl Pts',(-3.8,4.30455239223471,1.58842083049184));
#9859=CARTESIAN_POINT('Ctrl Pts',(-3.8,4.29249995213751,1.62867502943811));
#9860=CARTESIAN_POINT('Ctrl Pts',(-3.8,4.27989677910607,1.66878056568995));
#9861=CARTESIAN_POINT('Ctrl Pts',(-3.8,4.26674611714595,1.70872770846215));
#9862=CARTESIAN_POINT('Ctrl Pts',(-3.8,4.25938772538245,1.73107994648956));
#9863=CARTESIAN_POINT('Ctrl Pts',(-3.8,4.25185791216936,1.75338259011985));
#9864=CARTESIAN_POINT('Ctrl Pts',(-3.8,4.24415718853435,1.77563391095216));
#9865=CARTESIAN_POINT('Ctrl Pts',(-3.8,4.23822296509305,1.79278091114868));
#9866=CARTESIAN_POINT('Ctrl Pts',(-3.8,4.2321889681452,1.80989237526726));
#9867=CARTESIAN_POINT('Ctrl Pts',(-3.8,4.22605822476596,1.826960495656));
#9868=CARTESIAN_POINT('Ctrl Pts',(-3.8,4.17904916037228,1.95783473403146));
#9869=CARTESIAN_POINT('Ctrl Pts',(-3.8,4.12631211801148,2.08628854293193));
#9870=CARTESIAN_POINT('Ctrl Pts',(-3.8,4.06807872323733,2.21199950806331));
#9871=CARTESIAN_POINT('Ctrl Pts',(-3.8,4.00918183247196,2.33914279088356));
#9872=CARTESIAN_POINT('Ctrl Pts',(-3.8,3.9446624826146,2.46348107924117));
#9873=CARTESIAN_POINT('Ctrl Pts',(-3.8,3.87470784220765,2.5846740964109));
#9874=CARTESIAN_POINT('Ctrl Pts',(-3.8,3.80492437866625,2.70557055797424));
#9875=CARTESIAN_POINT('Ctrl Pts',(-3.8,3.729731936471,2.82333782586756));
#9876=CARTESIAN_POINT('Ctrl Pts',(-3.8,3.64926759517294,2.93762088364232));
#9877=CARTESIAN_POINT('Ctrl Pts',(-3.8,3.56999103552547,3.05021694172496));
#9878=CARTESIAN_POINT('Ctrl Pts',(-3.8,3.48559674859135,3.15943151967647));
#9879=CARTESIAN_POINT('Ctrl Pts',(-3.8,3.39617291360451,3.26489858209609));
#9880=CARTESIAN_POINT('Ctrl Pts',(-3.8,3.37612372944074,3.28854472250121));
#9881=CARTESIAN_POINT('Ctrl Pts',(-3.8,3.35582156049391,3.31200235671535));
#9882=CARTESIAN_POINT('Ctrl Pts',(-3.8,3.33526712336508,3.33526712336509));
#9883=CARTESIAN_POINT('Ctrl Pts',(-3.8,1.43565803962144,-3.8820561939099));
#9884=CARTESIAN_POINT('Ctrl Pts',(-3.81986232424647,0.980655227810385,-4.0490547763069));
#9885=CARTESIAN_POINT('Ctrl Pts',(-3.83972464849295,0.492757473976604,-4.12947670445161));
#9886=CARTESIAN_POINT('Ctrl Pts',(-3.85958697273942,0.00379452541638108,
-4.12696394339489));
#9887=CARTESIAN_POINT('Origin',(-2.02062136059392,0.,0.));
#9888=CARTESIAN_POINT('Origin',(-3.8,0.,0.));
#9889=CARTESIAN_POINT('Ctrl Pts',(-3.46271197273942,-4.28416460097611,-1.97330870371141));
#9890=CARTESIAN_POINT('Ctrl Pts',(-3.49050377425453,-4.60975315151879,-1.26643757903914));
#9891=CARTESIAN_POINT('Ctrl Pts',(-3.54608737728475,-4.89659820875924,0.305111737180555));
#9892=CARTESIAN_POINT('Ctrl Pts',(-3.65725458334518,-3.94008930627216,3.38235080345418));
#9893=CARTESIAN_POINT('Ctrl Pts',(-3.79621359092072,-0.131584709990503,
5.55904529432081));
#9894=CARTESIAN_POINT('Ctrl Pts',(-3.96296440001137,4.58245270929825,3.15512780485232));
#9895=CARTESIAN_POINT('Ctrl Pts',(-4.12971520910202,5.14849907300469,-2.09713244258411));
#9896=CARTESIAN_POINT('Ctrl Pts',(-4.29646601819267,1.07368599503196,-5.4562794308622));
#9897=CARTESIAN_POINT('Ctrl Pts',(-4.46321682728332,-3.97336379534216,-3.8908245473232));
#9898=CARTESIAN_POINT('Ctrl Pts',(-4.62996763637398,-5.43249287957036,1.1864946586618));
#9899=CARTESIAN_POINT('Ctrl Pts',(-4.79671844546463,-1.98919388403301,5.19286628283525));
#9900=CARTESIAN_POINT('Ctrl Pts',(-4.96346925455528,3.24995617643935,4.51226618586802));
#9901=CARTESIAN_POINT('Ctrl Pts',(-5.13022006364592,5.55552413829334,-0.241037673077594));
#9902=CARTESIAN_POINT('Ctrl Pts',(-5.29697087273659,2.8468901320866,-4.7767797853729));
#9903=CARTESIAN_POINT('Ctrl Pts',(-5.46372168182722,-2.4313590603123,-5.00108570704735));
#9904=CARTESIAN_POINT('Ctrl Pts',(-5.63047249091788,-5.51507373905795,-0.711496605894559));
#9905=CARTESIAN_POINT('Ctrl Pts',(-5.79722330000853,-3.62099460764634,4.22027630376897));
#9906=CARTESIAN_POINT('Ctrl Pts',(-5.96397410909918,1.54134028906182,5.34290108677737));
#9907=CARTESIAN_POINT('Ctrl Pts',(-6.13072491818983,5.31248361518244,1.64311541674507));
#9908=CARTESIAN_POINT('Ctrl Pts',(-6.29747572728048,4.28867327776715,-3.53971774960004));
#9909=CARTESIAN_POINT('Ctrl Pts',(-6.46422653637113,-0.606020694524313,
-5.52766285704392));
#9910=CARTESIAN_POINT('Ctrl Pts',(-6.63097734546178,-4.95373023274308,-2.52643489951175));
#9911=CARTESIAN_POINT('Ctrl Pts',(-6.79772815455243,-4.83028873178045,2.75510955358544));
#9912=CARTESIAN_POINT('Ctrl Pts',(-6.96447896364308,-0.34711186922307,5.54993971121935));
#9913=CARTESIAN_POINT('Ctrl Pts',(-7.13122977273373,4.4493620849754,3.33549012119824));
#9914=CARTESIAN_POINT('Ctrl Pts',(-7.29798058182438,5.22991870398438,-1.88951524287062));
#9915=CARTESIAN_POINT('Ctrl Pts',(-7.46473139091503,1.29004099185419,-5.40907679208401));
#9916=CARTESIAN_POINT('Ctrl Pts',(-7.63148220000569,-3.8142054258294,-4.04649901537134));
#9917=CARTESIAN_POINT('Ctrl Pts',(-7.79823300909633,-5.47581590762765,0.968378848228844));
#9918=CARTESIAN_POINT('Ctrl Pts',(-7.96498381818699,-2.19504949708732,5.10921477234611));
#9919=CARTESIAN_POINT('Ctrl Pts',(-8.13173462727764,3.0669306549498,4.63856150956231));
#9920=CARTESIAN_POINT('Ctrl Pts',(-8.29848543636828,5.56075221256162,-0.0187769493197355));
#9921=CARTESIAN_POINT('Ctrl Pts',(-8.46523624545895,3.0355347547881,-4.65916827156319));
#9922=CARTESIAN_POINT('Ctrl Pts',(-8.63198705454958,-2.22950376355575,-5.09427358929789));
#9923=CARTESIAN_POINT('Ctrl Pts',(-8.79873786364025,-5.48223104851551,-0.93137781832323));
#9924=CARTESIAN_POINT('Ctrl Pts',(-8.96548867273088,-3.78679056519304,4.07216788014967));
#9925=CARTESIAN_POINT('Ctrl Pts',(-9.13223948182155,1.32654034346272,5.4002367063502));
#9926=CARTESIAN_POINT('Ctrl Pts',(-9.29899029091218,5.24256143691598,1.85416145725163));
#9927=CARTESIAN_POINT('Ctrl Pts',(-9.46574110000284,4.42673211906697,-3.36547935488246));
#9928=CARTESIAN_POINT('Ctrl Pts',(-9.63249190909349,-0.38457954014484,-5.54743600128064));
#9929=CARTESIAN_POINT('Ctrl Pts',(-9.79924271818415,-4.84879489564405,-2.72248954835099));
#9930=CARTESIAN_POINT('Ctrl Pts',(-9.96599352727479,-4.93653596412061,2.55995414307081));
#9931=CARTESIAN_POINT('Ctrl Pts',(-10.1327443363654,-0.568713823650042,
5.53139340929616));
#9932=CARTESIAN_POINT('Ctrl Pts',(-10.2994951454561,4.31255240228692,3.51112906138723));
#9933=CARTESIAN_POINT('Ctrl Pts',(-10.4662459545467,5.30112725069371,-1.67983234744727));
#9934=CARTESIAN_POINT('Ctrl Pts',(-10.6329967636374,1.50549045211722,-5.35149564935382));
#9935=CARTESIAN_POINT('Ctrl Pts',(-10.799747572728,-3.64993579016298,-4.19900857650879));
#9936=CARTESIAN_POINT('Ctrl Pts',(-10.9664983818187,-5.50907555026929,0.755238837480446));
#9937=CARTESIAN_POINT('Ctrl Pts',(-11.1054573893942,-2.91832283030364,4.29511263614308));
#9938=CARTESIAN_POINT('Ctrl Pts',(-11.2166245954547,0.246889225607676,4.89987886589744));
#9939=CARTESIAN_POINT('Ctrl Pts',(-11.2722081984849,1.77626753465403,4.43830619773738));
#9940=CARTESIAN_POINT('Ctrl Pts',(-11.3,2.44208859994237,4.03537071883508));
#9941=CARTESIAN_POINT('Ctrl Pts',(-3.57514131515961,-4.10729189262492,-1.89184020580194));
#9942=CARTESIAN_POINT('Ctrl Pts',(-3.60293311667472,-4.41943844592745,-1.21415241602011));
#9943=CARTESIAN_POINT('Ctrl Pts',(-3.65851671970494,-4.69444103984619,0.292515129829721));
#9944=CARTESIAN_POINT('Ctrl Pts',(-3.76968392576538,-3.77742182459156,3.24270968250741));
#9945=CARTESIAN_POINT('Ctrl Pts',(-3.90864293334091,-0.126152205359771,
5.32953884705932));
#9946=CARTESIAN_POINT('Ctrl Pts',(-4.07539374243157,4.39326510866308,3.02486763699806));
#9947=CARTESIAN_POINT('Ctrl Pts',(-4.24214455152221,4.93594211971244,-2.01055185349879));
#9948=CARTESIAN_POINT('Ctrl Pts',(-4.40889536061287,1.02935862492653,-5.23101569560851));
#9949=CARTESIAN_POINT('Ctrl Pts',(-4.57564616970352,-3.80932256882472,-3.7301909724023));
#9950=CARTESIAN_POINT('Ctrl Pts',(-4.74239697879416,-5.20821117748793,1.1375099572631));
#9951=CARTESIAN_POINT('Ctrl Pts',(-4.90914778788482,-1.90706956284694,4.97847761921075));
#9952=CARTESIAN_POINT('Ctrl Pts',(-5.07589859697547,3.11578099773157,4.32597625178982));
#9953=CARTESIAN_POINT('Ctrl Pts',(-5.24264940606612,5.32616306275798,-0.231086378012467));
#9954=CARTESIAN_POINT('Ctrl Pts',(-5.40940021515677,2.72935562654362,-4.57956934727637));
#9955=CARTESIAN_POINT('Ctrl Pts',(-5.57615102424742,-2.33097984942165,-4.79461474804162));
#9956=CARTESIAN_POINT('Ctrl Pts',(-5.74290183333807,-5.28738266744005,-0.682122306961554));
#9957=CARTESIAN_POINT('Ctrl Pts',(-5.90965264242872,-3.47150102305494,4.046041238275));
#9958=CARTESIAN_POINT('Ctrl Pts',(-6.07640345151937,1.47770570523769,5.12231820220391));
#9959=CARTESIAN_POINT('Ctrl Pts',(-6.24315426061002,5.09315652283063,1.57527902366459));
#9960=CARTESIAN_POINT('Ctrl Pts',(-6.40990506970068,4.11161442767085,-3.39357969854853));
#9961=CARTESIAN_POINT('Ctrl Pts',(-6.57665587879132,-0.581000992542515,
-5.29945204083137));
#9962=CARTESIAN_POINT('Ctrl Pts',(-6.74340668788198,-4.74921435524697,-2.42213046101099));
#9963=CARTESIAN_POINT('Ctrl Pts',(-6.91015749697262,-4.63086916468127,2.64136423006639));
#9964=CARTESIAN_POINT('Ctrl Pts',(-7.07690830606328,-0.332781276883937,
5.3208091900238));
#9965=CARTESIAN_POINT('Ctrl Pts',(-7.24365911515392,4.26566916098611,3.19778365415899));
#9966=CARTESIAN_POINT('Ctrl Pts',(-7.41040992424459,5.01400032273928,-1.81150617701884));
#9967=CARTESIAN_POINT('Ctrl Pts',(-7.57716073333522,1.23678135657749,-5.18576182849053));
#9968=CARTESIAN_POINT('Ctrl Pts',(-7.74391154242589,-3.65673508873718,-3.87943838468826));
#9969=CARTESIAN_POINT('Ctrl Pts',(-7.91066235151652,-5.24974560449458,0.92839910759114));
#9970=CARTESIAN_POINT('Ctrl Pts',(-8.07741316060719,-2.10442638017292,4.8982796803268));
#9971=CARTESIAN_POINT('Ctrl Pts',(-8.24416396969783,2.94031172645609,4.44705744436766));
#9972=CARTESIAN_POINT('Ctrl Pts',(-8.41091477878847,5.33117529479297,-0.0180017387034105));
#9973=CARTESIAN_POINT('Ctrl Pts',(-8.57766558787914,2.91021201316159,-4.4668134515202));
#9974=CARTESIAN_POINT('Ctrl Pts',(-8.74441639696978,-2.13745819442672,-4.88395534741339));
#9975=CARTESIAN_POINT('Ctrl Pts',(-8.91116720606043,-5.2558958948342,-0.892925673606957));
#9976=CARTESIAN_POINT('Ctrl Pts',(-9.07791801515109,-3.63045205684724,3.90404750455563));
#9977=CARTESIAN_POINT('Ctrl Pts',(-9.24466882424172,1.27177382416701,5.17728670770353));
#9978=CARTESIAN_POINT('Ctrl Pts',(-9.41141963333239,5.02612109757104,1.77761198046687));
#9979=CARTESIAN_POINT('Ctrl Pts',(-9.57817044242303,4.24397347835876,-3.22653477552095));
#9980=CARTESIAN_POINT('Ctrl Pts',(-9.74492125151369,-0.368702086503967,
-5.31840884631842));
#9981=CARTESIAN_POINT('Ctrl Pts',(-9.91167206060433,-4.6486112973676,-2.61009094915502));
#9982=CARTESIAN_POINT('Ctrl Pts',(-10.078422869695,-4.73272995590884,2.45426585498855));
#9983=CARTESIAN_POINT('Ctrl Pts',(-10.2451736787856,-0.545234344303511,
5.30302857638679));
#9984=CARTESIAN_POINT('Ctrl Pts',(-10.4119244878763,4.13450769711263,3.36617130082017));
#9985=CARTESIAN_POINT('Ctrl Pts',(-10.5786752969669,5.08226900842849,-1.61048008754549));
#9986=CARTESIAN_POINT('Ctrl Pts',(-10.7454261060576,1.44333593695172,-5.13055793631282));
#9987=CARTESIAN_POINT('Ctrl Pts',(-10.9121769151482,-3.49924736227976,-4.025651553964));
#9988=CARTESIAN_POINT('Ctrl Pts',(-11.0789277242389,-5.28163211523752,0.72405863058393));
#9989=CARTESIAN_POINT('Ctrl Pts',(-11.2178867318144,-2.79783920959463,4.11778793567407));
#9990=CARTESIAN_POINT('Ctrl Pts',(-11.3290539378749,0.236696347867638,4.6975862543095));
#9991=CARTESIAN_POINT('Ctrl Pts',(-11.3846375409051,1.70293392615099,4.25506971856315));
#9992=CARTESIAN_POINT('Ctrl Pts',(-11.4124293424202,2.34126641757174,3.86876952240139));
#9993=CARTESIAN_POINT('Ctrl Pts',(-3.68757065757981,-3.93041918427373,-1.81037170789247));
#9994=CARTESIAN_POINT('Ctrl Pts',(-3.71536245909491,-4.22912374033612,-1.16186725300108));
#9995=CARTESIAN_POINT('Ctrl Pts',(-3.77094606212513,-4.49228387093313,0.279918522478882));
#9996=CARTESIAN_POINT('Ctrl Pts',(-3.88211326818556,-3.61475434291096,3.10306856156065));
#9997=CARTESIAN_POINT('Ctrl Pts',(-4.02107227576111,-0.12071970072903,5.10003239979782));
#9998=CARTESIAN_POINT('Ctrl Pts',(-4.18782308485176,4.2040775080279,2.89460746914381));
#9999=CARTESIAN_POINT('Ctrl Pts',(-4.35457389394241,4.7233851664202,-1.92397126441347));
#10000=CARTESIAN_POINT('Ctrl Pts',(-4.52132470303306,0.985031254821091,
-5.00575196035482));
#10001=CARTESIAN_POINT('Ctrl Pts',(-4.68807551212371,-3.64528134230727,
-3.5695573974814));
#10002=CARTESIAN_POINT('Ctrl Pts',(-4.85482632121436,-4.98392947540551,
1.08852525586439));
#10003=CARTESIAN_POINT('Ctrl Pts',(-5.02157713030501,-1.82494524166086,
4.76408895558624));
#10004=CARTESIAN_POINT('Ctrl Pts',(-5.18832793939566,2.98160581902379,4.13968631771162));
#10005=CARTESIAN_POINT('Ctrl Pts',(-5.35507874848631,5.09680198722263,-0.22113508294734));
#10006=CARTESIAN_POINT('Ctrl Pts',(-5.52182955757697,2.61182112100064,-4.38235890917984));
#10007=CARTESIAN_POINT('Ctrl Pts',(-5.68858036666761,-2.230600638531,-4.5881437890359));
#10008=CARTESIAN_POINT('Ctrl Pts',(-5.85533117575827,-5.05969159582215,
-0.652748008028551));
#10009=CARTESIAN_POINT('Ctrl Pts',(-6.02208198484892,-3.32200743846354,
3.87180617278105));
#10010=CARTESIAN_POINT('Ctrl Pts',(-6.18883279393956,1.41407112141357,4.90173531763043));
#10011=CARTESIAN_POINT('Ctrl Pts',(-6.35558360303022,4.87382943047881,1.5074426305841));
#10012=CARTESIAN_POINT('Ctrl Pts',(-6.52233441212086,3.93455557757456,-3.24744164749701));
#10013=CARTESIAN_POINT('Ctrl Pts',(-6.68908522121152,-0.555981290560726,
-5.07124122461882));
#10014=CARTESIAN_POINT('Ctrl Pts',(-6.85583603030217,-4.54469847775084,
-2.31782602251023));
#10015=CARTESIAN_POINT('Ctrl Pts',(-7.02258683939282,-4.4314495975821,2.52761890654734));
#10016=CARTESIAN_POINT('Ctrl Pts',(-7.18933764848346,-0.318450684544798,
5.09167866882824));
#10017=CARTESIAN_POINT('Ctrl Pts',(-7.35608845757413,4.08197623699682,3.06007718711975));
#10018=CARTESIAN_POINT('Ctrl Pts',(-7.52283926666476,4.79808194149419,-1.73349711116707));
#10019=CARTESIAN_POINT('Ctrl Pts',(-7.68959007575542,1.18352172130079,-4.96244686489704));
#10020=CARTESIAN_POINT('Ctrl Pts',(-7.85634088484608,-3.49926475164496,
-3.71237775400518));
#10021=CARTESIAN_POINT('Ctrl Pts',(-8.02309169393671,-5.0236753013615,0.888419366953448));
#10022=CARTESIAN_POINT('Ctrl Pts',(-8.18984250302738,-2.01380326325852,
4.68734458830748));
#10023=CARTESIAN_POINT('Ctrl Pts',(-8.35659331211802,2.81369279796239,4.25555337917303));
#10024=CARTESIAN_POINT('Ctrl Pts',(-8.52334412120867,5.10159837702431,-0.0172265280870948));
#10025=CARTESIAN_POINT('Ctrl Pts',(-8.69009493029933,2.78488927153509,-4.27445863147721));
#10026=CARTESIAN_POINT('Ctrl Pts',(-8.85684573938997,-2.04541262529769,
-4.6736371055289));
#10027=CARTESIAN_POINT('Ctrl Pts',(-9.02359654848063,-5.02956074115289,
-0.854473528890683));
#10028=CARTESIAN_POINT('Ctrl Pts',(-9.19034735757128,-3.47411354850145,
3.73592712896159));
#10029=CARTESIAN_POINT('Ctrl Pts',(-9.35709816666192,1.2170073048713,4.95433670905686));
#10030=CARTESIAN_POINT('Ctrl Pts',(-9.52384897575257,4.80968075822609,1.70106250368212));
#10031=CARTESIAN_POINT('Ctrl Pts',(-9.69059978484323,4.06121483765056,-3.08759019615945));
#10032=CARTESIAN_POINT('Ctrl Pts',(-9.85735059393388,-0.352824632863097,
-5.08938169135619));
#10033=CARTESIAN_POINT('Ctrl Pts',(-10.0241014030245,-4.44842769909115,
-2.49769234995905));
#10034=CARTESIAN_POINT('Ctrl Pts',(-10.1908522121152,-4.52892394769707,
2.34857756690629));
#10035=CARTESIAN_POINT('Ctrl Pts',(-10.3576030212058,-0.521754864956979,
5.07466374347741));
#10036=CARTESIAN_POINT('Ctrl Pts',(-10.5243538302965,3.95646299193834,3.22121354025312));
#10037=CARTESIAN_POINT('Ctrl Pts',(-10.6911046393871,4.86341076616326,-1.5411278276437));
#10038=CARTESIAN_POINT('Ctrl Pts',(-10.8578554484778,1.38118142178623,-4.90962022327183));
#10039=CARTESIAN_POINT('Ctrl Pts',(-11.0246062575684,-3.34855893439653,
-3.85229453141921));
#10040=CARTESIAN_POINT('Ctrl Pts',(-11.1913570666591,-5.05418868020576,
0.692878423687417));
#10041=CARTESIAN_POINT('Ctrl Pts',(-11.3303160742346,-2.67735558888564,
3.94046323520505));
#10042=CARTESIAN_POINT('Ctrl Pts',(-11.4414832802951,0.226503470127605,
4.49529364272156));
#10043=CARTESIAN_POINT('Ctrl Pts',(-11.4970668833253,1.62960031764796,4.07183323938893));
#10044=CARTESIAN_POINT('Ctrl Pts',(-11.5248586848404,2.24044423520112,3.7021683259677));
#10045=CARTESIAN_POINT('Ctrl Pts',(-3.8,-3.75354647592253,-1.72890320998301));
#10046=CARTESIAN_POINT('Ctrl Pts',(-3.82779180151511,-4.03880903474479,
-1.10958208998205));
#10047=CARTESIAN_POINT('Ctrl Pts',(-3.88337540454532,-4.29012670202008,
0.267321915128047));
#10048=CARTESIAN_POINT('Ctrl Pts',(-3.99454261060576,-3.45208686123036,
2.96342744061388));
#10049=CARTESIAN_POINT('Ctrl Pts',(-4.1335016181813,-0.115287196098296,
4.87052595253633));
#10050=CARTESIAN_POINT('Ctrl Pts',(-4.30025242727195,4.01488990739272,2.76434730128955));
#10051=CARTESIAN_POINT('Ctrl Pts',(-4.4670032363626,4.51082821312795,-1.83739067532815));
#10052=CARTESIAN_POINT('Ctrl Pts',(-4.63375404545325,0.940703884715662,
-4.78048822510113));
#10053=CARTESIAN_POINT('Ctrl Pts',(-4.80050485454391,-3.48124011578984,
-3.40892382256049));
#10054=CARTESIAN_POINT('Ctrl Pts',(-4.96725566363455,-4.75964777332308,
1.03954055446569));
#10055=CARTESIAN_POINT('Ctrl Pts',(-5.13400647272521,-1.74282092047479,
4.54970029196174));
#10056=CARTESIAN_POINT('Ctrl Pts',(-5.30075728181585,2.84743064031601,3.95339638363342));
#10057=CARTESIAN_POINT('Ctrl Pts',(-5.46750809090652,4.86744091168727,-0.211183787882214));
#10058=CARTESIAN_POINT('Ctrl Pts',(-5.63425889999715,2.49428661545766,-4.18514847108331));
#10059=CARTESIAN_POINT('Ctrl Pts',(-5.80100970908781,-2.13022142764035,
-4.38167283003017));
#10060=CARTESIAN_POINT('Ctrl Pts',(-5.96776051817846,-4.83200052420425,
-0.623373709095541));
#10061=CARTESIAN_POINT('Ctrl Pts',(-6.13451132726911,-3.17251385387215,
3.69757110728708));
#10062=CARTESIAN_POINT('Ctrl Pts',(-6.30126213635975,1.35043653758945,4.68115243305697));
#10063=CARTESIAN_POINT('Ctrl Pts',(-6.46801294545041,4.654502338127,1.43960623750361));
#10064=CARTESIAN_POINT('Ctrl Pts',(-6.63476375454106,3.75749672747826,-3.10130359644549));
#10065=CARTESIAN_POINT('Ctrl Pts',(-6.80151456363171,-0.530961588578934,
-4.84303040840628));
#10066=CARTESIAN_POINT('Ctrl Pts',(-6.96826537272236,-4.34018260025472,
-2.21352158400947));
#10067=CARTESIAN_POINT('Ctrl Pts',(-7.13501618181301,-4.23203003048292,
2.41387358302829));
#10068=CARTESIAN_POINT('Ctrl Pts',(-7.30176699090366,-0.30412009220566,
4.86254814763268));
#10069=CARTESIAN_POINT('Ctrl Pts',(-7.46851779999432,3.89828331300753,2.92237072008051));
#10070=CARTESIAN_POINT('Ctrl Pts',(-7.63526860908495,4.5821635602491,-1.6554880453153));
#10071=CARTESIAN_POINT('Ctrl Pts',(-7.80201941817561,1.13026208602409,-4.73913190130355));
#10072=CARTESIAN_POINT('Ctrl Pts',(-7.96877022726628,-3.34179441455274,
-3.54531712332211));
#10073=CARTESIAN_POINT('Ctrl Pts',(-8.1355210363569,-4.79760499822843,0.84843962631575));
#10074=CARTESIAN_POINT('Ctrl Pts',(-8.30227184544757,-1.92318014634412,
4.47640949628817));
#10075=CARTESIAN_POINT('Ctrl Pts',(-8.46902265453821,2.68707386946868,4.06404931397838));
#10076=CARTESIAN_POINT('Ctrl Pts',(-8.63577346362886,4.87202145925566,-0.0164513174707742));
#10077=CARTESIAN_POINT('Ctrl Pts',(-8.80252427271952,2.65956652990858,-4.08210381143421));
#10078=CARTESIAN_POINT('Ctrl Pts',(-8.96927508181016,-1.95336705616867,
-4.4633188636444));
#10079=CARTESIAN_POINT('Ctrl Pts',(-9.13602589090082,-4.80322558747158,
-0.816021384174412));
#10080=CARTESIAN_POINT('Ctrl Pts',(-9.30277669999147,-3.31777504015566,
3.56780675336755));
#10081=CARTESIAN_POINT('Ctrl Pts',(-9.46952750908211,1.16224078557559,4.7313867104102));
#10082=CARTESIAN_POINT('Ctrl Pts',(-9.63627831817277,4.59324041888115,1.62451302689736));
#10083=CARTESIAN_POINT('Ctrl Pts',(-9.80302912726341,3.87845619694235,-2.94864561679795));
#10084=CARTESIAN_POINT('Ctrl Pts',(-9.96977993635408,-0.336947179222228,
-4.86035453639397));
#10085=CARTESIAN_POINT('Ctrl Pts',(-10.1365307454447,-4.24824410081469,
-2.38529375076308));
#10086=CARTESIAN_POINT('Ctrl Pts',(-10.3032815545354,-4.32511793948531,
2.24288927882403));
#10087=CARTESIAN_POINT('Ctrl Pts',(-10.470032363626,-0.498275385610444,
4.84629891056804));
#10088=CARTESIAN_POINT('Ctrl Pts',(-10.6367831727167,3.77841828676405,3.07625577968606));
#10089=CARTESIAN_POINT('Ctrl Pts',(-10.8035339818073,4.64455252389804,-1.47177556774192));
#10090=CARTESIAN_POINT('Ctrl Pts',(-10.970284790898,1.31902690662073,-4.68868251023083));
#10091=CARTESIAN_POINT('Ctrl Pts',(-11.1370355999886,-3.1978705065133,-3.67893750887442));
#10092=CARTESIAN_POINT('Ctrl Pts',(-11.3037864090793,-4.826745245174,0.661698216790905));
#10093=CARTESIAN_POINT('Ctrl Pts',(-11.4427454166548,-2.55687196817663,
3.76313853473603));
#10094=CARTESIAN_POINT('Ctrl Pts',(-11.5539126227152,0.216310592387564,
4.29300103113362));
#10095=CARTESIAN_POINT('Ctrl Pts',(-11.6094962257455,1.55626670914492,3.8885967602147));
#10096=CARTESIAN_POINT('Ctrl Pts',(-11.6372880272606,2.1396220528305,3.53556712953401));
#10097=CARTESIAN_POINT('',(-11.3,2.44208859994237,4.03537071883508));
#10098=CARTESIAN_POINT('Ctrl Pts',(-11.3,-4.11260394977366,0.466859129863708));
#10099=CARTESIAN_POINT('Ctrl Pts',(-11.3,-4.11137920503248,0.49775657563523));
#10100=CARTESIAN_POINT('Ctrl Pts',(-11.3,-4.10977852041037,0.528616638356239));
#10101=CARTESIAN_POINT('Ctrl Pts',(-11.3,-4.10780006581301,0.559433386362686));
#10102=CARTESIAN_POINT('Ctrl Pts',(-11.3,-4.09994239003523,0.681825891444459));
#10103=CARTESIAN_POINT('Ctrl Pts',(-11.3,-4.08613005986173,0.803534354436146));
#10104=CARTESIAN_POINT('Ctrl Pts',(-11.3,-4.06669299668385,0.924276436593407));
#10105=CARTESIAN_POINT('Ctrl Pts',(-11.3,-4.04677981760887,1.04797612732752));
#10106=CARTESIAN_POINT('Ctrl Pts',(-11.3,-4.02096286598052,1.17066208100904));
#10107=CARTESIAN_POINT('Ctrl Pts',(-11.3,-3.98954227306735,1.29203704969714));
#10108=CARTESIAN_POINT('Ctrl Pts',(-11.3,-3.9575021660584,1.41580514649024));
#10109=CARTESIAN_POINT('Ctrl Pts',(-11.3,-3.919635089374,1.53821072672755));
#10110=CARTESIAN_POINT('Ctrl Pts',(-11.3,-3.87620539406721,1.65893559296538));
#10111=CARTESIAN_POINT('Ctrl Pts',(-11.3,-3.8323636079444,1.78080597975755));
#10112=CARTESIAN_POINT('Ctrl Pts',(-11.3,-3.78285284813744,1.90096435332245));
#10113=CARTESIAN_POINT('Ctrl Pts',(-11.3,-3.72789438064592,2.01906950933584));
#10114=CARTESIAN_POINT('Ctrl Pts',(-11.3,-3.72131432167917,2.03320998534102));
#10115=CARTESIAN_POINT('Ctrl Pts',(-11.3,-3.71465680149294,2.04731945071172));
#10116=CARTESIAN_POINT('Ctrl Pts',(-11.3,-3.70792635146633,2.06138888383302));
#10117=CARTESIAN_POINT('Ctrl Pts',(-11.3,-3.65134421843152,2.1796690186598));
#10118=CARTESIAN_POINT('Ctrl Pts',(-11.3,-3.58953456387818,2.29528774153493));
#10119=CARTESIAN_POINT('Ctrl Pts',(-11.3,-3.52282216910345,2.4079285365862));
#10120=CARTESIAN_POINT('Ctrl Pts',(-11.3,-3.45515933153014,2.52217411037231));
#10121=CARTESIAN_POINT('Ctrl Pts',(-11.3,-3.38245277281901,2.63335704577233));
#10122=CARTESIAN_POINT('Ctrl Pts',(-11.3,-3.30498803340895,2.74113792164957));
#10123=CARTESIAN_POINT('Ctrl Pts',(-11.3,-3.22728411665647,2.84925157788147));
#10124=CARTESIAN_POINT('Ctrl Pts',(-11.3,-3.14479219684813,2.95394290462087));
#10125=CARTESIAN_POINT('Ctrl Pts',(-11.3,-3.05775250553914,3.0548487137109));
#10126=CARTESIAN_POINT('Ctrl Pts',(-11.3,-2.97639269635008,3.14916979010912));
#10127=CARTESIAN_POINT('Ctrl Pts',(-11.3,-2.89105857443652,3.24018361333151));
#10128=CARTESIAN_POINT('Ctrl Pts',(-11.3,-2.80191326154477,3.32756826101282));
#10129=CARTESIAN_POINT('Ctrl Pts',(-11.3,-2.78442841120028,3.34470777668168));
#10130=CARTESIAN_POINT('Ctrl Pts',(-11.3,-2.76679685255204,3.36170758540757));
#10131=CARTESIAN_POINT('Ctrl Pts',(-11.3,-2.7490196879623,3.37856511782819));
#10132=CARTESIAN_POINT('Ctrl Pts',(-11.3,-2.7364584534372,3.39047654595166));
#10133=CARTESIAN_POINT('Ctrl Pts',(-11.3,-2.72383136210415,3.40231044455535));
#10134=CARTESIAN_POINT('Ctrl Pts',(-11.3,-2.71113981724659,3.41406541227435));
#10135=CARTESIAN_POINT('Ctrl Pts',(-11.3,-2.61137502618276,3.506468024534));
#10136=CARTESIAN_POINT('Ctrl Pts',(-11.3,-2.50761616182475,3.59400973739042));
#10137=CARTESIAN_POINT('Ctrl Pts',(-11.3,-2.40015290355799,3.67634427064677));
#10138=CARTESIAN_POINT('Ctrl Pts',(-11.3,-2.29341848162488,3.75812039537989));
#10139=CARTESIAN_POINT('Ctrl Pts',(-11.3,-2.18302925175625,3.83476045517142));
#10140=CARTESIAN_POINT('Ctrl Pts',(-11.3,-2.06922652462333,3.90589718198897));
#10141=CARTESIAN_POINT('Ctrl Pts',(-11.3,-2.01728947710929,3.93836241066844));
#10142=CARTESIAN_POINT('Ctrl Pts',(-11.3,-1.9646409220531,3.96968094869903));
#10143=CARTESIAN_POINT('Ctrl Pts',(-11.3,-1.91130124443291,3.99981530032494));
#10144=CARTESIAN_POINT('Ctrl Pts',(-11.3,-1.79591684558872,4.06500193440387));
#10145=CARTESIAN_POINT('Ctrl Pts',(-11.3,-1.67730013554102,4.12465030453613));
#10146=CARTESIAN_POINT('Ctrl Pts',(-11.3,-1.55589478249372,4.17875522258967));
#10147=CARTESIAN_POINT('Ctrl Pts',(-11.3,-1.48612560392252,4.20984821473959));
#10148=CARTESIAN_POINT('Ctrl Pts',(-11.3,-1.41543491844586,4.23910961546538));
#10149=CARTESIAN_POINT('Ctrl Pts',(-11.3,-1.34390358049132,4.26653149525029));
#10150=CARTESIAN_POINT('Ctrl Pts',(-11.3,-1.31882832535671,4.27614421397665));
#10151=CARTESIAN_POINT('Ctrl Pts',(-11.3,-1.29364356937725,4.28553297193369));
#10152=CARTESIAN_POINT('Ctrl Pts',(-11.3,-1.26838639637561,4.29468539563377));
#10153=CARTESIAN_POINT('Ctrl Pts',(-11.3,-1.14219284276323,4.34041406331971));
#10154=CARTESIAN_POINT('Ctrl Pts',(-11.3,-1.01407283940193,4.38029618636613));
#10155=CARTESIAN_POINT('Ctrl Pts',(-11.3,-0.8845115033984,4.41439074359371));
#10156=CARTESIAN_POINT('Ctrl Pts',(-11.3,-0.752929600508153,4.44901702066515));
#10157=CARTESIAN_POINT('Ctrl Pts',(-11.3,-0.619860335205594,4.4776740512593));
#10158=CARTESIAN_POINT('Ctrl Pts',(-11.3,-0.485780860536974,4.50037851788494));
#10159=CARTESIAN_POINT('Ctrl Pts',(-11.3,-0.350434395837256,4.52329753138994));
#10160=CARTESIAN_POINT('Ctrl Pts',(-11.3,-0.2140577195423,4.54015117908686));
#10161=CARTESIAN_POINT('Ctrl Pts',(-11.3,-0.0771220457968567,4.55090748655856));
#10162=CARTESIAN_POINT('Ctrl Pts',(-11.3,0.0238200529641229,4.55883649600815));
#10163=CARTESIAN_POINT('Ctrl Pts',(-11.3,0.125066376420551,4.56345126657217));
#10164=CARTESIAN_POINT('Ctrl Pts',(-11.3,0.226430866012766,4.56472104855871));
#10165=CARTESIAN_POINT('Ctrl Pts',(-11.3,0.279755759544568,4.56538904372658));
#10166=CARTESIAN_POINT('Ctrl Pts',(-11.3,0.333113368369165,4.565131049887));
#10167=CARTESIAN_POINT('Ctrl Pts',(-11.3,0.386482945809359,4.56394908459074));
#10168=CARTESIAN_POINT('Ctrl Pts',(-11.3,0.413211540441038,4.56335713178189));
#10169=CARTESIAN_POINT('Ctrl Pts',(-11.3,0.439947217192604,4.56253315762649));
#10170=CARTESIAN_POINT('Ctrl Pts',(-11.3,0.466659551233588,4.56147867176202));
#10171=CARTESIAN_POINT('Ctrl Pts',(-11.3,0.605535853405118,4.55599644406435));
#10172=CARTESIAN_POINT('Ctrl Pts',(-11.3,0.743918657188858,4.54428670687891));
#10173=CARTESIAN_POINT('Ctrl Pts',(-11.3,0.881435096745464,4.52647454204433));
#10174=CARTESIAN_POINT('Ctrl Pts',(-11.3,1.01732370948727,4.50887322559734));
#10175=CARTESIAN_POINT('Ctrl Pts',(-11.3,1.15236704495031,4.4853129486018));
#10176=CARTESIAN_POINT('Ctrl Pts',(-11.3,1.28620853853832,4.45586521626401));
#10177=CARTESIAN_POINT('Ctrl Pts',(-11.3,1.33341675970435,4.44547848922015));
#10178=CARTESIAN_POINT('Ctrl Pts',(-11.3,1.38047544053313,4.43435886624415));
#10179=CARTESIAN_POINT('Ctrl Pts',(-11.3,1.42736878342913,4.42250805104913));
#10180=CARTESIAN_POINT('Ctrl Pts',(-11.3,1.4523560675512,4.41619330213024));
#10181=CARTESIAN_POINT('Ctrl Pts',(-11.3,1.47729747640346,4.40967056150585));
#10182=CARTESIAN_POINT('Ctrl Pts',(-11.3,1.50217389282887,4.40294475761102));
#10183=CARTESIAN_POINT('Ctrl Pts',(-11.3,1.63833047336168,4.36613228253446));
#10184=CARTESIAN_POINT('Ctrl Pts',(-11.3,1.77265584107123,4.32321247895898));
#10185=CARTESIAN_POINT('Ctrl Pts',(-11.3,1.90476853065937,4.2742817960397));
#10186=CARTESIAN_POINT('Ctrl Pts',(-11.3,2.03607889207716,4.22564827204909));
#10187=CARTESIAN_POINT('Ctrl Pts',(-11.3,2.16520410484778,4.17107654211562));
#10188=CARTESIAN_POINT('Ctrl Pts',(-11.3,2.29176191785218,4.11061076549098));
#10189=CARTESIAN_POINT('Ctrl Pts',(-11.3,2.3422885356214,4.08647056338804));
#10190=CARTESIAN_POINT('Ctrl Pts',(-11.3,2.39240578730602,4.0613903484389));
#10191=CARTESIAN_POINT('Ctrl Pts',(-11.3,2.44208859994236,4.03537071883508));
#10192=CARTESIAN_POINT('Ctrl Pts',(-3.8,-0.00217541112111361,4.72412742305867));
#10193=CARTESIAN_POINT('Ctrl Pts',(-3.8,-0.0373134531439944,4.72200899044194));
#10194=CARTESIAN_POINT('Ctrl Pts',(-3.8,-0.0724113788520678,4.71946322662891));
#10195=CARTESIAN_POINT('Ctrl Pts',(-3.8,-0.107463100339741,4.71648650562836));
#10196=CARTESIAN_POINT('Ctrl Pts',(-3.8,-0.245982500800615,4.70472292909532));
#10197=CARTESIAN_POINT('Ctrl Pts',(-3.8,-0.383781227053045,4.68623308672575));
#10198=CARTESIAN_POINT('Ctrl Pts',(-3.8,-0.520508324962692,4.66130307849276));
#10199=CARTESIAN_POINT('Ctrl Pts',(-3.8,-0.608377127103243,4.6452816021777));
#10200=CARTESIAN_POINT('Ctrl Pts',(-3.8,-0.695803161228741,4.62659918014323));
#10201=CARTESIAN_POINT('Ctrl Pts',(-3.8,-0.782689756765482,4.60532115457036));
#10202=CARTESIAN_POINT('Ctrl Pts',(-3.8,-0.832022543855367,4.59323983985437));
#10203=CARTESIAN_POINT('Ctrl Pts',(-3.8,-0.881181368299258,4.58032161502356));
#10204=CARTESIAN_POINT('Ctrl Pts',(-3.8,-0.930147979234044,4.56657737028521));
#10205=CARTESIAN_POINT('Ctrl Pts',(-3.8,-0.959949806374708,4.55821241306127));
#10206=CARTESIAN_POINT('Ctrl Pts',(-3.8,-0.989680426833786,4.54954147304693));
#10207=CARTESIAN_POINT('Ctrl Pts',(-3.8,-1.01933564026631,4.54056687414658));
#10208=CARTESIAN_POINT('Ctrl Pts',(-3.8,-1.04200809287841,4.53370547796261));
#10209=CARTESIAN_POINT('Ctrl Pts',(-3.8,-1.06463519955309,4.52666690478847));
#10210=CARTESIAN_POINT('Ctrl Pts',(-3.8,-1.08720338704039,4.51945614574536));
#10211=CARTESIAN_POINT('Ctrl Pts',(-3.8,-1.22713288632503,4.4747472871836));
#10212=CARTESIAN_POINT('Ctrl Pts',(-3.8,-1.36492252990141,4.42338693349198));
#10213=CARTESIAN_POINT('Ctrl Pts',(-3.8,-1.50014970129238,4.36568356023759));
#10214=CARTESIAN_POINT('Ctrl Pts',(-3.8,-1.61847347625948,4.31519310864));
#10215=CARTESIAN_POINT('Ctrl Pts',(-3.8,-1.73483541181646,4.25984507458169));
#10216=CARTESIAN_POINT('Ctrl Pts',(-3.8,-1.84893148348334,4.19981293588956));
#10217=CARTESIAN_POINT('Ctrl Pts',(-3.8,-1.88493712525184,4.1808684126578));
#10218=CARTESIAN_POINT('Ctrl Pts',(-3.8,-1.92071694282131,4.16145720740209));
#10219=CARTESIAN_POINT('Ctrl Pts',(-3.8,-1.95626086210122,4.14158421914943));
#10220=CARTESIAN_POINT('Ctrl Pts',(-3.8,-1.98162458040476,4.12740309095362));
#10221=CARTESIAN_POINT('Ctrl Pts',(-3.8,-2.00687310092984,4.11298383082095));
#10222=CARTESIAN_POINT('Ctrl Pts',(-3.8,-2.03197451427745,4.09834489257346));
#10223=CARTESIAN_POINT('Ctrl Pts',(-3.8,-2.15196673791904,4.02836641256743));
#10224=CARTESIAN_POINT('Ctrl Pts',(-3.8,-2.26870371872682,3.95331612411255));
#10225=CARTESIAN_POINT('Ctrl Pts',(-3.8,-2.38184034439562,3.87345679329722));
#10226=CARTESIAN_POINT('Ctrl Pts',(-3.8,-2.49475312713387,3.793755465662));
#10227=CARTESIAN_POINT('Ctrl Pts',(-3.8,-2.60408043988781,3.70926356310722));
#10228=CARTESIAN_POINT('Ctrl Pts',(-3.8,-2.70944743473317,3.62020160420303));
#10229=CARTESIAN_POINT('Ctrl Pts',(-3.8,-2.81508560887108,3.53091042969821));
#10230=CARTESIAN_POINT('Ctrl Pts',(-3.8,-2.91674373477952,3.43702514635155));
#10231=CARTESIAN_POINT('Ctrl Pts',(-3.8,-3.0140020472451,3.33873480879919));
#10232=CARTESIAN_POINT('Ctrl Pts',(-3.8,-3.08694578159429,3.26501705563492));
#10233=CARTESIAN_POINT('Ctrl Pts',(-3.8,-3.1574138206886,3.18882073341668));
#10234=CARTESIAN_POINT('Ctrl Pts',(-3.8,-3.22521013363605,3.11021594212144));
#10235=CARTESIAN_POINT('Ctrl Pts',(-3.8,-3.25445644956587,3.07630701020651));
#10236=CARTESIAN_POINT('Ctrl Pts',(-3.8,-3.28320535374309,3.04194978726201));
#10237=CARTESIAN_POINT('Ctrl Pts',(-3.8,-3.31144004865475,3.00714952030482));
#10238=CARTESIAN_POINT('Ctrl Pts',(-3.8,-3.32553346372244,2.98977888434686));
#10239=CARTESIAN_POINT('Ctrl Pts',(-3.8,-3.3395003968846,2.9722956364839));
#10240=CARTESIAN_POINT('Ctrl Pts',(-3.8,-3.35332389271232,2.95471962460685));
#10241=CARTESIAN_POINT('Ctrl Pts',(-3.8,-3.43584554198393,2.84979670888505));
#10242=CARTESIAN_POINT('Ctrl Pts',(-3.8,-3.51337312178421,2.74143216687844));
#10243=CARTESIAN_POINT('Ctrl Pts',(-3.8,-3.58556551885166,2.62982379859177));
#10244=CARTESIAN_POINT('Ctrl Pts',(-3.8,-3.64553868421554,2.53710618012848));
#10245=CARTESIAN_POINT('Ctrl Pts',(-3.8,-3.70182937918687,2.44214917603372));
#10246=CARTESIAN_POINT('Ctrl Pts',(-3.8,-3.75421842083369,2.34505225175161));
#10247=CARTESIAN_POINT('Ctrl Pts',(-3.8,-3.8177656075307,2.22727501855353));
#10248=CARTESIAN_POINT('Ctrl Pts',(-3.8,-3.87557351121059,2.1063489901939));
#10249=CARTESIAN_POINT('Ctrl Pts',(-3.8,-3.92759128674801,1.98274870643494));
#10250=CARTESIAN_POINT('Ctrl Pts',(-3.8,-3.97962153693825,1.85911878145021));
#10251=CARTESIAN_POINT('Ctrl Pts',(-3.8,-4.02585893485887,1.73281240825022));
#10252=CARTESIAN_POINT('Ctrl Pts',(-3.8,-4.06620098939745,1.60429981785953));
#10253=CARTESIAN_POINT('Ctrl Pts',(-3.8,-4.07806640384463,1.56650166493681));
#10254=CARTESIAN_POINT('Ctrl Pts',(-3.8,-4.0894214887237,1.52851267826931));
#10255=CARTESIAN_POINT('Ctrl Pts',(-3.8,-4.10026277577483,1.4903449223918));
#10256=CARTESIAN_POINT('Ctrl Pts',(-3.8,-4.10544130771348,1.47211342073465));
#10257=CARTESIAN_POINT('Ctrl Pts',(-3.8,-4.11050281496128,1.45384011055924));
#10258=CARTESIAN_POINT('Ctrl Pts',(-3.8,-4.11544260437509,1.43554288089588));
#10259=CARTESIAN_POINT('Ctrl Pts',(-3.8,-4.14987951728397,1.30798681491667));
#10260=CARTESIAN_POINT('Ctrl Pts',(-3.8,-4.17845899284444,1.17908407338965));
#10261=CARTESIAN_POINT('Ctrl Pts',(-3.8,-4.20117359012379,1.04929672759184));
#10262=CARTESIAN_POINT('Ctrl Pts',(-3.8,-4.22389901911434,0.919447491238448));
#10263=CARTESIAN_POINT('Ctrl Pts',(-3.8,-4.24075399443866,0.788711913523436));
#10264=CARTESIAN_POINT('Ctrl Pts',(-3.8,-4.25167971829587,0.657546359894411));
#10265=CARTESIAN_POINT('Ctrl Pts',(-3.8,-4.26243996037891,0.528367448872191));
#10266=CARTESIAN_POINT('Ctrl Pts',(-3.8,-4.26744910119472,0.398770674749558));
#10267=CARTESIAN_POINT('Ctrl Pts',(-3.8,-4.266601980874,0.269198455352204));
#10268=CARTESIAN_POINT('Ctrl Pts',(-3.8,-4.26603331013069,0.182216797004011));
#10269=CARTESIAN_POINT('Ctrl Pts',(-3.8,-4.26282448869652,0.0952463951398871));
#10270=CARTESIAN_POINT('Ctrl Pts',(-3.8,-4.25697574580666,0.00839841831036032));
#10271=CARTESIAN_POINT('Ctrl Pts',(-3.8,-4.2543442308341,-0.0306769446636992));
#10272=CARTESIAN_POINT('Ctrl Pts',(-3.8,-4.25117817941101,-0.069727470884719));
#10273=CARTESIAN_POINT('Ctrl Pts',(-3.8,-4.24747701851856,-0.108742736764775));
#10274=CARTESIAN_POINT('Ctrl Pts',(-3.8,-4.2450461984931,-0.134366883446269));
#10275=CARTESIAN_POINT('Ctrl Pts',(-3.8,-4.24238455158553,-0.159975816557305));
#10276=CARTESIAN_POINT('Ctrl Pts',(-3.8,-4.23949183072051,-0.1855665320352));
#10277=CARTESIAN_POINT('Ctrl Pts',(-3.8,-4.23744193137156,-0.203701151117154));
#10278=CARTESIAN_POINT('Ctrl Pts',(-3.8,-4.23527696508794,-0.221817859294681));
#10279=CARTESIAN_POINT('Ctrl Pts',(-3.8,-4.23299771078971,-0.239911641056103));
#10280=CARTESIAN_POINT('Ctrl Pts',(-3.8,-4.21654804897258,-0.370496714955226));
#10281=CARTESIAN_POINT('Ctrl Pts',(-3.8,-4.19414232288889,-0.499956438215142));
#10282=CARTESIAN_POINT('Ctrl Pts',(-3.8,-4.16586994201738,-0.627925986533952));
#10283=CARTESIAN_POINT('Ctrl Pts',(-3.8,-4.13814012884714,-0.753439705470054));
#10284=CARTESIAN_POINT('Ctrl Pts',(-3.8,-4.10476629411755,-0.877520579414204));
#10285=CARTESIAN_POINT('Ctrl Pts',(-3.8,-4.06578320137859,-0.999809396424107));
#10286=CARTESIAN_POINT('Ctrl Pts',(-3.8,-4.0256559808257,-1.12568730878393));
#10287=CARTESIAN_POINT('Ctrl Pts',(-3.8,-3.97958544318695,-1.24966734013384));
#10288=CARTESIAN_POINT('Ctrl Pts',(-3.8,-3.92755853011377,-1.37132939639088));
#10289=CARTESIAN_POINT('Ctrl Pts',(-3.8,-3.87857183618623,-1.48588206846805));
#10290=CARTESIAN_POINT('Ctrl Pts',(-3.8,-3.82430397856619,-1.59838007118757));
#10291=CARTESIAN_POINT('Ctrl Pts',(-3.8,-3.76470470810218,-1.70843987474651));
#10292=CARTESIAN_POINT('Ctrl Pts',(-3.8,-3.76100584972651,-1.71527042188323));
#10293=CARTESIAN_POINT('Ctrl Pts',(-3.8,-3.75728644454748,-1.72209156581869));
#10294=CARTESIAN_POINT('Ctrl Pts',(-3.8,-3.75354647592253,-1.72890320998301));
#10295=CARTESIAN_POINT('Ctrl Pts',(-11.3,2.44208859994236,4.03537071883508));
#10296=CARTESIAN_POINT('Ctrl Pts',(-11.2722081984849,1.77626753465403,4.43830619773738));
#10297=CARTESIAN_POINT('Ctrl Pts',(-11.2444163969698,1.01157838013085,4.66909253181741));
#10298=CARTESIAN_POINT('Ctrl Pts',(-11.2166245954547,0.233582295880339,
4.70888992013813));
#10299=CARTESIAN_POINT('Ctrl Pts',(-11.1888327939396,-0.544413788370158,
4.74868730845885));
#10300=CARTESIAN_POINT('Ctrl Pts',(-11.1610409924245,-1.33571680234798,
4.59749575102026));
#10301=CARTESIAN_POINT('Ctrl Pts',(-11.1332491909094,-2.03596899299757,
4.26070979281703));
#10302=CARTESIAN_POINT('Ctrl Pts',(-11.0776655878791,-3.43647337429676,
3.58713787641056));
#10303=CARTESIAN_POINT('Ctrl Pts',(-11.0220819848489,-4.47277446228303,
2.1711883569455));
#10304=CARTESIAN_POINT('Ctrl Pts',(-10.9664983818187,-4.68106837959177,
0.637505694881434));
#10305=CARTESIAN_POINT('Ctrl Pts',(-10.9109147787885,-4.88936229690052,
-0.896176967182633));
#10306=CARTESIAN_POINT('Ctrl Pts',(-10.8553311757583,-4.26964904353175,
-2.54759277184571));
#10307=CARTESIAN_POINT('Ctrl Pts',(-10.799747572728,-3.10055470980067,-3.56538185298476));
#10308=CARTESIAN_POINT('Ctrl Pts',(-10.7595539373743,-2.25515878757831,
-4.30136586561047));
#10309=CARTESIAN_POINT('Ctrl Pts',(-10.7193603020205,-1.12248981546857,
-4.70602452346269));
#10310=CARTESIAN_POINT('Ctrl Pts',(-10.6791666666667,0.00402486259900081,
-4.71492649062738));
#10311=CARTESIAN_POINT('Origin',(-4.8,0.,0.));
#10312=CARTESIAN_POINT('Origin',(-11.3,0.,0.));
#10313=CARTESIAN_POINT('Origin',(6.,0.,0.));
#10314=CARTESIAN_POINT('',(4.75,-1.53080849893419E-16,7.));
#10315=CARTESIAN_POINT('Origin',(6.,0.,7.));
#10316=CARTESIAN_POINT('',(4.75,2.75429836118988E-17,4.75));
#10317=CARTESIAN_POINT('',(4.75,-1.53080849893419E-16,0.));
#10318=CARTESIAN_POINT('',(6.,-1.25,4.58257569495584));
#10319=CARTESIAN_POINT('Ctrl Pts',(6.,-1.25,4.58257569495584));
#10320=CARTESIAN_POINT('Ctrl Pts',(5.8422297695788,-1.25,4.58257569495584));
#10321=CARTESIAN_POINT('Ctrl Pts',(5.67448219734698,-1.21831686057358,4.59157303850228));
#10322=CARTESIAN_POINT('Ctrl Pts',(5.36674660358051,-1.09052652688892,4.62359067204415));
#10323=CARTESIAN_POINT('Ctrl Pts',(5.22668981844159,-0.994456771407962,
4.64609736465536));
#10324=CARTESIAN_POINT('Ctrl Pts',(5.00556233549943,-0.773329288465797,
4.68797636801325));
#10325=CARTESIAN_POINT('Ctrl Pts',(4.9094777062397,-0.633264592662498,4.71013792428217));
#10326=CARTESIAN_POINT('Ctrl Pts',(4.78167648654275,-0.32550077931019,4.74135766961757));
#10327=CARTESIAN_POINT('Ctrl Pts',(4.75,-0.157742967950789,4.75));
#10328=CARTESIAN_POINT('Ctrl Pts',(4.75,1.73472347597681E-16,4.75));
#10329=CARTESIAN_POINT('',(7.25,-2.5615914527796E-16,4.75));
#10330=CARTESIAN_POINT('Ctrl Pts',(7.25,6.93889390390723E-17,4.75));
#10331=CARTESIAN_POINT('Ctrl Pts',(7.25,-0.157742967950789,4.75));
#10332=CARTESIAN_POINT('Ctrl Pts',(7.21832351345725,-0.32550077931019,4.74135766961757));
#10333=CARTESIAN_POINT('Ctrl Pts',(7.0905222937603,-0.633264592662498,4.71013792428217));
#10334=CARTESIAN_POINT('Ctrl Pts',(6.99443766450057,-0.773329288465797,
4.68797636801325));
#10335=CARTESIAN_POINT('Ctrl Pts',(6.77331018155841,-0.994456771407962,
4.64609736465536));
#10336=CARTESIAN_POINT('Ctrl Pts',(6.63325339641949,-1.09052652688892,4.62359067204415));
#10337=CARTESIAN_POINT('Ctrl Pts',(6.32551780265302,-1.21831686057358,4.59157303850228));
#10338=CARTESIAN_POINT('Ctrl Pts',(6.15777023042121,-1.25,4.58257569495584));
#10339=CARTESIAN_POINT('Ctrl Pts',(6.,-1.25,4.58257569495584));
#10340=CARTESIAN_POINT('Ctrl Pts',(4.75,2.08166817117217E-16,4.75));
#10341=CARTESIAN_POINT('Ctrl Pts',(4.75,0.15774296795079,4.75));
#10342=CARTESIAN_POINT('Ctrl Pts',(4.78167648654275,0.325500779310191,4.74135766961757));
#10343=CARTESIAN_POINT('Ctrl Pts',(4.9094777062397,0.633264592662499,4.71013792428217));
#10344=CARTESIAN_POINT('Ctrl Pts',(5.00556233549943,0.773329288465797,4.68797636801325));
#10345=CARTESIAN_POINT('Ctrl Pts',(5.22668981844159,0.994456771407962,4.64609736465536));
#10346=CARTESIAN_POINT('Ctrl Pts',(5.36674660358051,1.09052652688892,4.62359067204415));
#10347=CARTESIAN_POINT('Ctrl Pts',(5.67448219734698,1.21831686057358,4.59157303850228));
#10348=CARTESIAN_POINT('Ctrl Pts',(5.8422297695788,1.25,4.58257569495584));
#10349=CARTESIAN_POINT('Ctrl Pts',(6.15777023042121,1.25,4.58257569495584));
#10350=CARTESIAN_POINT('Ctrl Pts',(6.32551780265302,1.21831686057358,4.59157303850228));
#10351=CARTESIAN_POINT('Ctrl Pts',(6.63325339641949,1.09052652688892,4.62359067204415));
#10352=CARTESIAN_POINT('Ctrl Pts',(6.77331018155841,0.994456771407962,4.64609736465536));
#10353=CARTESIAN_POINT('Ctrl Pts',(6.99443766450057,0.773329288465797,4.68797636801325));
#10354=CARTESIAN_POINT('Ctrl Pts',(7.0905222937603,0.633264592662497,4.71013792428217));
#10355=CARTESIAN_POINT('Ctrl Pts',(7.21832351345725,0.325500779310189,4.74135766961757));
#10356=CARTESIAN_POINT('Ctrl Pts',(7.25,0.157742967950789,4.75));
#10357=CARTESIAN_POINT('Ctrl Pts',(7.25,-3.46944695195361E-17,4.75));
#10358=CARTESIAN_POINT('Origin',(6.,0.,7.));
#10359=CARTESIAN_POINT('Origin',(17.5,0.,0.));
#10360=CARTESIAN_POINT('Origin',(7.5,0.,0.));
#10361=CARTESIAN_POINT('',(7.5,-5.81707229594993E-16,4.75));
#10362=CARTESIAN_POINT('Origin',(7.5,0.,0.));
#10363=CARTESIAN_POINT('Origin',(-11.3,0.,0.));
#10364=CARTESIAN_POINT('Origin',(-3.8,0.,0.));
#10365=CARTESIAN_POINT('',(-3.8,-6.3,3.63730669589464));
#10366=CARTESIAN_POINT('',(-3.8,-6.3,-3.63730669589465));
#10367=CARTESIAN_POINT('',(-3.8,-6.3,-1.81865334794733));
#10368=CARTESIAN_POINT('',(-3.8,-2.22044604925031E-15,7.27461339178929));
#10369=CARTESIAN_POINT('',(-3.8,-4.725,4.5466333698683));
#10370=CARTESIAN_POINT('',(-3.8,6.3,3.63730669589465));
#10371=CARTESIAN_POINT('',(-3.8,1.575,6.36528671781562));
#10372=CARTESIAN_POINT('',(-3.8,6.3,-3.63730669589464));
#10373=CARTESIAN_POINT('',(-3.8,6.3,1.81865334794732));
#10374=CARTESIAN_POINT('',(-3.8,4.44089209850063E-15,-7.27461339178928));
#10375=CARTESIAN_POINT('',(-3.8,4.725,-4.5466333698683));
#10376=CARTESIAN_POINT('',(-3.8,-1.575,-6.36528671781563));
#10377=CARTESIAN_POINT('Origin',(0.,-2.77555756156289E-15,7.27461339178928));
#10378=CARTESIAN_POINT('',(0.,-2.77555756156289E-15,7.27461339178928));
#10379=CARTESIAN_POINT('',(0.,-2.77555756156289E-15,7.27461339178928));
#10380=CARTESIAN_POINT('',(0.,6.3,3.63730669589464));
#10381=CARTESIAN_POINT('',(0.,-2.77555756156289E-15,7.27461339178928));
#10382=CARTESIAN_POINT('',(0.,6.3,3.63730669589464));
#10383=CARTESIAN_POINT('Origin',(0.,-6.3,3.63730669589464));
#10384=CARTESIAN_POINT('',(0.,-6.3,3.63730669589464));
#10385=CARTESIAN_POINT('',(0.,-6.3,3.63730669589464));
#10386=CARTESIAN_POINT('',(0.,-6.3,3.63730669589464));
#10387=CARTESIAN_POINT('Origin',(0.,-6.3,-3.63730669589465));
#10388=CARTESIAN_POINT('',(0.,-6.3,-3.63730669589465));
#10389=CARTESIAN_POINT('',(0.,-6.3,-3.63730669589465));
#10390=CARTESIAN_POINT('',(0.,-6.3,-3.63730669589465));
#10391=CARTESIAN_POINT('Origin',(0.,0.,0.));
#10392=CARTESIAN_POINT('',(0.,4.9960036108132E-15,-7.27461339178928));
#10393=CARTESIAN_POINT('',(0.,4.9960036108132E-15,-7.27461339178928));
#10394=CARTESIAN_POINT('',(0.,6.3,-3.63730669589464));
#10395=CARTESIAN_POINT('',(0.,6.3,-3.63730669589464));
#10396=CARTESIAN_POINT('',(0.,6.3,3.63730669589464));
#10397=CARTESIAN_POINT('',(0.,-5.81707229594993E-16,4.75));
#10398=CARTESIAN_POINT('Origin',(0.,0.,0.));
#10399=CARTESIAN_POINT('Origin',(0.,4.9960036108132E-15,-7.27461339178928));
#10400=CARTESIAN_POINT('',(0.,4.9960036108132E-15,-7.27461339178928));
#10401=CARTESIAN_POINT('Origin',(0.,6.3,-3.63730669589464));
#10402=CARTESIAN_POINT('',(0.,6.3,-3.63730669589464));
#10403=CARTESIAN_POINT('Origin',(0.,6.3,3.63730669589464));
#10404=CARTESIAN_POINT('Origin',(0.,0.,0.));
#10405=CARTESIAN_POINT('',(0.,-5.81707229594993E-16,4.75));
#10406=CARTESIAN_POINT('',(0.,-5.81707229594993E-16,4.75));
#10407=CARTESIAN_POINT('',(0.,1.27008035588654E-17,-1.27008035588654E-17));
#10408=CARTESIAN_POINT('',(0.,1.27008035588654E-17,-1.27008035588654E-17));
#10409=CARTESIAN_POINT('',(0.,0.,0.));
#10410=CARTESIAN_POINT('Origin',(2.08789204670293E-12,23.500000372529,33.5000000000001));
#10411=CARTESIAN_POINT('',(-3.93299999999791,23.500000372529,33.5000000000004));
#10412=CARTESIAN_POINT('Origin',(2.08789204670293E-12,23.500000372529,33.5000000000001));
#10413=CARTESIAN_POINT('Origin',(7.57239378835121E-12,23.500000372529,121.5));
#10414=CARTESIAN_POINT('',(-3.93299999999243,23.500000372529,121.5));
#10415=CARTESIAN_POINT('Origin',(7.57248895032475E-12,23.500000372529,121.5));
#10416=CARTESIAN_POINT('Origin',(7.07390365029451E-12,23.500000372529,113.5));
#10417=CARTESIAN_POINT('',(-3.93299999999293,23.500000372529,113.5));
#10418=CARTESIAN_POINT('Origin',(-23.5000003725269,-3.94430452151328E-30,
33.5000000000017));
#10419=CARTESIAN_POINT('',(-27.4330003725269,-4.81653586104658E-16,33.5000000000019));
#10420=CARTESIAN_POINT('Origin',(-23.5000003725269,-3.94430452151328E-30,
33.5000000000017));
#10421=CARTESIAN_POINT('Origin',(-23.5000003725215,-3.94430452151328E-30,
121.500000000002));
#10422=CARTESIAN_POINT('',(-27.4330003725215,-4.81653586104658E-16,121.500000000002));
#10423=CARTESIAN_POINT('Origin',(-23.5000003725215,-3.94430452151328E-30,
121.500000000002));
#10424=CARTESIAN_POINT('Origin',(-23.500000372522,-3.94430452151328E-30,
113.500000000002));
#10425=CARTESIAN_POINT('',(-27.433000372522,4.8165358610465E-16,113.500000000002));
#10426=CARTESIAN_POINT('Origin',(23.5000003725311,-3.94430453069683E-30,
33.4999999999985));
#10427=CARTESIAN_POINT('',(19.5670003725311,-4.81653586104658E-16,33.4999999999988));
#10428=CARTESIAN_POINT('Origin',(23.5000003725311,-3.94430453069683E-30,
33.4999999999985));
#10429=CARTESIAN_POINT('Origin',(23.5000003725366,-3.94430453069683E-30,
121.499999999999));
#10430=CARTESIAN_POINT('',(19.5670003725366,-4.81653586104658E-16,121.499999999999));
#10431=CARTESIAN_POINT('Origin',(23.5000003725366,-3.94430453069683E-30,
121.499999999999));
#10432=CARTESIAN_POINT('Origin',(23.5000003725361,-3.94430453069683E-30,
113.499999999999));
#10433=CARTESIAN_POINT('',(19.5670003725361,4.8165358610465E-16,113.499999999999));
#10434=CARTESIAN_POINT('Origin',(2.08789204670293E-12,-23.500000372529,
33.5000000000001));
#10435=CARTESIAN_POINT('',(-3.93299999999791,-23.500000372529,33.5000000000004));
#10436=CARTESIAN_POINT('Origin',(2.08789204670293E-12,-23.500000372529,
33.5000000000001));
#10437=CARTESIAN_POINT('Origin',(7.57239378835121E-12,-23.500000372529,
121.5));
#10438=CARTESIAN_POINT('',(-3.93299999999243,-23.500000372529,121.5));
#10439=CARTESIAN_POINT('Origin',(7.57248895032475E-12,-23.500000372529,
121.5));
#10440=CARTESIAN_POINT('Origin',(7.07390365029451E-12,-23.500000372529,
113.5));
#10441=CARTESIAN_POINT('',(-3.93299999999293,-23.500000372529,113.5));
#10442=CARTESIAN_POINT('',(0.,0.,0.));
#10443=CARTESIAN_POINT('Origin',(3.88285653629695E-12,-2.99881361227644E-46,
111.5));
#10444=CARTESIAN_POINT('',(5.00000000000388,-6.12323399573677E-16,111.5));
#10445=CARTESIAN_POINT('Origin',(3.88285653629695E-12,-2.99881361227644E-46,
111.5));
#10446=CARTESIAN_POINT('',(5.00000000000401,-6.12323399573677E-16,113.5));
#10447=CARTESIAN_POINT('',(5.00000000000388,6.12323399573677E-16,111.5));
#10448=CARTESIAN_POINT('Origin',(4.00720151505496E-12,-2.99881361227644E-46,
113.5));
#10449=CARTESIAN_POINT('Origin',(-16.6170093578802,-16.617009357886,142.700000000001));
#10450=CARTESIAN_POINT('',(-15.117009357882,-16.617009357886,113.500000000001));
#10451=CARTESIAN_POINT('Origin',(-16.617009357882,-16.617009357886,113.500000000001));
#10452=CARTESIAN_POINT('',(-15.1170093578821,-16.617009357886,111.500000000001));
#10453=CARTESIAN_POINT('',(-15.1170093578802,-16.617009357886,142.700000000001));
#10454=CARTESIAN_POINT('Origin',(-16.6170093578821,-16.617009357886,111.500000000001));
#10455=CARTESIAN_POINT('Origin',(16.6170093578854,16.6170093578839,142.699999999999));
#10456=CARTESIAN_POINT('',(18.1170093578836,16.6170093578839,113.499999999999));
#10457=CARTESIAN_POINT('Origin',(16.6170093578836,16.6170093578839,113.499999999999));
#10458=CARTESIAN_POINT('',(18.1170093578835,16.6170093578839,111.499999999999));
#10459=CARTESIAN_POINT('',(18.1170093578854,16.6170093578839,142.699999999999));
#10460=CARTESIAN_POINT('Origin',(16.6170093578835,16.6170093578839,111.499999999999));
#10461=CARTESIAN_POINT('Origin',(5.8274010914166E-12,23.5000003501773,142.7));
#10462=CARTESIAN_POINT('',(4.50000000000401,23.5000003501773,113.5));
#10463=CARTESIAN_POINT('Origin',(4.00742580982488E-12,23.5000003501773,
113.5));
#10464=CARTESIAN_POINT('',(4.50000000000388,23.5000003501773,111.5));
#10465=CARTESIAN_POINT('',(4.50000000000583,23.5000003501773,142.7));
#10466=CARTESIAN_POINT('Origin',(3.88276996861997E-12,23.5000003501773,
111.5));
#10467=CARTESIAN_POINT('Origin',(1.53868555903658E-12,-23.5,142.7));
#10468=CARTESIAN_POINT('',(4.49999999999972,-23.5,113.5));
#10469=CARTESIAN_POINT('Origin',(-2.81289722555146E-13,-23.5,113.5));
#10470=CARTESIAN_POINT('',(4.4999999999996,-23.5,111.5));
#10471=CARTESIAN_POINT('',(4.50000000000154,-23.5,142.7));
#10472=CARTESIAN_POINT('Origin',(-4.05945563760058E-13,-23.5,111.5));
#10473=CARTESIAN_POINT('Origin',(-23.4999999999985,2.16607724803269E-47,
142.700000000002));
#10474=CARTESIAN_POINT('',(-19.0000000000003,-5.51091059616309E-16,113.500000000001));
#10475=CARTESIAN_POINT('Origin',(-23.5000000000003,2.16607724803269E-47,
113.500000000002));
#10476=CARTESIAN_POINT('',(-19.0000000000004,5.51091059616309E-16,111.500000000001));
#10477=CARTESIAN_POINT('',(-18.9999999999985,-5.51091059616309E-16,142.700000000001));
#10478=CARTESIAN_POINT('Origin',(-23.5000000000004,2.16607724803269E-47,
111.500000000002));
#10479=CARTESIAN_POINT('Origin',(23.5000000000015,2.16607724803269E-47,
142.699999999999));
#10480=CARTESIAN_POINT('',(27.9999999999997,-5.51091059616309E-16,113.499999999998));
#10481=CARTESIAN_POINT('Origin',(23.4999999999997,2.16607724803269E-47,
113.499999999999));
#10482=CARTESIAN_POINT('',(27.9999999999996,5.51091059616309E-16,111.499999999998));
#10483=CARTESIAN_POINT('',(28.0000000000015,-5.51091059616309E-16,142.699999999998));
#10484=CARTESIAN_POINT('Origin',(23.4999999999996,2.16607724803269E-47,
111.499999999999));
#10485=CARTESIAN_POINT('Origin',(-16.6170093578823,16.6170093578839,142.700000000001));
#10486=CARTESIAN_POINT('',(-15.1170093578841,16.6170093578839,113.500000000001));
#10487=CARTESIAN_POINT('Origin',(-16.6170093578842,16.6170093578839,113.500000000001));
#10488=CARTESIAN_POINT('',(-15.1170093578843,16.6170093578839,111.500000000001));
#10489=CARTESIAN_POINT('',(-15.1170093578823,16.6170093578839,142.700000000001));
#10490=CARTESIAN_POINT('Origin',(-16.6170093578843,16.6170093578839,111.500000000001));
#10491=CARTESIAN_POINT('Origin',(16.6170093578854,-16.6170093578839,142.699999999999));
#10492=CARTESIAN_POINT('',(18.1170093578836,-16.6170093578839,113.499999999999));
#10493=CARTESIAN_POINT('Origin',(16.6170093578836,-16.6170093578839,113.499999999999));
#10494=CARTESIAN_POINT('',(18.1170093578835,-16.6170093578839,111.499999999999));
#10495=CARTESIAN_POINT('',(18.1170093578854,-16.6170093578839,142.699999999999));
#10496=CARTESIAN_POINT('Origin',(16.6170093578835,-16.6170093578839,111.499999999999));
#10497=CARTESIAN_POINT('Origin',(-4.05054847687732E-13,2.16607724803269E-47,
111.5));
#10498=CARTESIAN_POINT('',(30.4999999999996,-3.73517273739943E-15,111.499999999998));
#10499=CARTESIAN_POINT('Origin',(-4.05054847687731E-13,2.16607724803269E-47,
111.5));
#10500=CARTESIAN_POINT('',(30.4999999999997,3.73517273739943E-15,113.499999999998));
#10501=CARTESIAN_POINT('',(30.4999999999996,3.73517273739943E-15,111.499999999998));
#10502=CARTESIAN_POINT('Origin',(-2.80456103666942E-13,2.16607724803269E-47,
113.5));
#10503=CARTESIAN_POINT('Origin',(6.94900356002418E-12,-3.94430452610506E-30,
111.5));
#10504=CARTESIAN_POINT('Origin',(7.07390365029451E-12,-3.94430452610506E-30,
113.5));
#10505=CARTESIAN_POINT('',(0.,0.,0.));
#10506=CARTESIAN_POINT('Origin',(4.3534113813859E-12,-7.99595388378841E-52,
89.8500000000001));
#10507=CARTESIAN_POINT('',(19.0000002831264,-2.32682895305242E-15,89.8499999999989));
#10508=CARTESIAN_POINT('Origin',(4.3534113813859E-12,-7.99595388378841E-52,
89.8500000000001));
#10509=CARTESIAN_POINT('',(19.0000002831265,-2.32682895305242E-15,91.8499999999989));
#10510=CARTESIAN_POINT('',(19.0000002831264,2.32682895305242E-15,89.8499999999989));
#10511=CARTESIAN_POINT('Origin',(4.47775636014392E-12,-7.99595388378841E-52,
91.8500000000001));
#10512=CARTESIAN_POINT('Origin',(5.60021959361557E-12,-1.05143645558477E-51,
89.8500000000001));
#10513=CARTESIAN_POINT('Origin',(5.72456457237359E-12,-1.05143645558477E-51,
91.8500000000001));
#10514=CARTESIAN_POINT('',(0.,0.,0.));
#10515=CARTESIAN_POINT('Origin',(1.53868555903658E-12,2.16607724803269E-47,
85.8000000000001));
#10516=CARTESIAN_POINT('',(17.0000000000031,2.0818995585505E-15,111.499999999999));
#10517=CARTESIAN_POINT('Origin',(3.14014174010667E-12,2.16607724803269E-47,
111.5));
#10518=CARTESIAN_POINT('',(17.0000000000033,-2.0818995585505E-15,113.499999999999));
#10519=CARTESIAN_POINT('',(17.0000000000015,2.0818995585505E-15,85.799999999999));
#10520=CARTESIAN_POINT('Origin',(3.26476868026777E-12,2.16607724803269E-47,
113.5));
#10521=CARTESIAN_POINT('Origin',(-16.6170093578802,-16.617009357886,111.500000000001));
#10522=CARTESIAN_POINT('',(-15.1170093578801,-16.617009357886,113.500000000001));
#10523=CARTESIAN_POINT('Origin',(-16.6170093578801,-16.617009357886,113.500000000001));
#10524=CARTESIAN_POINT('',(-15.1170093578802,-16.617009357886,111.500000000001));
#10525=CARTESIAN_POINT('',(-15.1170093578802,-16.617009357886,111.500000000001));
#10526=CARTESIAN_POINT('Origin',(-16.6170093578802,-16.617009357886,111.500000000001));
#10527=CARTESIAN_POINT('Origin',(16.6170093578854,16.6170093578839,111.499999999999));
#10528=CARTESIAN_POINT('',(18.1170093578855,16.6170093578839,113.499999999999));
#10529=CARTESIAN_POINT('Origin',(16.6170093578855,16.6170093578839,113.499999999999));
#10530=CARTESIAN_POINT('',(18.1170093578854,16.6170093578839,111.499999999999));
#10531=CARTESIAN_POINT('',(18.1170093578854,16.6170093578839,111.499999999999));
#10532=CARTESIAN_POINT('Origin',(16.6170093578854,16.6170093578839,111.499999999999));
#10533=CARTESIAN_POINT('Origin',(5.8274010914166E-12,23.5000003501773,111.5));
#10534=CARTESIAN_POINT('',(4.50000000000595,23.5000003501773,113.5));
#10535=CARTESIAN_POINT('Origin',(5.95205693262152E-12,23.5000003501773,
113.5));
#10536=CARTESIAN_POINT('',(4.50000000000583,23.5000003501773,111.5));
#10537=CARTESIAN_POINT('',(4.50000000000583,23.5000003501773,111.5));
#10538=CARTESIAN_POINT('Origin',(5.8274010914166E-12,23.5000003501773,111.5));
#10539=CARTESIAN_POINT('Origin',(1.53868555903658E-12,-23.5,111.5));
#10540=CARTESIAN_POINT('',(4.50000000000166,-23.5,113.5));
#10541=CARTESIAN_POINT('Origin',(1.66334140024149E-12,-23.5,113.5));
#10542=CARTESIAN_POINT('',(4.50000000000154,-23.5,111.5));
#10543=CARTESIAN_POINT('',(4.50000000000154,-23.5,111.5));
#10544=CARTESIAN_POINT('Origin',(1.53868555903658E-12,-23.5,111.5));
#10545=CARTESIAN_POINT('Origin',(-23.4999999999985,2.16607724803269E-47,
111.500000000002));
#10546=CARTESIAN_POINT('',(-18.9999999999983,-5.51091059616309E-16,113.500000000001));
#10547=CARTESIAN_POINT('Origin',(-23.4999999999983,2.16607724803269E-47,
113.500000000002));
#10548=CARTESIAN_POINT('',(-18.9999999999985,5.51091059616309E-16,111.500000000001));
#10549=CARTESIAN_POINT('',(-18.9999999999985,-5.51091059616309E-16,111.500000000001));
#10550=CARTESIAN_POINT('Origin',(-23.4999999999985,2.16607724803269E-47,
111.500000000002));
#10551=CARTESIAN_POINT('Origin',(23.5000000000015,2.16607724803269E-47,
111.499999999999));
#10552=CARTESIAN_POINT('',(28.0000000000017,-5.51091059616309E-16,113.499999999998));
#10553=CARTESIAN_POINT('Origin',(23.5000000000017,2.16607724803269E-47,
113.499999999999));
#10554=CARTESIAN_POINT('',(28.0000000000015,5.51091059616309E-16,111.499999999998));
#10555=CARTESIAN_POINT('',(28.0000000000015,-5.51091059616309E-16,111.499999999998));
#10556=CARTESIAN_POINT('Origin',(23.5000000000015,2.16607724803269E-47,
111.499999999999));
#10557=CARTESIAN_POINT('Origin',(-16.6170093578823,16.6170093578839,111.500000000001));
#10558=CARTESIAN_POINT('',(-15.1170093578822,16.6170093578839,113.500000000001));
#10559=CARTESIAN_POINT('Origin',(-16.6170093578822,16.6170093578839,113.500000000001));
#10560=CARTESIAN_POINT('',(-15.1170093578823,16.6170093578839,111.500000000001));
#10561=CARTESIAN_POINT('',(-15.1170093578823,16.6170093578839,111.500000000001));
#10562=CARTESIAN_POINT('Origin',(-16.6170093578823,16.6170093578839,111.500000000001));
#10563=CARTESIAN_POINT('Origin',(16.6170093578854,-16.6170093578839,111.499999999999));
#10564=CARTESIAN_POINT('',(18.1170093578855,-16.6170093578839,113.499999999999));
#10565=CARTESIAN_POINT('Origin',(16.6170093578855,-16.6170093578839,113.499999999999));
#10566=CARTESIAN_POINT('',(18.1170093578854,-16.6170093578839,111.499999999999));
#10567=CARTESIAN_POINT('',(18.1170093578854,-16.6170093578839,111.499999999999));
#10568=CARTESIAN_POINT('Origin',(16.6170093578854,-16.6170093578839,111.499999999999));
#10569=CARTESIAN_POINT('Origin',(-4.05054847687732E-13,2.16607724803269E-47,
80.3000000000001));
#10570=CARTESIAN_POINT('',(30.5000000000015,-3.73517273739943E-15,111.499999999998));
#10571=CARTESIAN_POINT('Origin',(1.53868555903658E-12,2.16607724803269E-47,
111.5));
#10572=CARTESIAN_POINT('',(30.5000000000017,3.73517273739943E-15,113.499999999998));
#10573=CARTESIAN_POINT('',(30.4999999999996,3.73517273739943E-15,80.2999999999982));
#10574=CARTESIAN_POINT('Origin',(1.66328430305736E-12,2.16607724803269E-47,
113.5));
#10575=CARTESIAN_POINT('Origin',(6.9495586715365E-12,-3.94430452610506E-30,
111.5));
#10576=CARTESIAN_POINT('Origin',(7.07390365029451E-12,-3.94430452610506E-30,
113.5));
#10577=CARTESIAN_POINT('',(0.,0.,0.));
#10578=CARTESIAN_POINT('Origin',(3.04244211393966E-12,2.16607724803269E-47,
91.9500000000001));
#10579=CARTESIAN_POINT('',(15.000000000003,-1.83697019872103E-15,91.9499999999992));
#10580=CARTESIAN_POINT('Origin',(3.04244211393966E-12,2.16607724803269E-47,
91.9500000000001));
#10581=CARTESIAN_POINT('',(15.0000000000031,-1.83697019872103E-15,93.4999999999992));
#10582=CARTESIAN_POINT('',(15.000000000003,1.83697019872103E-15,91.9499999999992));
#10583=CARTESIAN_POINT('Origin',(3.13880947247712E-12,2.16607724803269E-47,
93.5000000000001));
#10584=CARTESIAN_POINT('Origin',(-14.7746030272534,11.9461759025104,93.500000000001));
#10585=CARTESIAN_POINT('',(-22.9345527790273,20.1061256542842,93.5000000000015));
#10586=CARTESIAN_POINT('',(-14.7746030272534,11.9461759025104,93.500000000001));
#10587=CARTESIAN_POINT('',(-22.9809703885597,20.1525432638166,93.5000000000015));
#10588=CARTESIAN_POINT('',(-22.9345527790274,20.1061256542842,91.9500000000015));
#10589=CARTESIAN_POINT('',(-22.9345527790273,20.1061256542842,93.5000000000015));
#10590=CARTESIAN_POINT('',(-14.7746030272535,11.9461759025104,91.950000000001));
#10591=CARTESIAN_POINT('',(-22.9809703885598,20.1525432638166,91.9500000000016));
#10592=CARTESIAN_POINT('',(-14.7746030272534,11.9461759025104,93.500000000001));
#10593=CARTESIAN_POINT('Origin',(3.14014174010667E-12,2.16607724803269E-47,
93.5000000000001));
#10594=CARTESIAN_POINT('',(-11.9461759025072,14.7746030272565,93.5000000000009));
#10595=CARTESIAN_POINT('Origin',(3.14014174010667E-12,2.16607724803269E-47,
93.5000000000001));
#10596=CARTESIAN_POINT('',(-11.9461759025073,14.7746030272565,91.9500000000009));
#10597=CARTESIAN_POINT('Origin',(3.04244211393966E-12,2.16607724803269E-47,
91.9500000000001));
#10598=CARTESIAN_POINT('',(-11.9461759025072,14.7746030272565,93.5000000000009));
#10599=CARTESIAN_POINT('Origin',(-20.1061256542811,22.9345527790304,93.5000000000014));
#10600=CARTESIAN_POINT('',(-20.1061256542811,22.9345527790304,93.5000000000014));
#10601=CARTESIAN_POINT('',(-20.1525432638135,22.9809703885628,93.5000000000014));
#10602=CARTESIAN_POINT('',(-20.1061256542812,22.9345527790304,91.9500000000014));
#10603=CARTESIAN_POINT('',(-20.1525432638136,22.9809703885628,91.9500000000014));
#10604=CARTESIAN_POINT('',(-20.1061256542811,22.9345527790304,93.5000000000014));
#10605=CARTESIAN_POINT('Origin',(3.14014174010667E-12,2.16607724803269E-47,
93.5000000000001));
#10606=CARTESIAN_POINT('Origin',(3.14014174010667E-12,2.16607724803269E-47,
93.5000000000001));
#10607=CARTESIAN_POINT('Origin',(3.04244211393966E-12,2.16607724803269E-47,
91.9500000000001));
#10608=CARTESIAN_POINT('Origin',(-1.96727621442353,1.96727621442658,91.9500000000002));
#10609=CARTESIAN_POINT('Origin',(-1.96727621442343,1.96727621442658,93.5000000000002));
#10610=CARTESIAN_POINT('',(0.,0.,0.));
#10611=CARTESIAN_POINT('Origin',(1.40543202076238E-11,-1.08544537651418E-45,
113.5));
#10612=CARTESIAN_POINT('',(-10.9999999999859,-1.34711147906209E-15,113.500000000001));
#10613=CARTESIAN_POINT('Origin',(1.40543202076238E-11,-1.08544537651418E-45,
113.5));
#10614=CARTESIAN_POINT('',(-10.9999999999861,-1.34711147906209E-15,111.500000000001));
#10615=CARTESIAN_POINT('',(-10.9999999999859,1.34711147906209E-15,113.500000000001));
#10616=CARTESIAN_POINT('Origin',(1.39299752288657E-11,-1.08544537651418E-45,
111.5));
#10617=CARTESIAN_POINT('Origin',(-16.6170093578802,-16.617009357886,111.500000000001));
#10618=CARTESIAN_POINT('',(-15.1170093578801,-16.617009357886,113.500000000001));
#10619=CARTESIAN_POINT('Origin',(-16.6170093578801,-16.617009357886,113.500000000001));
#10620=CARTESIAN_POINT('',(-15.1170093578802,-16.617009357886,111.500000000001));
#10621=CARTESIAN_POINT('',(-15.1170093578802,-16.617009357886,111.500000000001));
#10622=CARTESIAN_POINT('Origin',(-16.6170093578802,-16.617009357886,111.500000000001));
#10623=CARTESIAN_POINT('Origin',(16.6170093578854,16.6170093578839,111.499999999999));
#10624=CARTESIAN_POINT('',(18.1170093578855,16.6170093578839,113.499999999999));
#10625=CARTESIAN_POINT('Origin',(16.6170093578855,16.6170093578839,113.499999999999));
#10626=CARTESIAN_POINT('',(18.1170093578854,16.6170093578839,111.499999999999));
#10627=CARTESIAN_POINT('',(18.1170093578854,16.6170093578839,111.499999999999));
#10628=CARTESIAN_POINT('Origin',(16.6170093578854,16.6170093578839,111.499999999999));
#10629=CARTESIAN_POINT('Origin',(5.8274010914166E-12,23.5000003501773,111.5));
#10630=CARTESIAN_POINT('',(4.50000000000595,23.5000003501773,113.5));
#10631=CARTESIAN_POINT('Origin',(5.95205693262152E-12,23.5000003501773,
113.5));
#10632=CARTESIAN_POINT('',(4.50000000000583,23.5000003501773,111.5));
#10633=CARTESIAN_POINT('',(4.50000000000583,23.5000003501773,111.5));
#10634=CARTESIAN_POINT('Origin',(5.8274010914166E-12,23.5000003501773,111.5));
#10635=CARTESIAN_POINT('Origin',(1.53868555903658E-12,-23.5,111.5));
#10636=CARTESIAN_POINT('',(4.50000000000166,-23.5,113.5));
#10637=CARTESIAN_POINT('Origin',(1.66334140024149E-12,-23.5,113.5));
#10638=CARTESIAN_POINT('',(4.50000000000154,-23.5,111.5));
#10639=CARTESIAN_POINT('',(4.50000000000154,-23.5,111.5));
#10640=CARTESIAN_POINT('Origin',(1.53868555903658E-12,-23.5,111.5));
#10641=CARTESIAN_POINT('Origin',(-23.4999999999985,2.16607724803269E-47,
111.500000000002));
#10642=CARTESIAN_POINT('',(-18.9999999999983,-5.51091059616309E-16,113.500000000001));
#10643=CARTESIAN_POINT('Origin',(-23.4999999999983,2.16607724803269E-47,
113.500000000002));
#10644=CARTESIAN_POINT('',(-18.9999999999985,5.51091059616309E-16,111.500000000001));
#10645=CARTESIAN_POINT('',(-18.9999999999985,-5.51091059616309E-16,111.500000000001));
#10646=CARTESIAN_POINT('Origin',(-23.4999999999985,2.16607724803269E-47,
111.500000000002));
#10647=CARTESIAN_POINT('Origin',(23.5000000000015,2.16607724803269E-47,
111.499999999999));
#10648=CARTESIAN_POINT('',(28.0000000000017,-5.51091059616309E-16,113.499999999998));
#10649=CARTESIAN_POINT('Origin',(23.5000000000017,2.16607724803269E-47,
113.499999999999));
#10650=CARTESIAN_POINT('',(28.0000000000015,5.51091059616309E-16,111.499999999998));
#10651=CARTESIAN_POINT('',(28.0000000000015,-5.51091059616309E-16,111.499999999998));
#10652=CARTESIAN_POINT('Origin',(23.5000000000015,2.16607724803269E-47,
111.499999999999));
#10653=CARTESIAN_POINT('Origin',(-16.6170093578823,16.6170093578839,111.500000000001));
#10654=CARTESIAN_POINT('',(-15.1170093578822,16.6170093578839,113.500000000001));
#10655=CARTESIAN_POINT('Origin',(-16.6170093578822,16.6170093578839,113.500000000001));
#10656=CARTESIAN_POINT('',(-15.1170093578823,16.6170093578839,111.500000000001));
#10657=CARTESIAN_POINT('',(-15.1170093578823,16.6170093578839,111.500000000001));
#10658=CARTESIAN_POINT('Origin',(-16.6170093578823,16.6170093578839,111.500000000001));
#10659=CARTESIAN_POINT('Origin',(16.6170093578854,-16.6170093578839,111.499999999999));
#10660=CARTESIAN_POINT('',(18.1170093578855,-16.6170093578839,113.499999999999));
#10661=CARTESIAN_POINT('Origin',(16.6170093578855,-16.6170093578839,113.499999999999));
#10662=CARTESIAN_POINT('',(18.1170093578854,-16.6170093578839,111.499999999999));
#10663=CARTESIAN_POINT('',(18.1170093578854,-16.6170093578839,111.499999999999));
#10664=CARTESIAN_POINT('Origin',(16.6170093578854,-16.6170093578839,111.499999999999));
#10665=CARTESIAN_POINT('Origin',(-4.05054847687732E-13,2.16607724803269E-47,
80.3000000000001));
#10666=CARTESIAN_POINT('',(30.5000000000015,-3.73517273739943E-15,111.499999999998));
#10667=CARTESIAN_POINT('Origin',(1.53868555903658E-12,2.16607724803269E-47,
111.5));
#10668=CARTESIAN_POINT('',(30.5000000000017,3.73517273739943E-15,113.499999999998));
#10669=CARTESIAN_POINT('',(30.4999999999996,3.73517273739943E-15,80.2999999999982));
#10670=CARTESIAN_POINT('Origin',(1.66328430305736E-12,2.16607724803269E-47,
113.5));
#10671=CARTESIAN_POINT('Origin',(6.9495586715365E-12,-3.94430452610506E-30,
111.5));
#10672=CARTESIAN_POINT('Origin',(7.07390365029451E-12,-3.94430452610506E-30,
113.5));
#10673=CARTESIAN_POINT('',(0.,0.,0.));
#10674=CARTESIAN_POINT('Origin',(7.13607613967352E-12,-3.94430452610506E-30,
114.5));
#10675=CARTESIAN_POINT('',(30.5000000000017,3.73517273739943E-15,114.499999999998));
#10676=CARTESIAN_POINT('Origin',(1.72558367506776E-12,2.16607724803269E-47,
114.5));
#10677=CARTESIAN_POINT('',(-12.9999999999859,-1.59204083889156E-15,114.500000000001));
#10678=CARTESIAN_POINT('Origin',(1.41164926970028E-11,-1.08544537651418E-45,
114.5));
#10679=CARTESIAN_POINT('',(-15.11700935788,-16.617009357886,114.500000000001));
#10680=CARTESIAN_POINT('Origin',(-16.61700935788,-16.617009357886,114.500000000001));
#10681=CARTESIAN_POINT('',(18.1170093578856,16.6170093578839,114.499999999999));
#10682=CARTESIAN_POINT('Origin',(16.6170093578856,16.6170093578839,114.499999999999));
#10683=CARTESIAN_POINT('',(4.50000000000601,23.5000003501773,114.5));
#10684=CARTESIAN_POINT('Origin',(6.01438485322397E-12,23.5000003501773,
114.5));
#10685=CARTESIAN_POINT('',(4.50000000000173,-23.5,114.5));
#10686=CARTESIAN_POINT('Origin',(1.72566932084395E-12,-23.5,114.5));
#10687=CARTESIAN_POINT('',(-18.9999999999983,-5.51091059616309E-16,114.500000000001));
#10688=CARTESIAN_POINT('Origin',(-23.4999999999983,2.16607724803269E-47,
114.500000000002));
#10689=CARTESIAN_POINT('',(28.0000000000017,-5.51091059616309E-16,114.499999999998));
#10690=CARTESIAN_POINT('Origin',(23.5000000000017,2.16607724803269E-47,
114.499999999999));
#10691=CARTESIAN_POINT('',(-15.1170093578821,16.6170093578839,114.500000000001));
#10692=CARTESIAN_POINT('Origin',(-16.6170093578821,16.6170093578839,114.500000000001));
#10693=CARTESIAN_POINT('',(18.1170093578856,-16.6170093578839,114.499999999999));
#10694=CARTESIAN_POINT('Origin',(16.6170093578856,-16.6170093578839,114.499999999999));
#10695=CARTESIAN_POINT('Origin',(1.42408376757608E-11,-1.08544537651418E-45,
116.5));
#10696=CARTESIAN_POINT('',(-12.999999999986,-1.59204083889156E-15,112.500000000001));
#10697=CARTESIAN_POINT('',(-12.9999999999858,1.59204083889156E-15,116.500000000001));
#10698=CARTESIAN_POINT('Origin',(1.39921477182447E-11,-1.08544537651418E-45,
112.5));
#10699=CARTESIAN_POINT('Origin',(1.39922862583713E-11,-1.22985050802097E-45,
112.5));
#10700=CARTESIAN_POINT('',(-10.999999999986,-1.34711147906209E-15,112.500000000001));
#10701=CARTESIAN_POINT('Origin',(1.39921477182447E-11,-1.08544537651418E-45,
112.5));
#10702=CARTESIAN_POINT('Origin',(1.40543202076238E-11,-1.08544537651418E-45,
113.5));
#10703=CARTESIAN_POINT('',(-10.9999999999861,-1.34711147906209E-15,111.500000000001));
#10704=CARTESIAN_POINT('',(-10.9999999999859,1.34711147906209E-15,113.500000000001));
#10705=CARTESIAN_POINT('Origin',(1.39299752288657E-11,-1.08544537651418E-45,
111.5));
#10706=CARTESIAN_POINT('Origin',(-16.6170093578802,-16.617009357886,111.500000000001));
#10707=CARTESIAN_POINT('',(-15.1170093578802,-16.617009357886,111.500000000001));
#10708=CARTESIAN_POINT('',(-15.1170093578802,-16.617009357886,111.500000000001));
#10709=CARTESIAN_POINT('Origin',(-16.6170093578802,-16.617009357886,111.500000000001));
#10710=CARTESIAN_POINT('Origin',(16.6170093578854,16.6170093578839,111.499999999999));
#10711=CARTESIAN_POINT('',(18.1170093578854,16.6170093578839,111.499999999999));
#10712=CARTESIAN_POINT('',(18.1170093578854,16.6170093578839,111.499999999999));
#10713=CARTESIAN_POINT('Origin',(16.6170093578854,16.6170093578839,111.499999999999));
#10714=CARTESIAN_POINT('Origin',(5.8274010914166E-12,23.5000003501773,111.5));
#10715=CARTESIAN_POINT('',(4.50000000000583,23.5000003501773,111.5));
#10716=CARTESIAN_POINT('',(4.50000000000583,23.5000003501773,111.5));
#10717=CARTESIAN_POINT('Origin',(5.8274010914166E-12,23.5000003501773,111.5));
#10718=CARTESIAN_POINT('Origin',(1.53868555903658E-12,-23.5,111.5));
#10719=CARTESIAN_POINT('',(4.50000000000154,-23.5,111.5));
#10720=CARTESIAN_POINT('',(4.50000000000154,-23.5,111.5));
#10721=CARTESIAN_POINT('Origin',(1.53868555903658E-12,-23.5,111.5));
#10722=CARTESIAN_POINT('Origin',(-23.4999999999985,2.16607724803269E-47,
111.500000000002));
#10723=CARTESIAN_POINT('',(-18.9999999999985,5.51091059616309E-16,111.500000000001));
#10724=CARTESIAN_POINT('',(-18.9999999999985,-5.51091059616309E-16,111.500000000001));
#10725=CARTESIAN_POINT('Origin',(-23.4999999999985,2.16607724803269E-47,
111.500000000002));
#10726=CARTESIAN_POINT('Origin',(23.5000000000015,2.16607724803269E-47,
111.499999999999));
#10727=CARTESIAN_POINT('',(28.0000000000015,5.51091059616309E-16,111.499999999998));
#10728=CARTESIAN_POINT('',(28.0000000000015,-5.51091059616309E-16,111.499999999998));
#10729=CARTESIAN_POINT('Origin',(23.5000000000015,2.16607724803269E-47,
111.499999999999));
#10730=CARTESIAN_POINT('Origin',(-16.6170093578823,16.6170093578839,111.500000000001));
#10731=CARTESIAN_POINT('',(-15.1170093578823,16.6170093578839,111.500000000001));
#10732=CARTESIAN_POINT('',(-15.1170093578823,16.6170093578839,111.500000000001));
#10733=CARTESIAN_POINT('Origin',(-16.6170093578823,16.6170093578839,111.500000000001));
#10734=CARTESIAN_POINT('Origin',(16.6170093578854,-16.6170093578839,111.499999999999));
#10735=CARTESIAN_POINT('',(18.1170093578854,-16.6170093578839,111.499999999999));
#10736=CARTESIAN_POINT('',(18.1170093578854,-16.6170093578839,111.499999999999));
#10737=CARTESIAN_POINT('Origin',(16.6170093578854,-16.6170093578839,111.499999999999));
#10738=CARTESIAN_POINT('Origin',(-4.05054847687732E-13,2.16607724803269E-47,
80.3000000000001));
#10739=CARTESIAN_POINT('',(30.5000000000015,-3.73517273739943E-15,111.499999999998));
#10740=CARTESIAN_POINT('Origin',(1.53868555903658E-12,2.16607724803269E-47,
111.5));
#10741=CARTESIAN_POINT('',(30.4999999999996,3.73517273739943E-15,80.2999999999982));
#10742=CARTESIAN_POINT('Origin',(6.94900356002418E-12,-3.94430452610506E-30,
111.5));
#10743=CARTESIAN_POINT('',(-1.0824119378583E-12,-4.44089209850063E-15,-15.8));
#10744=CARTESIAN_POINT('',(0.,-73.3,56.9999999999995));
#10745=CARTESIAN_POINT('',(1.05952746586909E-12,-4.44089209850063E-15,129.8));
#10746=CARTESIAN_POINT('',(0.,0.,-20.));
#10747=CARTESIAN_POINT('',(-1.28994037673635E-14,0.,58.5));
#10748=CARTESIAN_POINT('',(0.,0.,0.));
#10749=CARTESIAN_POINT('',(0.,0.,-18.));
#10750=CARTESIAN_POINT('',(0.,0.,-49.2));
#10751=CARTESIAN_POINT('',(0.,0.,-20.));
#10752=CARTESIAN_POINT('',(0.,0.,-39.5));
#10753=CARTESIAN_POINT('',(0.,0.,-43.7));
#10754=CARTESIAN_POINT('',(0.,0.,-21.7));
#10755=CARTESIAN_POINT('',(-7.8740094133708E-13,1.90095403160133E-12,2.4315467170798E-26));
#10756=CARTESIAN_POINT('',(0.,0.,-33.));
#10757=CARTESIAN_POINT('',(0.,0.,-31.));
#10758=CARTESIAN_POINT('Origin',(0.,0.,0.));
#10759=UNCERTAINTY_MEASURE_WITH_UNIT(LENGTH_MEASURE(0.01),#10793,
'DISTANCE_ACCURACY_VALUE',
'Maximum model space distance between geometric entities at asserted c
onnectivities');
#10760=UNCERTAINTY_MEASURE_WITH_UNIT(LENGTH_MEASURE(0.01),#10793,
'DISTANCE_ACCURACY_VALUE',
'Maximum model space distance between geometric entities at asserted c
onnectivities');
#10761=UNCERTAINTY_MEASURE_WITH_UNIT(LENGTH_MEASURE(0.01),#10793,
'DISTANCE_ACCURACY_VALUE',
'Maximum model space distance between geometric entities at asserted c
onnectivities');
#10762=UNCERTAINTY_MEASURE_WITH_UNIT(LENGTH_MEASURE(0.01),#10793,
'DISTANCE_ACCURACY_VALUE',
'Maximum model space distance between geometric entities at asserted c
onnectivities');
#10763=UNCERTAINTY_MEASURE_WITH_UNIT(LENGTH_MEASURE(0.01),#10793,
'DISTANCE_ACCURACY_VALUE',
'Maximum model space distance between geometric entities at asserted c
onnectivities');
#10764=UNCERTAINTY_MEASURE_WITH_UNIT(LENGTH_MEASURE(0.01),#10793,
'DISTANCE_ACCURACY_VALUE',
'Maximum model space distance between geometric entities at asserted c
onnectivities');
#10765=UNCERTAINTY_MEASURE_WITH_UNIT(LENGTH_MEASURE(0.01),#10793,
'DISTANCE_ACCURACY_VALUE',
'Maximum model space distance between geometric entities at asserted c
onnectivities');
#10766=UNCERTAINTY_MEASURE_WITH_UNIT(LENGTH_MEASURE(0.01),#10793,
'DISTANCE_ACCURACY_VALUE',
'Maximum model space distance between geometric entities at asserted c
onnectivities');
#10767=UNCERTAINTY_MEASURE_WITH_UNIT(LENGTH_MEASURE(0.01),#10793,
'DISTANCE_ACCURACY_VALUE',
'Maximum model space distance between geometric entities at asserted c
onnectivities');
#10768=UNCERTAINTY_MEASURE_WITH_UNIT(LENGTH_MEASURE(0.01),#10793,
'DISTANCE_ACCURACY_VALUE',
'Maximum model space distance between geometric entities at asserted c
onnectivities');
#10769=UNCERTAINTY_MEASURE_WITH_UNIT(LENGTH_MEASURE(0.01),#10793,
'DISTANCE_ACCURACY_VALUE',
'Maximum model space distance between geometric entities at asserted c
onnectivities');
#10770=UNCERTAINTY_MEASURE_WITH_UNIT(LENGTH_MEASURE(0.01),#10793,
'DISTANCE_ACCURACY_VALUE',
'Maximum model space distance between geometric entities at asserted c
onnectivities');
#10771=UNCERTAINTY_MEASURE_WITH_UNIT(LENGTH_MEASURE(0.01),#10793,
'DISTANCE_ACCURACY_VALUE',
'Maximum model space distance between geometric entities at asserted c
onnectivities');
#10772=UNCERTAINTY_MEASURE_WITH_UNIT(LENGTH_MEASURE(0.01),#10793,
'DISTANCE_ACCURACY_VALUE',
'Maximum model space distance between geometric entities at asserted c
onnectivities');
#10773=UNCERTAINTY_MEASURE_WITH_UNIT(LENGTH_MEASURE(0.01),#10793,
'DISTANCE_ACCURACY_VALUE',
'Maximum model space distance between geometric entities at asserted c
onnectivities');
#10774=UNCERTAINTY_MEASURE_WITH_UNIT(LENGTH_MEASURE(0.01),#10793,
'DISTANCE_ACCURACY_VALUE',
'Maximum model space distance between geometric entities at asserted c
onnectivities');
#10775=UNCERTAINTY_MEASURE_WITH_UNIT(LENGTH_MEASURE(0.01),#10793,
'DISTANCE_ACCURACY_VALUE',
'Maximum model space distance between geometric entities at asserted c
onnectivities');
#10776=(
GEOMETRIC_REPRESENTATION_CONTEXT(3)
GLOBAL_UNCERTAINTY_ASSIGNED_CONTEXT((#10759))
GLOBAL_UNIT_ASSIGNED_CONTEXT((#10793,#10795,#10796))
REPRESENTATION_CONTEXT('','3D')
);
#10777=(
GEOMETRIC_REPRESENTATION_CONTEXT(3)
GLOBAL_UNCERTAINTY_ASSIGNED_CONTEXT((#10760))
GLOBAL_UNIT_ASSIGNED_CONTEXT((#10793,#10795,#10796))
REPRESENTATION_CONTEXT('','3D')
);
#10778=(
GEOMETRIC_REPRESENTATION_CONTEXT(3)
GLOBAL_UNCERTAINTY_ASSIGNED_CONTEXT((#10761))
GLOBAL_UNIT_ASSIGNED_CONTEXT((#10793,#10795,#10796))
REPRESENTATION_CONTEXT('','3D')
);
#10779=(
GEOMETRIC_REPRESENTATION_CONTEXT(3)
GLOBAL_UNCERTAINTY_ASSIGNED_CONTEXT((#10762))
GLOBAL_UNIT_ASSIGNED_CONTEXT((#10793,#10795,#10796))
REPRESENTATION_CONTEXT('','3D')
);
#10780=(
GEOMETRIC_REPRESENTATION_CONTEXT(3)
GLOBAL_UNCERTAINTY_ASSIGNED_CONTEXT((#10763))
GLOBAL_UNIT_ASSIGNED_CONTEXT((#10793,#10795,#10796))
REPRESENTATION_CONTEXT('','3D')
);
#10781=(
GEOMETRIC_REPRESENTATION_CONTEXT(3)
GLOBAL_UNCERTAINTY_ASSIGNED_CONTEXT((#10764))
GLOBAL_UNIT_ASSIGNED_CONTEXT((#10793,#10795,#10796))
REPRESENTATION_CONTEXT('','3D')
);
#10782=(
GEOMETRIC_REPRESENTATION_CONTEXT(3)
GLOBAL_UNCERTAINTY_ASSIGNED_CONTEXT((#10765))
GLOBAL_UNIT_ASSIGNED_CONTEXT((#10793,#10795,#10796))
REPRESENTATION_CONTEXT('','3D')
);
#10783=(
GEOMETRIC_REPRESENTATION_CONTEXT(3)
GLOBAL_UNCERTAINTY_ASSIGNED_CONTEXT((#10766))
GLOBAL_UNIT_ASSIGNED_CONTEXT((#10793,#10795,#10796))
REPRESENTATION_CONTEXT('','3D')
);
#10784=(
GEOMETRIC_REPRESENTATION_CONTEXT(3)
GLOBAL_UNCERTAINTY_ASSIGNED_CONTEXT((#10767))
GLOBAL_UNIT_ASSIGNED_CONTEXT((#10793,#10795,#10796))
REPRESENTATION_CONTEXT('','3D')
);
#10785=(
GEOMETRIC_REPRESENTATION_CONTEXT(3)
GLOBAL_UNCERTAINTY_ASSIGNED_CONTEXT((#10768))
GLOBAL_UNIT_ASSIGNED_CONTEXT((#10793,#10795,#10796))
REPRESENTATION_CONTEXT('','3D')
);
#10786=(
GEOMETRIC_REPRESENTATION_CONTEXT(3)
GLOBAL_UNCERTAINTY_ASSIGNED_CONTEXT((#10769))
GLOBAL_UNIT_ASSIGNED_CONTEXT((#10793,#10795,#10796))
REPRESENTATION_CONTEXT('','3D')
);
#10787=(
GEOMETRIC_REPRESENTATION_CONTEXT(3)
GLOBAL_UNCERTAINTY_ASSIGNED_CONTEXT((#10770))
GLOBAL_UNIT_ASSIGNED_CONTEXT((#10793,#10795,#10796))
REPRESENTATION_CONTEXT('','3D')
);
#10788=(
GEOMETRIC_REPRESENTATION_CONTEXT(3)
GLOBAL_UNCERTAINTY_ASSIGNED_CONTEXT((#10771))
GLOBAL_UNIT_ASSIGNED_CONTEXT((#10793,#10795,#10796))
REPRESENTATION_CONTEXT('','3D')
);
#10789=(
GEOMETRIC_REPRESENTATION_CONTEXT(3)
GLOBAL_UNCERTAINTY_ASSIGNED_CONTEXT((#10772))
GLOBAL_UNIT_ASSIGNED_CONTEXT((#10793,#10795,#10796))
REPRESENTATION_CONTEXT('','3D')
);
#10790=(
GEOMETRIC_REPRESENTATION_CONTEXT(3)
GLOBAL_UNCERTAINTY_ASSIGNED_CONTEXT((#10773))
GLOBAL_UNIT_ASSIGNED_CONTEXT((#10793,#10795,#10796))
REPRESENTATION_CONTEXT('','3D')
);
#10791=(
GEOMETRIC_REPRESENTATION_CONTEXT(3)
GLOBAL_UNCERTAINTY_ASSIGNED_CONTEXT((#10774))
GLOBAL_UNIT_ASSIGNED_CONTEXT((#10793,#10795,#10796))
REPRESENTATION_CONTEXT('','3D')
);
#10792=(
GEOMETRIC_REPRESENTATION_CONTEXT(3)
GLOBAL_UNCERTAINTY_ASSIGNED_CONTEXT((#10775))
GLOBAL_UNIT_ASSIGNED_CONTEXT((#10793,#10795,#10796))
REPRESENTATION_CONTEXT('','3D')
);
#10793=(
LENGTH_UNIT()
NAMED_UNIT(*)
SI_UNIT(.MILLI.,.METRE.)
);
#10794=(
LENGTH_UNIT()
NAMED_UNIT(*)
SI_UNIT($,.METRE.)
);
#10795=(
NAMED_UNIT(*)
PLANE_ANGLE_UNIT()
SI_UNIT($,.RADIAN.)
);
#10796=(
NAMED_UNIT(*)
SI_UNIT($,.STERADIAN.)
SOLID_ANGLE_UNIT()
);
#10797=SHAPE_DEFINITION_REPRESENTATION(#10813,#10847);
#10798=SHAPE_DEFINITION_REPRESENTATION(#10814,#10848);
#10799=SHAPE_DEFINITION_REPRESENTATION(#10815,#10849);
#10800=SHAPE_DEFINITION_REPRESENTATION(#10816,#10850);
#10801=SHAPE_DEFINITION_REPRESENTATION(#10817,#10851);
#10802=SHAPE_DEFINITION_REPRESENTATION(#10818,#10852);
#10803=SHAPE_DEFINITION_REPRESENTATION(#10820,#10853);
#10804=SHAPE_DEFINITION_REPRESENTATION(#10821,#10854);
#10805=SHAPE_DEFINITION_REPRESENTATION(#10822,#10855);
#10806=SHAPE_DEFINITION_REPRESENTATION(#10825,#10856);
#10807=SHAPE_DEFINITION_REPRESENTATION(#10826,#10857);
#10808=SHAPE_DEFINITION_REPRESENTATION(#10827,#10858);
#10809=SHAPE_DEFINITION_REPRESENTATION(#10828,#10859);
#10810=SHAPE_DEFINITION_REPRESENTATION(#10829,#10860);
#10811=SHAPE_DEFINITION_REPRESENTATION(#10830,#10861);
#10812=SHAPE_DEFINITION_REPRESENTATION(#10831,#10862);
#10813=PRODUCT_DEFINITION_SHAPE('',$,#10864);
#10814=PRODUCT_DEFINITION_SHAPE('',$,#10865);
#10815=PRODUCT_DEFINITION_SHAPE('',$,#10866);
#10816=PRODUCT_DEFINITION_SHAPE('',$,#10867);
#10817=PRODUCT_DEFINITION_SHAPE('',$,#10868);
#10818=PRODUCT_DEFINITION_SHAPE('',$,#10869);
#10819=PRODUCT_DEFINITION_SHAPE($,$,#74);
#10820=PRODUCT_DEFINITION_SHAPE('',$,#10870);
#10821=PRODUCT_DEFINITION_SHAPE('',$,#10871);
#10822=PRODUCT_DEFINITION_SHAPE('',$,#10872);
#10823=PRODUCT_DEFINITION_SHAPE($,$,#75);
#10824=PRODUCT_DEFINITION_SHAPE($,$,#76);
#10825=PRODUCT_DEFINITION_SHAPE('',$,#10873);
#10826=PRODUCT_DEFINITION_SHAPE('',$,#10874);
#10827=PRODUCT_DEFINITION_SHAPE('',$,#10875);
#10828=PRODUCT_DEFINITION_SHAPE('',$,#10876);
#10829=PRODUCT_DEFINITION_SHAPE('',$,#10877);
#10830=PRODUCT_DEFINITION_SHAPE('',$,#10878);
#10831=PRODUCT_DEFINITION_SHAPE('',$,#10879);
#10832=PRODUCT_DEFINITION_SHAPE($,$,#77);
#10833=PRODUCT_DEFINITION_SHAPE($,$,#78);
#10834=PRODUCT_DEFINITION_SHAPE($,$,#79);
#10835=PRODUCT_DEFINITION_SHAPE($,$,#80);
#10836=PRODUCT_DEFINITION_SHAPE($,$,#81);
#10837=PRODUCT_DEFINITION_SHAPE($,$,#82);
#10838=PRODUCT_DEFINITION_SHAPE($,$,#83);
#10839=PRODUCT_DEFINITION_SHAPE($,$,#84);
#10840=PRODUCT_DEFINITION_SHAPE($,$,#85);
#10841=PRODUCT_DEFINITION_SHAPE($,$,#86);
#10842=PRODUCT_DEFINITION_SHAPE($,$,#87);
#10843=PRODUCT_DEFINITION_SHAPE($,$,#88);
#10844=PRODUCT_DEFINITION_SHAPE($,$,#89);
#10845=PRODUCT_DEFINITION_SHAPE($,$,#90);
#10846=PRODUCT_DEFINITION_SHAPE($,$,#91);
#10847=SHAPE_REPRESENTATION('',(#4645,#5182,#5183,#5184,#5185,#5186,#5187,
#5188,#5189,#5190,#5191,#5192,#5193,#5194,#5195,#5196),#10776);
#10848=SHAPE_REPRESENTATION('',(#4646),#10777);
#10849=SHAPE_REPRESENTATION('',(#4741),#10778);
#10850=SHAPE_REPRESENTATION('',(#4792),#10779);
#10851=SHAPE_REPRESENTATION('',(#4903,#4918),#10780);
#10852=SHAPE_REPRESENTATION('',(#4904),#10781);
#10853=SHAPE_REPRESENTATION('',(#4919,#5003,#5004),#10782);
#10854=SHAPE_REPRESENTATION('',(#4920),#10783);
#10855=SHAPE_REPRESENTATION('',(#4930),#10784);
#10856=SHAPE_REPRESENTATION('',(#5005),#10785);
#10857=SHAPE_REPRESENTATION('',(#5026),#10786);
#10858=SHAPE_REPRESENTATION('',(#5059),#10787);
#10859=SHAPE_REPRESENTATION('',(#5065),#10788);
#10860=SHAPE_REPRESENTATION('',(#5098),#10789);
#10861=SHAPE_REPRESENTATION('',(#5112),#10790);
#10862=SHAPE_REPRESENTATION('',(#5145),#10791);
#10863=PRODUCT_DEFINITION_CONTEXT('part definition',#10913,'design');
#10864=PRODUCT_DEFINITION('SpectroCube','SpectroCube',#10880,#10863);
#10865=PRODUCT_DEFINITION('VACOM_303423_ZL063016-316LNS',
'VACOM_303423_ZL063016-316LNS',#10881,#10863);
#10866=PRODUCT_DEFINITION('VACOM_300885_F63-304','VACOM_300885_F63-304',
#10882,#10863);
#10867=PRODUCT_DEFINITION('VACOM_303423_ZL063016-316LNS v1',
'VACOM_303423_ZL063016-316LNS v1',#10883,#10863);
#10868=PRODUCT_DEFINITION('CathodeRing','CathodeRing',#10884,#10863);
#10869=PRODUCT_DEFINITION('cathode','Cathode',#10885,#10863);
#10870=PRODUCT_DEFINITION('CollimatingLens','CollimatingLens',#10886,#10863);
#10871=PRODUCT_DEFINITION('Component1','Component1',#10887,#10863);
#10872=PRODUCT_DEFINITION('Component2','Component2',#10888,#10863);
#10873=PRODUCT_DEFINITION('Pillars','Pillars',#10889,#10863);
#10874=PRODUCT_DEFINITION('CollimatingLensHolder (1)',
'CollimatingLensHolder (1)',#10890,#10863);
#10875=PRODUCT_DEFINITION('AnodeWindow','AnodeWindow',#10891,#10863);
#10876=PRODUCT_DEFINITION('HolderRing','HolderRing',#10892,#10863);
#10877=PRODUCT_DEFINITION('ContactPCB','ContactPCB',#10893,#10863);
#10878=PRODUCT_DEFINITION('HolderRing-1inchCrystal (1)',
'HolderRing-1inchCrystal (1)',#10894,#10863);
#10879=PRODUCT_DEFINITION('HolderRing-1inchInset',
'HolderRing-1inchInset',#10895,#10863);
#10880=PRODUCT_DEFINITION_FORMATION('',$,#10915);
#10881=PRODUCT_DEFINITION_FORMATION('',$,#10916);
#10882=PRODUCT_DEFINITION_FORMATION('',$,#10917);
#10883=PRODUCT_DEFINITION_FORMATION('',$,#10918);
#10884=PRODUCT_DEFINITION_FORMATION('',$,#10919);
#10885=PRODUCT_DEFINITION_FORMATION('',$,#10920);
#10886=PRODUCT_DEFINITION_FORMATION('',$,#10921);
#10887=PRODUCT_DEFINITION_FORMATION('',$,#10922);
#10888=PRODUCT_DEFINITION_FORMATION('',$,#10923);
#10889=PRODUCT_DEFINITION_FORMATION('',$,#10924);
#10890=PRODUCT_DEFINITION_FORMATION('',$,#10925);
#10891=PRODUCT_DEFINITION_FORMATION('',$,#10926);
#10892=PRODUCT_DEFINITION_FORMATION('',$,#10927);
#10893=PRODUCT_DEFINITION_FORMATION('',$,#10928);
#10894=PRODUCT_DEFINITION_FORMATION('',$,#10929);
#10895=PRODUCT_DEFINITION_FORMATION('',$,#10930);
#10896=PRODUCT_RELATED_PRODUCT_CATEGORY('SpectroCube','SpectroCube',(#10915));
#10897=PRODUCT_RELATED_PRODUCT_CATEGORY('VACOM_303423_ZL063016-316LNS',
'VACOM_303423_ZL063016-316LNS',(#10916));
#10898=PRODUCT_RELATED_PRODUCT_CATEGORY('VACOM_300885_F63-304',
'VACOM_300885_F63-304',(#10917));
#10899=PRODUCT_RELATED_PRODUCT_CATEGORY(
'VACOM_303423_ZL063016-316LNS v1','VACOM_303423_ZL063016-316LNS v1',(#10918));
#10900=PRODUCT_RELATED_PRODUCT_CATEGORY('CathodeRing','CathodeRing',(#10919));
#10901=PRODUCT_RELATED_PRODUCT_CATEGORY('Cathode','Cathode',(#10920));
#10902=PRODUCT_RELATED_PRODUCT_CATEGORY('CollimatingLens',
'CollimatingLens',(#10921));
#10903=PRODUCT_RELATED_PRODUCT_CATEGORY('Component1','Component1',(#10922));
#10904=PRODUCT_RELATED_PRODUCT_CATEGORY('Component2','Component2',(#10923));
#10905=PRODUCT_RELATED_PRODUCT_CATEGORY('Pillars','Pillars',(#10924));
#10906=PRODUCT_RELATED_PRODUCT_CATEGORY('CollimatingLensHolder (1)',
'CollimatingLensHolder (1)',(#10925));
#10907=PRODUCT_RELATED_PRODUCT_CATEGORY('AnodeWindow','AnodeWindow',(#10926));
#10908=PRODUCT_RELATED_PRODUCT_CATEGORY('HolderRing','HolderRing',(#10927));
#10909=PRODUCT_RELATED_PRODUCT_CATEGORY('ContactPCB','ContactPCB',(#10928));
#10910=PRODUCT_RELATED_PRODUCT_CATEGORY('HolderRing-1inchCrystal (1)',
'HolderRing-1inchCrystal (1)',(#10929));
#10911=PRODUCT_RELATED_PRODUCT_CATEGORY('HolderRing-1inchInset',
'HolderRing-1inchInset',(#10930));
#10912=APPLICATION_PROTOCOL_DEFINITION('international standard',
'automotive_design',2009,#10913);
#10913=APPLICATION_CONTEXT(
'Core Data for Automotive Mechanical Design Process');
#10914=PRODUCT_CONTEXT('part definition',#10913,'mechanical');
#10915=PRODUCT('SpectroCube','SpectroCube',$,(#10914));
#10916=PRODUCT('VACOM_303423_ZL063016-316LNS',
'VACOM_303423_ZL063016-316LNS',$,(#10914));
#10917=PRODUCT('VACOM_300885_F63-304','VACOM_300885_F63-304',$,(#10914));
#10918=PRODUCT('VACOM_303423_ZL063016-316LNS v1',
'VACOM_303423_ZL063016-316LNS v1',$,(#10914));
#10919=PRODUCT('CathodeRing','CathodeRing',$,(#10914));
#10920=PRODUCT('cathode','Cathode',$,(#10914));
#10921=PRODUCT('CollimatingLens','CollimatingLens',$,(#10914));
#10922=PRODUCT('Component1','Component1',$,(#10914));
#10923=PRODUCT('Component2','Component2',$,(#10914));
#10924=PRODUCT('Pillars','Pillars',$,(#10914));
#10925=PRODUCT('CollimatingLensHolder (1)','CollimatingLensHolder (1)',
$,(#10914));
#10926=PRODUCT('AnodeWindow','AnodeWindow',$,(#10914));
#10927=PRODUCT('HolderRing','HolderRing',$,(#10914));
#10928=PRODUCT('ContactPCB','ContactPCB',$,(#10914));
#10929=PRODUCT('HolderRing-1inchCrystal (1)',
'HolderRing-1inchCrystal (1)',$,(#10914));
#10930=PRODUCT('HolderRing-1inchInset','HolderRing-1inchInset',$,(#10914));
#10931=PRESENTATION_STYLE_ASSIGNMENT((#10942));
#10932=PRESENTATION_STYLE_ASSIGNMENT((#10943));
#10933=PRESENTATION_STYLE_ASSIGNMENT((#10944));
#10934=PRESENTATION_STYLE_ASSIGNMENT((#10945));
#10935=PRESENTATION_STYLE_ASSIGNMENT((#10946));
#10936=PRESENTATION_STYLE_ASSIGNMENT((#10947));
#10937=PRESENTATION_STYLE_ASSIGNMENT((#10948));
#10938=PRESENTATION_STYLE_ASSIGNMENT((#10949));
#10939=PRESENTATION_STYLE_ASSIGNMENT((#10950));
#10940=PRESENTATION_STYLE_ASSIGNMENT((#10951));
#10941=PRESENTATION_STYLE_ASSIGNMENT((NULL_STYLE(.NULL.)));
#10942=SURFACE_STYLE_USAGE(.BOTH.,#10952);
#10943=SURFACE_STYLE_USAGE(.BOTH.,#10953);
#10944=SURFACE_STYLE_USAGE(.BOTH.,#10954);
#10945=SURFACE_STYLE_USAGE(.BOTH.,#10955);
#10946=SURFACE_STYLE_USAGE(.BOTH.,#10956);
#10947=SURFACE_STYLE_USAGE(.BOTH.,#10957);
#10948=SURFACE_STYLE_USAGE(.BOTH.,#10958);
#10949=SURFACE_STYLE_USAGE(.BOTH.,#10959);
#10950=SURFACE_STYLE_USAGE(.BOTH.,#10960);
#10951=SURFACE_STYLE_USAGE(.BOTH.,#10961);
#10952=SURFACE_SIDE_STYLE('',(#10962));
#10953=SURFACE_SIDE_STYLE('',(#10963));
#10954=SURFACE_SIDE_STYLE('',(#10964));
#10955=SURFACE_SIDE_STYLE('',(#10965));
#10956=SURFACE_SIDE_STYLE('',(#10966));
#10957=SURFACE_SIDE_STYLE('',(#10967));
#10958=SURFACE_SIDE_STYLE('',(#10968));
#10959=SURFACE_SIDE_STYLE('',(#10969));
#10960=SURFACE_SIDE_STYLE('',(#10970));
#10961=SURFACE_SIDE_STYLE('',(#10971));
#10962=SURFACE_STYLE_FILL_AREA(#10972);
#10963=SURFACE_STYLE_FILL_AREA(#10973);
#10964=SURFACE_STYLE_FILL_AREA(#10974);
#10965=SURFACE_STYLE_FILL_AREA(#10975);
#10966=SURFACE_STYLE_FILL_AREA(#10976);
#10967=SURFACE_STYLE_FILL_AREA(#10977);
#10968=SURFACE_STYLE_FILL_AREA(#10978);
#10969=SURFACE_STYLE_FILL_AREA(#10979);
#10970=SURFACE_STYLE_FILL_AREA(#10980);
#10971=SURFACE_STYLE_FILL_AREA(#10981);
#10972=FILL_AREA_STYLE('Glass (Grey)',(#10982));
#10973=FILL_AREA_STYLE('Steel - Satin',(#10983));
#10974=FILL_AREA_STYLE('Aluminum - Polished',(#10984));
#10975=FILL_AREA_STYLE('Glass (Clear)',(#10985));
#10976=FILL_AREA_STYLE('Aluminum - Anodized Glossy (Grey)',(#10986));
#10977=FILL_AREA_STYLE('Opaque(224,223,219)',(#10987));
#10978=FILL_AREA_STYLE('Opaque(163,163,169)',(#10988));
#10979=FILL_AREA_STYLE('PEEK',(#10989));
#10980=FILL_AREA_STYLE('Glass - Window',(#10990));
#10981=FILL_AREA_STYLE('Paint - Metallic (Green)',(#10991));
#10982=FILL_AREA_STYLE_COLOUR('Glass (Grey)',#10992);
#10983=FILL_AREA_STYLE_COLOUR('Steel - Satin',#10993);
#10984=FILL_AREA_STYLE_COLOUR('Aluminum - Polished',#10994);
#10985=FILL_AREA_STYLE_COLOUR('Glass (Clear)',#10995);
#10986=FILL_AREA_STYLE_COLOUR('Aluminum - Anodized Glossy (Grey)',#10996);
#10987=FILL_AREA_STYLE_COLOUR('Opaque(224,223,219)',#10997);
#10988=FILL_AREA_STYLE_COLOUR('Opaque(163,163,169)',#10998);
#10989=FILL_AREA_STYLE_COLOUR('PEEK',#10999);
#10990=FILL_AREA_STYLE_COLOUR('Glass - Window',#11000);
#10991=FILL_AREA_STYLE_COLOUR('Paint - Metallic (Green)',#11001);
#10992=COLOUR_RGB('Glass (Grey)',0.701960784313725,0.701960784313725,0.701960784313725);
#10993=COLOUR_RGB('Steel - Satin',0.627450980392157,0.627450980392157,0.627450980392157);
#10994=COLOUR_RGB('Aluminum - Polished',0.96078431372549,0.96078431372549,
0.964705882352941);
#10995=COLOUR_RGB('Glass (Clear)',0.964705882352941,0.964705882352941,0.952941176470588);
#10996=COLOUR_RGB('Aluminum - Anodized Glossy (Grey)',0.537254901960784,
0.537254901960784,0.537254901960784);
#10997=COLOUR_RGB('Opaque(224,223,219)',0.87843137254902,0.874509803921569,
0.858823529411765);
#10998=COLOUR_RGB('Opaque(163,163,169)',0.63921568627451,0.63921568627451,
0.662745098039216);
#10999=COLOUR_RGB('PEEK',0.6,0.509803921568627,0.368627450980392);
#11000=COLOUR_RGB('Glass - Window',0.423529411764706,0.768627450980392,
0.854901960784314);
#11001=COLOUR_RGB('Paint - Metallic (Green)',0.266666666666667,0.588235294117647,
0.282352941176471);
ENDSEC;
END-ISO-10303-21;
